mode	rep	relative_s	wakeup_lateness_ms	work_duration_ms
baseline	1	0.000000	0.080526	3.378456
baseline	1	0.020007	0.087603	3.344149
baseline	1	0.039995	0.075238	3.334777
baseline	1	0.059998	0.078345	9.947194
baseline	1	0.079996	0.076532	3.297881
baseline	1	0.099994	0.074322	1.697420
baseline	1	0.120026	0.106487	1.336552
baseline	1	0.139998	0.077966	2.599041
baseline	1	0.159991	0.071549	7.088230
baseline	1	0.179992	0.072020	1.472828
baseline	1	0.199994	0.074414	3.566764
baseline	1	0.219996	0.076452	3.029360
baseline	1	0.240087	0.167483	3.039272
baseline	1	0.260853	0.933473	8.117939
baseline	1	0.279998	0.077758	3.027245
baseline	1	0.300033	0.113492	1.853821
baseline	1	0.320029	0.109567	1.410191
baseline	1	0.340029	0.109570	1.412454
baseline	1	0.359998	0.078600	9.026469
baseline	1	0.380002	0.082009	3.127456
baseline	1	0.400002	0.082058	3.111502
baseline	1	0.419999	0.078671	3.404975
baseline	1	0.440425	0.504907	3.573553
baseline	1	0.459997	0.077096	9.145219
baseline	1	0.480035	0.114950	2.312416
baseline	1	0.500029	0.108660	1.634233
baseline	1	0.520009	0.089089	3.423988
baseline	1	0.539999	0.079530	3.238545
baseline	1	0.560001	0.080781	9.306021
baseline	1	0.580429	0.508651	4.349112
baseline	1	0.600006	0.085771	3.136007
baseline	1	0.620005	0.085161	6.445507
baseline	1	0.640006	0.086009	3.290528
baseline	1	0.660430	0.509761	8.006011
baseline	1	0.680181	0.261358	3.228864
baseline	1	0.699997	0.077569	2.251193
baseline	1	0.720426	0.505998	2.129691
baseline	1	0.740041	0.121389	2.631519
baseline	1	0.760500	0.579697	9.679828
baseline	1	0.780003	0.083177	9.654028
baseline	1	0.800035	0.114833	3.950325
baseline	1	0.820030	0.110491	1.655735
baseline	1	0.839997	0.076931	2.934491
baseline	1	0.859996	0.076120	7.914211
baseline	1	0.880029	0.109386	1.545896
baseline	1	0.899998	0.077979	2.782848
baseline	1	0.920000	0.079964	3.215947
baseline	1	0.940001	0.081067	2.791464
baseline	1	0.959998	0.078107	8.964847
baseline	1	0.979995	0.075415	2.898384
baseline	1	1.000000	0.080213	2.669247
baseline	1	1.019998	0.078187	2.657541
baseline	1	1.040000	0.080211	2.652396
baseline	1	1.067110	7.190050	1.384907
baseline	1	1.079991	0.070804	1.562337
baseline	1	1.099992	0.071718	1.449939
baseline	1	1.120030	0.109659	1.464002
baseline	1	1.140041	0.120921	3.417774
baseline	1	1.160007	0.087537	8.450810
baseline	1	1.179998	0.077794	3.330218
baseline	1	1.200000	0.079686	3.099962
baseline	1	1.219999	0.079350	3.300447
baseline	1	1.240001	0.081380	3.030028
baseline	1	1.260030	0.110589	7.163075
baseline	1	1.279994	0.073709	3.048358
baseline	1	1.299995	0.075066	3.061517
baseline	1	1.320001	0.081410	3.270436
baseline	1	1.339996	0.075997	3.002497
baseline	1	1.360022	0.102116	7.151490
baseline	1	1.379997	0.077606	2.997318
baseline	1	1.399995	0.075398	3.040227
baseline	1	1.419995	0.075115	3.017597
baseline	1	1.439995	0.074723	3.156056
baseline	1	1.459995	0.075493	8.795963
baseline	1	1.479997	0.077536	3.369777
baseline	1	1.499999	0.079243	3.367750
baseline	1	1.520000	0.080422	3.353843
baseline	1	1.540003	0.082974	3.342786
baseline	1	1.559998	0.078371	8.999486
baseline	1	1.579997	0.077516	3.346333
baseline	1	1.599997	0.077227	3.380839
baseline	1	1.619997	0.077393	3.308206
baseline	1	1.639995	0.075569	3.371220
baseline	1	1.659998	0.078346	9.095307
baseline	1	1.679999	0.079320	3.368708
baseline	1	1.699998	0.077840	3.334110
baseline	1	1.720000	0.080526	3.110691
baseline	1	1.740000	0.079742	3.097050
baseline	1	1.759998	0.077755	8.794116
baseline	1	1.779998	0.078402	2.920374
baseline	1	1.799995	0.075320	3.198935
baseline	1	1.819998	0.078159	3.382326
baseline	1	1.840041	0.121473	3.180767
baseline	1	1.860027	0.107335	7.092503
baseline	1	1.880040	0.120133	1.336195
baseline	1	1.900029	0.108796	1.331381
baseline	1	1.920027	0.107175	1.275143
baseline	1	1.940028	0.108347	1.364565
baseline	1	1.959999	0.079502	8.872369
baseline	1	1.979995	0.075206	3.251561
baseline	1	2.000000	0.079648	3.255129
baseline	1	2.019991	0.071025	3.265594
baseline	1	2.039991	0.071117	3.241139
baseline	1	2.059998	0.078453	8.860890
baseline	1	2.079990	0.069689	3.150058
baseline	1	2.099994	0.074257	3.070780
baseline	1	2.119995	0.075062	3.101718
baseline	1	2.139995	0.074920	3.066990
baseline	1	2.159995	0.075487	8.772046
baseline	1	2.179995	0.074687	3.121278
baseline	1	2.199995	0.075326	1.553029
baseline	1	2.219993	0.073400	1.417275
baseline	1	2.239996	0.075844	2.660042
baseline	1	2.260027	0.106652	1.288088
baseline	1	2.279994	0.074406	2.755343
baseline	1	2.299993	0.073005	2.739796
baseline	1	2.319998	0.078489	2.741567
baseline	1	2.339995	0.074962	2.727573
baseline	1	2.360033	0.113368	1.229009
baseline	1	2.379989	0.068983	2.632209
baseline	1	2.399992	0.072316	2.635800
baseline	1	2.420004	0.083721	2.665482
baseline	1	2.439991	0.071622	2.677785
baseline	1	2.460032	0.112344	1.235353
baseline	1	2.479996	0.076257	2.697129
baseline	1	2.499995	0.075423	2.652281
baseline	1	2.519993	0.072844	2.637393
baseline	1	2.539995	0.074883	2.641932
baseline	1	2.560036	0.116394	1.259201
baseline	1	2.579998	0.077696	2.664554
baseline	1	2.599995	0.074679	2.658331
baseline	1	2.619998	0.078092	2.645676
baseline	1	2.639996	0.075714	2.639202
baseline	1	2.660034	0.113676	1.230744
baseline	1	2.679994	0.074562	2.633267
baseline	1	2.699992	0.071809	2.628963
baseline	1	2.719991	0.070725	2.625618
baseline	1	2.739991	0.071146	2.537840
baseline	1	2.760028	0.108299	1.186631
baseline	1	2.779995	0.075061	2.543777
baseline	1	2.799998	0.078263	2.539623
baseline	1	2.819991	0.070916	2.532281
baseline	1	2.839988	0.067827	2.532353
baseline	1	2.860031	0.111304	1.276451
baseline	1	2.879997	0.077203	2.547920
baseline	1	2.899990	0.069944	2.549230
baseline	1	2.919995	0.075487	2.542108
baseline	1	2.940032	0.112368	1.184205
baseline	1	2.960003	0.082849	7.717564
baseline	1	2.980032	0.112290	1.186064
baseline	1	3.000031	0.110686	1.326614
baseline	1	3.020032	0.112571	1.218209
baseline	1	3.040026	0.106387	1.180657
baseline	1	3.060037	0.117569	1.184011
baseline	1	3.080034	0.113692	1.185454
baseline	1	3.100023	0.103375	1.183503
baseline	1	3.120023	0.103611	1.190369
baseline	1	3.140001	0.081329	2.305269
baseline	1	3.159995	0.075072	8.966538
baseline	1	3.179996	0.076301	2.720917
baseline	1	3.199996	0.075941	2.643459
baseline	1	3.219994	0.073886	2.629984
baseline	1	3.239991	0.070719	2.635819
baseline	1	3.260043	0.122943	1.243998
baseline	1	3.279994	0.074372	2.670548
baseline	1	3.299997	0.077171	2.671061
baseline	1	3.319995	0.075158	2.628363
baseline	1	3.339993	0.073191	2.633709
baseline	1	3.360034	0.114428	1.229281
baseline	1	3.380033	0.112956	1.236445
baseline	1	3.399999	0.079433	1.457775
baseline	1	3.419992	0.072509	2.673229
baseline	1	3.439995	0.075076	2.662165
baseline	1	3.459990	0.070618	1.277398
baseline	1	3.479993	0.073152	2.763157
baseline	1	3.499992	0.072526	2.787339
baseline	1	3.519993	0.073228	2.758123
baseline	1	3.539998	0.077817	2.748760
baseline	1	3.560031	0.110984	1.343865
baseline	1	3.580025	0.105186	1.480095
baseline	1	3.599994	0.074143	2.790412
baseline	1	3.619996	0.075896	2.777284
baseline	1	3.639997	0.076874	2.913051
baseline	1	3.660039	0.119331	7.493082
baseline	1	3.680000	0.079739	2.594552
baseline	1	3.699997	0.076799	2.521424
baseline	1	3.719998	0.078016	2.652077
baseline	1	3.739999	0.079345	2.625356
baseline	1	3.760002	0.082206	8.285505
baseline	1	3.779998	0.078592	2.621422
baseline	1	3.800002	0.081905	2.625915
baseline	1	3.819998	0.078416	2.630854
baseline	1	3.839998	0.078184	2.989805
baseline	1	3.860028	0.107801	7.235508
baseline	1	3.879997	0.076759	3.019848
baseline	1	3.899996	0.076163	2.979462
baseline	1	3.919996	0.075667	3.122409
baseline	1	3.939999	0.079173	2.721166
baseline	1	3.959998	0.078396	8.391007
baseline	1	3.980002	0.082571	2.781661
baseline	1	3.999999	0.079103	2.747860
baseline	1	4.019998	0.078287	2.744794
baseline	1	4.039997	0.076914	2.718440
baseline	1	4.060002	0.081739	8.530620
baseline	1	4.079997	0.076786	3.118227
baseline	1	4.099995	0.075368	3.116994
baseline	1	4.119995	0.074921	3.124711
baseline	1	4.140001	0.081072	3.607858
baseline	1	4.159997	0.077599	9.015616
baseline	1	4.179999	0.078793	3.229540
baseline	1	4.199997	0.076836	3.388952
baseline	1	4.220002	0.082002	3.463076
baseline	1	4.239995	0.074737	3.424088
baseline	1	4.260479	0.558819	1.509061
baseline	1	4.279994	0.074435	3.148950
baseline	1	4.299997	0.076896	3.162423
baseline	1	4.319999	0.079249	3.153181
baseline	1	4.339998	0.078262	3.151033
baseline	1	4.360008	0.088153	7.636197
baseline	1	4.380003	0.082805	3.147323
baseline	1	4.399999	0.078800	3.143856
baseline	1	4.419997	0.076643	3.116854
baseline	1	4.439994	0.074579	3.160680
baseline	1	4.459996	0.076211	7.702787
baseline	1	4.479995	0.075433	3.111737
baseline	1	4.499995	0.074949	3.102183
baseline	1	4.519995	0.074865	4.302629
baseline	1	4.540000	0.080620	3.104405
baseline	1	4.560047	0.126862	7.256617
baseline	1	4.579997	0.077152	3.127916
baseline	1	4.599995	0.074826	3.109695
baseline	1	4.619995	0.075255	2.977232
baseline	1	4.640001	0.081015	2.977682
baseline	1	4.660032	0.111891	7.114222
baseline	1	4.680000	0.080368	2.987674
baseline	1	4.699993	0.073217	2.991371
baseline	1	4.719992	0.072563	2.966179
baseline	1	4.739992	0.071729	2.979020
baseline	1	4.760039	0.119551	7.136573
baseline	1	4.779999	0.078680	2.867725
baseline	1	4.799998	0.077850	2.866252
baseline	1	4.819992	0.072031	2.888002
baseline	1	4.839992	0.071773	2.942587
baseline	1	4.859995	0.075169	7.125796
baseline	1	4.879994	0.074000	3.000799
baseline	1	4.899994	0.074482	3.018632
baseline	1	4.919994	0.073909	2.987201
baseline	1	4.940031	0.110714	1.403105
baseline	1	4.960001	0.080742	8.853765
baseline	1	4.980028	0.108291	1.428516
baseline	1	5.000033	0.112794	2.540419
baseline	1	5.020001	0.081468	3.085102
baseline	1	5.040044	0.124491	1.424783
baseline	1	5.060033	0.113336	7.389851
baseline	1	5.080009	0.089484	1.873374
baseline	1	5.100030	0.109831	1.344427
baseline	1	5.120031	0.111612	1.340987
baseline	1	5.140032	0.111939	1.345570
baseline	1	5.159996	0.076018	8.282865
baseline	1	5.180005	0.084644	2.508530
baseline	1	5.200000	0.080280	2.494329
baseline	1	5.220031	0.111577	1.408877
baseline	1	5.239992	0.071773	4.104398
baseline	1	5.262436	2.516446	8.261746
baseline	1	5.280006	0.086142	3.203876
baseline	1	5.303428	3.508312	3.077575
baseline	1	5.320032	0.111832	1.421561
baseline	1	5.340038	0.118547	1.435753
baseline	1	5.360047	0.126771	7.326340
baseline	1	5.380038	0.118271	3.529736
baseline	1	5.400003	0.083531	3.488124
baseline	1	5.419995	0.075470	3.498292
baseline	1	5.439999	0.079410	3.512667
baseline	1	5.460033	0.113459	7.154796
baseline	1	5.479997	0.077303	2.648081
baseline	1	5.500001	0.080898	2.860251
baseline	1	5.519996	0.076395	2.820631
baseline	1	5.540027	0.107024	1.472418
baseline	1	5.560034	0.113656	7.162074
baseline	1	5.580019	0.098975	3.491538
baseline	1	5.599995	0.075186	3.405948
baseline	1	5.619996	0.076592	3.390116
baseline	1	5.639996	0.076446	3.386960
baseline	1	5.659997	0.076961	9.032433
baseline	1	5.679997	0.077480	3.333440
baseline	1	5.700000	0.079811	3.383162
baseline	1	5.719998	0.077808	3.371736
baseline	1	5.739997	0.077219	3.390888
baseline	1	5.759999	0.078829	8.991898
baseline	1	5.779993	0.072807	2.808202
baseline	1	5.799998	0.078190	2.523869
baseline	1	5.819998	0.077785	2.569745
baseline	1	5.839998	0.077759	2.562490
baseline	1	5.860032	0.112231	7.132482
baseline	1	5.880029	0.109152	1.337025
baseline	1	5.900027	0.106852	1.343138
baseline	1	5.920036	0.115832	1.341466
baseline	1	5.940037	0.117171	1.338435
baseline	1	5.960046	0.125664	1.343642
baseline	1	5.980028	0.108521	1.429395
baseline	1	5.999995	0.075157	1.450151
baseline	1	6.020016	0.096587	1.609750
baseline	1	6.040034	0.114517	1.951565
baseline	1	6.060026	0.106242	1.344088
baseline	1	6.080026	0.106010	1.727721
baseline	1	6.099994	0.073725	1.474844
baseline	1	6.119994	0.074487	1.490685
baseline	1	6.140033	0.113362	1.464137
baseline	1	6.167067	7.147534	1.758863
baseline	1	6.180022	0.102081	1.731549
baseline	1	6.199993	0.073400	1.586865
baseline	1	6.220029	0.109448	1.494887
baseline	1	6.240002	0.081827	2.609722
baseline	1	6.267091	7.171291	2.674417
baseline	1	6.280432	0.512062	3.011365
baseline	1	6.300002	0.082453	3.527887
baseline	1	6.320001	0.081225	1.460956
baseline	1	6.340033	0.113489	1.512996
baseline	1	6.359994	0.074170	7.145589
baseline	1	6.379997	0.077043	1.581796
baseline	1	6.399992	0.072214	1.631000
baseline	1	6.419995	0.074972	1.591406
baseline	1	6.439997	0.077313	1.509069
baseline	1	6.460032	0.112295	7.131444
baseline	1	6.480037	0.117186	1.529593
baseline	1	6.499989	0.069345	2.483700
baseline	1	6.520039	0.119538	1.406128
baseline	1	6.540031	0.111242	1.473530
baseline	1	6.560032	0.112324	7.153815
baseline	1	6.579996	0.076039	2.597582
baseline	1	6.600041	0.121056	1.336830
baseline	1	6.620036	0.115827	1.333916
baseline	1	6.640038	0.118188	1.405749
baseline	1	6.660034	0.114613	1.337339
baseline	1	6.680032	0.112167	1.395891
baseline	1	6.700030	0.110438	1.332751
baseline	1	6.720031	0.111181	1.451756
baseline	1	6.740025	0.105191	1.366010
baseline	1	6.760030	0.110346	7.198178
baseline	1	6.780035	0.115503	1.302103
baseline	1	6.800037	0.116941	1.305464
baseline	1	6.820025	0.105266	1.411784
baseline	1	6.839997	0.076799	2.935362
baseline	1	6.860034	0.113672	7.945470
baseline	1	6.879996	0.076550	2.931149
baseline	1	6.899992	0.072424	2.947477
baseline	1	6.920429	0.509321	5.188579
baseline	1	6.940000	0.079656	3.033019
baseline	1	6.960001	0.081480	8.943884
baseline	1	6.980516	0.596534	3.145732
baseline	1	7.000003	0.082974	3.455265
baseline	1	7.020000	0.080574	3.418947
baseline	1	7.040002	0.082245	3.422005
baseline	1	7.060000	0.080283	9.083806
baseline	1	7.080003	0.083194	3.443065
baseline	1	7.099999	0.079160	3.428089
baseline	1	7.119999	0.078638	3.416353
baseline	1	7.140000	0.079941	3.269649
baseline	1	7.160030	0.110103	7.224337
baseline	1	7.179995	0.075195	3.079443
baseline	1	7.199995	0.075179	3.015087
baseline	1	7.220003	0.082672	3.283394
baseline	1	7.239999	0.079548	3.257925
baseline	1	7.260001	0.081498	8.942318
baseline	1	7.280001	0.081166	3.259962
baseline	1	7.299998	0.078532	3.309108
baseline	1	7.320001	0.080658	3.275122
baseline	1	7.339999	0.079126	3.278284
baseline	1	7.359999	0.078884	8.935972
baseline	1	7.380003	0.082919	3.284051
baseline	1	7.400001	0.081612	3.288616
baseline	1	7.420000	0.080481	3.203580
baseline	1	7.440000	0.079868	3.176246
baseline	1	7.459997	0.076685	8.672370
baseline	1	7.480002	0.082266	2.690629
baseline	1	7.499996	0.075653	3.159904
baseline	1	7.519999	0.079062	3.188856
baseline	1	7.539996	0.075644	3.179064
baseline	1	7.560004	0.083994	8.845735
baseline	1	7.580000	0.080488	3.240938
baseline	1	7.599995	0.075622	3.222383
baseline	1	7.620001	0.081623	3.154570
baseline	1	7.639998	0.077824	3.207407
baseline	1	7.660001	0.081554	8.694291
baseline	1	7.679999	0.078944	2.954951
baseline	1	7.700001	0.081552	3.162494
baseline	1	7.720004	0.084546	3.022529
baseline	1	7.739999	0.079154	3.022091
baseline	1	7.760003	0.083443	8.689223
baseline	1	7.780004	0.084065	3.013422
baseline	1	7.800005	0.085567	3.015891
baseline	1	7.819999	0.079055	3.069497
baseline	1	7.839998	0.078483	3.159450
baseline	1	7.860004	0.084242	8.870245
baseline	1	7.880000	0.080584	2.872627
baseline	1	7.899993	0.072828	2.743472
baseline	1	7.922430	2.509783	2.806698
baseline	1	7.940001	0.080658	2.900300
baseline	1	7.960346	0.425891	8.495727
baseline	1	7.980005	0.084703	2.912786
baseline	1	8.000006	0.086087	3.029730
baseline	1	8.020425	0.505370	3.451498
baseline	1	8.039995	0.075282	3.054285
baseline	1	8.063426	3.506554	6.189292
baseline	1	8.079998	0.078006	3.061780
baseline	1	8.099995	0.075086	2.780528
baseline	1	8.120035	0.115186	1.411263
baseline	1	8.139998	0.077826	3.007764
baseline	1	8.160032	0.111794	7.143950
baseline	1	8.179996	0.076603	3.110418
baseline	1	8.199997	0.077185	3.018604
baseline	1	8.219995	0.075111	2.976837
baseline	1	8.239992	0.071988	2.976437
baseline	1	8.260032	0.112029	7.115963
baseline	1	8.279995	0.075592	3.009355
baseline	1	8.299992	0.072608	1.721081
baseline	1	8.320030	0.109658	1.414962
baseline	1	8.340034	0.113797	1.396964
baseline	1	8.360039	0.119027	7.137927
baseline	1	8.380034	0.114412	1.438121
baseline	1	8.400034	0.114505	1.410862
baseline	1	8.420039	0.119422	1.334691
baseline	1	8.440024	0.104501	1.334068
baseline	1	8.460024	0.104034	1.335419
baseline	1	8.480036	0.116387	1.425583
baseline	1	8.500001	0.081119	1.980852
baseline	1	8.520039	0.119589	1.467553
baseline	1	8.540037	0.117025	1.364274
baseline	1	8.560039	0.118716	7.391316
baseline	1	8.580035	0.115531	1.433221
baseline	1	8.600029	0.109526	1.334646
baseline	1	8.620041	0.120734	1.478789
baseline	1	8.639999	0.079627	1.359933
baseline	1	8.660030	0.110472	8.781615
baseline	1	8.680002	0.082352	1.412841
baseline	1	8.700035	0.115536	1.427451
baseline	1	8.720031	0.110916	1.327470
baseline	1	8.740029	0.108964	2.665940
baseline	1	8.760035	0.115047	1.351129
baseline	1	8.780011	0.091130	2.884580
baseline	1	8.799995	0.075526	2.850246
baseline	1	8.819992	0.071898	2.845289
baseline	1	8.839992	0.072210	2.835606
baseline	1	8.860033	0.112842	1.328011
baseline	1	8.879997	0.077317	2.857283
baseline	1	8.899998	0.078296	2.839821
baseline	1	8.920000	0.080208	2.858451
baseline	1	8.939995	0.075457	2.918714
baseline	1	8.960033	0.113151	1.337838
baseline	1	8.979992	0.072334	1.542801
baseline	1	8.999990	0.070263	2.294182
baseline	1	9.019998	0.078102	2.967906
baseline	1	9.040000	0.080489	2.754758
baseline	1	9.059998	0.078268	8.147063
baseline	1	9.079992	0.072124	2.803700
baseline	1	9.099998	0.078443	2.542924
baseline	1	9.119998	0.078406	2.567166
baseline	1	9.139995	0.074678	2.548635
baseline	1	9.160002	0.081837	8.499871
baseline	1	9.179999	0.079150	2.661872
baseline	1	9.199993	0.073252	1.795725
baseline	1	9.220020	0.099915	1.430832
baseline	1	9.240373	0.453119	2.668020
baseline	1	9.260001	0.081442	7.765921
baseline	1	9.280424	0.503660	1.911708
baseline	1	9.299996	0.076044	3.310841
baseline	1	9.319997	0.077002	2.830343
baseline	1	9.339999	0.079509	2.812796
baseline	1	9.360002	0.082351	8.437310
baseline	1	9.379999	0.078660	2.767511
baseline	1	9.399998	0.078360	2.780334
baseline	1	9.419999	0.079221	2.715285
baseline	1	9.439996	0.075876	2.745115
baseline	1	9.459999	0.079293	8.443984
baseline	1	9.479993	0.073308	2.778132
baseline	1	9.499998	0.078330	2.713397
baseline	1	9.519998	0.077993	2.783186
baseline	1	9.539994	0.073768	2.707143
baseline	1	9.559997	0.077543	8.461711
baseline	1	9.579998	0.078256	2.797979
baseline	1	9.599999	0.079112	2.786740
baseline	1	9.620031	0.110999	1.490782
baseline	1	9.639997	0.077305	1.713938
baseline	1	9.659997	0.076689	8.487406
baseline	1	9.680004	0.084347	2.202706
baseline	1	9.700000	0.080387	1.663499
baseline	1	9.720002	0.082304	2.510611
baseline	1	9.740033	0.112852	1.385312
baseline	1	9.760034	0.114451	7.077461
baseline	1	9.780032	0.112518	1.321722
baseline	1	9.800002	0.081935	3.055547
baseline	1	9.820001	0.081425	2.491122
baseline	1	9.841348	1.428046	3.286348
baseline	1	9.867085	7.165343	1.512357
baseline	1	9.880029	0.108716	1.424097
baseline	1	9.900249	0.329278	1.542579
baseline	1	9.919999	0.079516	1.953674
baseline	1	9.940036	0.116274	1.393944
baseline	1	9.960033	0.113261	7.088238
baseline	1	9.980029	0.109579	1.527188
baseline	1	9.999998	0.078192	2.665711
baseline	1	10.019998	0.077791	2.680476
baseline	1	10.039992	0.071916	1.623364
baseline	1	10.059996	0.076442	8.304065
baseline	1	10.079998	0.078393	2.687551
baseline	1	10.099997	0.077003	2.666516
baseline	1	10.119999	0.078851	2.693689
baseline	1	10.139998	0.078255	3.235645
baseline	1	10.160001	0.080879	8.943705
baseline	1	10.180001	0.080783	3.306543
baseline	1	10.199999	0.078848	3.226560
baseline	1	10.219998	0.077949	3.030073
baseline	1	10.239995	0.074686	3.003591
baseline	1	10.260030	0.109929	7.137391
baseline	1	10.279995	0.074787	3.214151
baseline	1	10.300027	0.107571	3.515563
baseline	1	10.320832	0.911692	3.147255
baseline	1	10.341107	1.186689	3.167085
baseline	1	10.360004	0.084246	8.578768
baseline	1	10.379995	0.074745	3.241844
baseline	1	10.399996	0.075640	3.157045
baseline	1	10.419998	0.077678	3.206322
baseline	1	10.439997	0.077558	3.156533
baseline	1	10.460033	0.113111	7.904176
baseline	1	10.479999	0.079357	3.129079
baseline	1	10.500004	0.084493	3.150126
baseline	1	10.520004	0.084091	3.175253
baseline	1	10.539995	0.075110	3.138181
baseline	1	10.560030	0.110347	7.204915
baseline	1	10.579996	0.076410	3.145204
baseline	1	10.599999	0.078673	3.126799
baseline	1	10.619997	0.076708	3.113862
baseline	1	10.639996	0.076449	3.122283
baseline	1	10.659994	0.074401	8.978385
baseline	1	10.680002	0.082212	3.130195
baseline	1	10.699999	0.079424	3.110080
baseline	1	10.719995	0.075466	3.117917
baseline	1	10.739995	0.075598	2.973574
baseline	1	10.760047	0.126923	7.125141
baseline	1	10.779993	0.073062	2.990868
baseline	1	10.799998	0.078547	2.970422
baseline	1	10.819995	0.075098	2.998034
baseline	1	10.839994	0.073754	2.977780
baseline	1	10.860034	0.114139	7.109935
baseline	1	10.879998	0.078524	2.986353
baseline	1	10.899994	0.074016	2.856479
baseline	1	10.919994	0.074136	2.867838
baseline	1	10.939991	0.071403	2.855412
baseline	1	10.960007	0.086748	8.803182
baseline	1	10.979998	0.078492	3.141399
baseline	1	11.000001	0.081466	3.196825
baseline	1	11.020000	0.079671	3.077214
baseline	1	11.039992	0.072227	3.059551
baseline	1	11.060027	0.107313	7.156247
baseline	1	11.079996	0.075746	3.026815
baseline	1	11.099994	0.074593	2.990942
baseline	1	11.119994	0.074453	2.981065
baseline	1	11.139998	0.078252	3.002097
baseline	1	11.160032	0.112211	7.117201
baseline	1	11.179998	0.078187	3.022914
baseline	1	11.199993	0.073032	3.017710
baseline	1	11.219995	0.075101	2.995235
baseline	1	11.239996	0.075677	2.982167
baseline	1	11.260030	0.109981	7.204913
baseline	1	11.279994	0.074272	3.046875
baseline	1	11.299999	0.078833	3.278554
baseline	1	11.319999	0.079309	3.269702
baseline	1	11.340000	0.080224	3.289157
baseline	1	11.360029	0.109249	7.219087
baseline	1	11.379995	0.075464	3.051069
baseline	1	11.400010	0.090215	3.110597
baseline	1	11.420002	0.082607	3.318253
baseline	1	11.439998	0.078624	2.024073
baseline	1	11.459994	0.074530	8.868621
baseline	1	11.480003	0.082697	3.326758
baseline	1	11.499998	0.078338	2.998650
baseline	1	11.519996	0.076290	3.005150
baseline	1	11.539996	0.075672	2.997667
baseline	1	11.559996	0.076357	7.154082
baseline	1	11.579997	0.077029	3.004215
baseline	1	11.599998	0.078014	2.993987
baseline	1	11.619995	0.074918	2.977835
baseline	1	11.639994	0.073740	2.971100
baseline	1	11.660032	0.112522	1.332715
baseline	1	11.679996	0.075844	2.960857
baseline	1	11.699995	0.075003	2.856646
baseline	1	11.719994	0.073784	2.858345
baseline	1	11.740041	0.120637	1.464070
baseline	1	11.760033	0.113439	1.277260
baseline	1	11.780033	0.113015	1.311455
baseline	1	11.800032	0.112567	1.274928
baseline	1	11.820000	0.079831	2.604230
baseline	1	11.840032	0.112044	1.278273
baseline	1	11.860019	0.099565	1.227200
baseline	1	11.879993	0.073596	4.130461
baseline	1	11.900030	0.109858	1.238113
baseline	1	11.919988	0.067879	1.301626
baseline	1	11.939995	0.075484	2.539652
baseline	1	11.959993	0.073160	7.216855
baseline	1	11.979993	0.073092	1.430397
baseline	1	12.000019	0.099119	1.295464
baseline	1	12.019991	0.071133	1.685863
baseline	1	12.040026	0.105906	1.455197
baseline	1	12.060036	0.115695	7.121677
baseline	1	12.080006	0.086458	1.745282
baseline	1	12.100027	0.107472	1.381690
baseline	1	12.120033	0.113615	1.355883
baseline	1	12.139999	0.079317	2.464359
baseline	1	12.159993	0.072757	1.379061
baseline	1	12.180002	0.081659	2.483745
baseline	1	12.200004	0.084030	3.338164
baseline	1	12.219999	0.078753	2.573808
baseline	1	12.239998	0.077928	3.119601
baseline	1	12.260031	0.111277	7.145997
baseline	1	12.280454	0.534345	2.748372
baseline	1	12.300165	0.244884	1.727046
baseline	1	12.320001	0.081609	3.297723
baseline	1	12.340000	0.079990	3.447403
baseline	1	12.359999	0.079395	9.087871
baseline	1	12.380000	0.079954	3.515336
baseline	1	12.400004	0.084231	3.505175
baseline	1	12.420000	0.080109	3.538609
baseline	1	12.439999	0.078658	3.593319
baseline	1	12.459997	0.077352	9.196597
baseline	1	12.479997	0.077450	3.568245
baseline	1	12.499997	0.077251	3.557474
baseline	1	12.520003	0.083097	3.593675
baseline	1	12.539994	0.074327	3.556612
baseline	1	12.560004	0.084573	9.734034
baseline	1	12.580000	0.080041	3.214763
baseline	1	12.599993	0.073588	3.131684
baseline	1	12.619993	0.073608	3.171990
baseline	1	12.639997	0.077471	3.166907
baseline	1	12.660031	0.110931	7.135399
baseline	1	12.679998	0.077711	3.056130
baseline	1	12.699993	0.072756	2.988565
baseline	1	12.719993	0.073559	2.987655
baseline	1	12.739992	0.072304	2.980241
baseline	1	12.760026	0.106240	7.142526
baseline	1	12.779999	0.078750	2.992568
baseline	1	12.799995	0.075104	3.025986
baseline	1	12.819996	0.076125	3.032118
baseline	1	12.839996	0.075835	3.000752
baseline	1	12.867062	7.142108	3.593290
baseline	1	12.880043	0.122876	1.633255
baseline	1	12.900036	0.116468	1.595083
baseline	1	12.920037	0.116992	1.612421
baseline	1	12.940036	0.116191	1.514875
baseline	1	12.959996	0.076017	10.631079
baseline	1	12.980000	0.080124	2.665911
baseline	1	13.000001	0.080688	3.152469
baseline	1	13.019994	0.074613	3.233160
baseline	1	13.040000	0.080311	3.267419
baseline	1	13.060038	0.118482	7.302164
baseline	1	13.079998	0.078432	3.145770
baseline	1	13.099997	0.077194	3.144040
baseline	1	13.119997	0.077415	3.126581
baseline	1	13.139993	0.073284	3.143806
baseline	1	13.160028	0.108556	8.463948
baseline	1	13.179996	0.076511	3.181368
baseline	1	13.199992	0.072571	3.154581
baseline	1	13.220002	0.081791	3.147259
baseline	1	13.239993	0.072649	3.166976
baseline	1	13.260031	0.111097	10.627102
baseline	1	13.280426	0.505947	3.039505
baseline	1	13.299997	0.077598	2.918052
baseline	1	13.320034	0.113662	1.463993
baseline	1	13.339998	0.078081	3.387169
baseline	1	13.360000	0.079882	8.988423
baseline	1	13.380006	0.085869	3.245385
baseline	1	13.399999	0.078827	3.531826
baseline	1	13.420002	0.081941	3.239532
baseline	1	13.440003	0.082764	6.350651
baseline	1	13.467055	7.135527	6.432617
baseline	1	13.482428	2.507878	3.135983
baseline	1	13.500000	0.080356	3.104595
baseline	1	13.520003	0.083351	3.115807
baseline	1	13.540004	0.083667	3.409593
baseline	1	13.559998	0.077668	7.263148
baseline	1	13.580003	0.083205	3.218394
baseline	1	13.600425	0.505025	4.935216
baseline	1	13.620000	0.079752	3.113000
baseline	1	13.639997	0.076777	3.101818
baseline	1	13.660037	0.117153	7.258335
baseline	1	13.680014	0.094242	2.974028
baseline	1	13.699989	0.069424	2.959989
baseline	1	13.719991	0.071209	2.979606
baseline	1	13.739990	0.070066	2.844332
baseline	1	13.760018	0.097952	7.190194
baseline	1	13.779991	0.071270	2.853383
baseline	1	13.799989	0.068883	2.736140
baseline	1	13.819986	0.066195	2.741884
baseline	1	13.839997	0.076878	2.752828
baseline	1	13.860032	0.112476	1.283817
baseline	1	13.879996	0.075733	2.805292
baseline	1	13.899996	0.075828	2.754787
baseline	1	13.919990	0.069947	2.740501
baseline	1	13.939993	0.073100	2.767281
baseline	1	13.960026	0.106154	1.286252
baseline	1	13.980037	0.116776	1.559395
baseline	1	14.000030	0.109758	1.239896
baseline	1	14.020032	0.112180	1.234574
baseline	1	14.040027	0.106745	1.235607
baseline	1	14.060032	0.111738	7.069446
baseline	1	14.080023	0.102709	1.271540
baseline	1	14.100025	0.104778	1.235132
baseline	1	14.120031	0.111173	1.327977
baseline	1	14.140033	0.113242	1.226350
baseline	1	14.160030	0.110295	1.195438
baseline	1	14.180014	0.094076	1.408122
baseline	1	14.200028	0.108561	1.344648
baseline	1	14.220002	0.081741	2.971468
baseline	1	14.239999	0.079193	3.881857
baseline	1	14.260000	0.079674	1.287181
baseline	1	14.280002	0.082210	2.863134
baseline	1	14.300044	0.124240	1.287831
baseline	1	14.319991	0.071157	1.344564
baseline	1	14.340031	0.110870	1.351764
baseline	1	14.360037	0.117385	1.350032
baseline	1	14.380033	0.112687	1.349855
baseline	1	14.400036	0.116365	1.385240
baseline	1	14.420028	0.108020	1.349816
baseline	1	14.440040	0.119992	1.367311
baseline	1	14.460033	0.112702	7.310740
baseline	1	14.480031	0.110683	1.471506
baseline	1	14.500034	0.113733	1.352412
baseline	1	14.519999	0.078863	1.346894
baseline	1	14.540033	0.113480	1.479485
baseline	1	14.560033	0.113229	7.130135
baseline	1	14.580030	0.110040	1.550628
baseline	1	14.600029	0.109573	1.351632
baseline	1	14.620034	0.114202	1.508912
baseline	1	14.640036	0.115778	1.299721
baseline	1	14.660039	0.119387	1.303819
baseline	1	14.680046	0.126325	1.374037
baseline	1	14.700027	0.107070	1.477057
baseline	1	14.720036	0.116334	1.295522
baseline	1	14.740028	0.107956	1.296424
baseline	1	14.760027	0.107558	1.296114
baseline	1	14.780029	0.109201	1.359587
baseline	1	14.800031	0.111209	1.234821
baseline	1	14.820005	0.085427	2.923603
baseline	1	14.839999	0.078869	2.935940
baseline	1	14.860004	0.084235	8.581310
baseline	1	14.880000	0.080181	2.914491
baseline	1	14.900005	0.085485	3.036460
baseline	1	14.920004	0.083971	3.055810
baseline	1	14.940027	0.107344	1.354100
baseline	1	14.960003	0.082834	8.897407
baseline	1	14.980001	0.081205	4.670628
baseline	1	15.000001	0.080644	3.207389
baseline	1	15.020009	0.089531	1.461397
baseline	1	15.039998	0.077991	2.579174
baseline	1	15.060003	0.083335	8.480697
baseline	1	15.080002	0.082336	3.347521
baseline	1	15.100001	0.081273	3.344751
baseline	1	15.119998	0.078452	3.281297
baseline	1	15.140001	0.081205	3.324127
baseline	1	15.160034	0.114404	7.155634
baseline	1	15.180001	0.080826	3.287280
baseline	1	15.200001	0.081228	3.342121
baseline	1	15.220003	0.082829	3.367122
baseline	1	15.240007	0.086714	3.266012
baseline	1	15.260005	0.085451	9.102778
baseline	1	15.280002	0.082192	3.460748
baseline	1	15.301254	1.334117	3.438765
baseline	1	15.320000	0.079977	3.492578
baseline	1	15.340006	0.085698	3.449689
baseline	1	15.360033	0.113312	7.493787
baseline	1	15.379994	0.074592	3.160344
baseline	1	15.399994	0.073901	3.131396
baseline	1	15.419995	0.075288	3.164107
baseline	1	15.439995	0.074769	3.142651
baseline	1	15.459994	0.074404	7.478280
baseline	1	15.480001	0.080979	3.156454
baseline	1	15.499996	0.075894	3.137446
baseline	1	15.519995	0.074653	3.129940
baseline	1	15.539993	0.073082	3.125513
baseline	1	15.560035	0.115032	7.258741
baseline	1	15.579995	0.075236	3.129613
baseline	1	15.599995	0.075298	3.162044
baseline	1	15.619997	0.077049	3.147384
baseline	1	15.639997	0.077428	3.129206
baseline	1	15.667087	7.167498	1.500905
baseline	1	15.680002	0.082556	3.428993
baseline	1	15.700004	0.083933	3.421311
baseline	1	15.720000	0.079829	3.197719
baseline	1	15.740438	0.518245	3.559493
baseline	1	15.760000	0.080140	9.163621
baseline	1	15.780000	0.079960	1.933313
baseline	1	15.799996	0.076246	3.928272
baseline	1	15.819996	0.075981	3.900092
baseline	1	15.840030	0.110534	1.471021
baseline	1	15.860008	0.088117	8.849331
baseline	1	15.880000	0.079650	3.047428
baseline	1	15.899999	0.079561	3.453745
baseline	1	15.920004	0.083937	2.680105
baseline	1	15.939998	0.078387	3.086547
baseline	1	15.960006	0.086268	8.931269
baseline	1	15.980001	0.081477	3.083704
baseline	1	16.000036	0.116120	1.471118
baseline	1	16.019992	0.071657	1.475882
baseline	1	16.039998	0.078090	3.312252
baseline	1	16.060007	0.087132	9.028970
baseline	1	16.080368	0.448313	2.856243
baseline	1	16.100003	0.083256	3.455387
baseline	1	16.120002	0.082282	3.255012
baseline	1	16.140051	0.130832	1.955071
baseline	1	16.161432	1.512344	6.691611
baseline	1	16.180012	0.092018	3.405411
baseline	1	16.200011	0.091466	3.231075
baseline	1	16.220034	0.114383	1.618869
baseline	1	16.240000	0.080605	3.890768
baseline	1	16.260004	0.084048	8.944031
baseline	1	16.279996	0.076146	3.176138
baseline	1	16.300000	0.079702	2.932072
baseline	1	16.320031	0.110756	1.682159
baseline	1	16.340005	0.084891	1.720662
baseline	1	16.360036	0.116074	7.183454
baseline	1	16.379997	0.077018	1.486220
baseline	1	16.400038	0.118362	1.392205
baseline	1	16.420040	0.120073	1.396001
baseline	1	16.440039	0.118786	1.406167
baseline	1	16.460005	0.084816	7.818405
baseline	1	16.479995	0.075234	1.501733
baseline	1	16.500035	0.114730	1.392193
baseline	1	16.520037	0.117347	1.390844
baseline	1	16.540032	0.112625	1.400217
baseline	1	16.560004	0.083700	8.405020
baseline	1	16.580034	0.114047	1.331125
baseline	1	16.600040	0.120539	1.324886
baseline	1	16.620035	0.115340	1.325562
baseline	1	16.640035	0.115421	1.275031
baseline	1	16.660031	0.111055	1.271993
baseline	1	16.680034	0.113919	1.275783
baseline	1	16.700034	0.114165	1.276608
baseline	1	16.720035	0.115128	1.277098
baseline	1	16.740031	0.111463	1.224339
baseline	1	16.760029	0.108846	1.314651
baseline	1	16.780036	0.115740	1.237129
baseline	1	16.800033	0.113415	1.226842
baseline	1	16.820033	0.112712	1.231204
baseline	1	16.840031	0.110814	1.229738
baseline	1	16.860035	0.115292	1.225455
baseline	1	16.880030	0.110155	1.227384
baseline	1	16.900029	0.109093	1.224774
baseline	1	16.920029	0.109549	1.226783
baseline	1	16.940035	0.114982	1.226695
baseline	1	16.959993	0.073366	7.921941
baseline	1	16.979992	0.072185	2.271998
baseline	1	16.999999	0.078899	2.361702
baseline	1	17.020008	0.088424	2.564178
baseline	1	17.039998	0.078509	2.495943
baseline	1	17.060027	0.107112	1.283806
baseline	1	17.079998	0.077732	2.453356
baseline	1	17.099996	0.076578	1.359542
baseline	1	17.120028	0.108608	1.416581
baseline	1	17.140033	0.112834	1.510817
baseline	1	17.160002	0.081741	8.274323
baseline	1	17.180009	0.089240	2.652767
baseline	1	17.200000	0.079820	2.523945
baseline	1	17.219995	0.075282	2.688089
baseline	1	17.240002	0.082107	2.885552
baseline	1	17.260029	0.109267	7.451683
baseline	1	17.279992	0.072567	2.698726
baseline	1	17.299995	0.074680	2.209166
baseline	1	17.319999	0.079487	3.025504
baseline	1	17.339994	0.074076	3.014719
baseline	1	17.360028	0.107917	7.301226
baseline	1	17.379994	0.073953	3.003133
baseline	1	17.399993	0.072758	3.016028
baseline	1	17.419995	0.075169	3.022101
baseline	1	17.439994	0.074609	3.137742
baseline	1	17.460029	0.109336	7.261463
baseline	1	17.480045	0.125429	1.513626
baseline	1	17.500030	0.110302	2.230469
baseline	1	17.519993	0.072956	1.783184
baseline	1	17.539999	0.079237	3.145253
baseline	1	17.560033	0.113450	7.269065
baseline	1	17.579998	0.078636	3.130834
baseline	1	17.599998	0.078461	3.154558
baseline	1	17.619993	0.072640	2.979001
baseline	1	17.639993	0.073463	2.967362
baseline	1	17.660034	0.114370	7.145081
baseline	1	17.679991	0.070991	2.842801
baseline	1	17.699989	0.068899	2.836141
baseline	1	17.719991	0.070651	2.839232
baseline	1	17.739993	0.073261	2.840865
baseline	1	17.760034	0.114362	7.125620
baseline	1	17.779991	0.070948	2.731240
baseline	1	17.799992	0.071990	2.732134
baseline	1	17.819997	0.076796	2.802349
baseline	1	17.840000	0.079725	2.784383
baseline	1	17.860034	0.114056	1.276159
baseline	1	17.879994	0.073923	2.773558
baseline	1	17.899996	0.075748	2.744789
baseline	1	17.919994	0.074212	2.756285
baseline	1	17.939999	0.079316	2.744322
baseline	1	17.960031	0.110654	1.361241
baseline	1	17.980030	0.110398	1.862765
baseline	1	18.000026	0.106144	1.347949
baseline	1	18.020035	0.114672	1.328635
baseline	1	18.040031	0.111116	1.456221
baseline	1	18.060037	0.117480	7.207633
baseline	1	18.080041	0.121006	1.378089
baseline	1	18.100034	0.114220	1.394280
baseline	1	18.120039	0.119175	1.336269
baseline	1	18.140027	0.106853	1.331717
baseline	1	18.160000	0.079649	7.472800
baseline	1	18.179998	0.078316	2.896430
baseline	1	18.200003	0.083017	2.896738
baseline	1	18.220001	0.080845	2.862612
baseline	1	18.239997	0.076667	2.910788
baseline	1	18.260035	0.114873	1.352350
baseline	1	18.279996	0.076140	2.989706
baseline	1	18.299994	0.074504	3.009093
baseline	1	18.320000	0.080521	2.973193
baseline	1	18.340428	0.508206	6.264314
baseline	1	18.360008	0.088530	9.111812
baseline	1	18.380001	0.081598	3.002449
baseline	1	18.400002	0.082010	3.075061
baseline	1	18.420429	0.508743	6.170312
baseline	1	18.440005	0.085105	3.163183
baseline	1	18.460007	0.087057	9.265851
baseline	1	18.479999	0.079498	3.115638
baseline	1	18.501426	1.505807	3.133423
baseline	1	18.520007	0.087419	3.165332
baseline	1	18.539998	0.077673	3.144657
baseline	1	18.560030	0.109918	7.280622
baseline	1	18.579995	0.075167	3.128603
baseline	1	18.600000	0.080615	3.092801
baseline	1	18.620000	0.079900	3.101266
baseline	1	18.639994	0.074601	2.972395
baseline	1	18.660030	0.110590	7.108556
baseline	1	18.679995	0.075130	2.961160
baseline	1	18.699996	0.076298	2.945782
baseline	1	18.719994	0.074315	2.843839
baseline	1	18.739995	0.074928	2.847440
baseline	1	18.760040	0.120296	7.211925
baseline	1	18.779990	0.070553	2.749131
baseline	1	18.799995	0.075166	2.753329
baseline	1	18.819993	0.072859	2.773544
baseline	1	18.839993	0.073430	2.761155
baseline	1	18.860030	0.109857	7.234840
baseline	1	18.879991	0.070782	2.650546
baseline	1	18.899990	0.069984	2.653409
baseline	1	18.919994	0.074558	2.643021
baseline	1	18.939997	0.076642	2.647765
baseline	1	18.960028	0.108108	1.331124
baseline	1	18.980029	0.109438	1.243911
baseline	1	19.000025	0.105237	1.227564
baseline	1	19.020026	0.106093	1.231007
baseline	1	19.040037	0.117167	1.228369
baseline	1	19.060034	0.114112	1.229603
baseline	1	19.080024	0.104397	1.190631
baseline	1	19.100029	0.108770	1.186393
baseline	1	19.120033	0.113075	1.185671
baseline	1	19.139994	0.074486	1.199830
baseline	1	19.160011	0.091513	1.229690
baseline	1	19.180001	0.081292	2.129117
baseline	1	19.200002	0.082182	2.430203
baseline	1	19.219997	0.077156	2.445570
baseline	1	19.240007	0.087304	2.442985
baseline	1	19.259994	0.074256	8.053369
baseline	1	19.279997	0.077615	2.874614
baseline	1	19.299993	0.073088	2.891483
baseline	1	19.319996	0.076123	3.034481
baseline	1	19.339995	0.075539	3.318316
baseline	1	19.359997	0.076758	7.972812
baseline	1	19.379995	0.075300	1.446998
baseline	1	19.400000	0.080001	3.026411
baseline	1	19.419993	0.073104	2.989219
baseline	1	19.439996	0.075885	3.016268
baseline	1	19.461040	1.120498	7.930541
baseline	1	19.480282	0.361974	4.767885
baseline	1	19.500020	0.100469	1.525818
baseline	1	19.520034	0.114629	1.433369
baseline	1	19.540047	0.127634	1.460115
baseline	1	19.560024	0.103758	7.273947
baseline	1	19.579999	0.079600	2.582206
baseline	1	19.599998	0.078549	2.575169
baseline	1	19.619992	0.072200	2.682499
baseline	1	19.640000	0.080473	2.735540
baseline	1	19.660000	0.079875	8.121223
baseline	1	19.679996	0.076317	2.552246
baseline	1	19.699999	0.079289	2.592108
baseline	1	19.720002	0.082077	3.003218
baseline	1	19.740005	0.085227	3.167929
baseline	1	19.759997	0.076869	8.801758
baseline	1	19.779996	0.075779	3.055976
baseline	1	19.800003	0.083215	3.246056
baseline	1	19.819999	0.079480	2.994747
baseline	1	19.840000	0.080056	3.039997
baseline	1	19.859996	0.075988	8.792909
baseline	1	19.880004	0.083936	3.106034
baseline	1	19.899997	0.076679	2.937719
baseline	1	19.919996	0.076121	3.143604
baseline	1	19.939992	0.072167	3.141338
baseline	1	19.959995	0.074825	8.709695
router	1	0.000000	0.078620	1.225504
router	1	0.020000	0.078476	1.077467
router	1	0.039993	0.071647	1.178828
router	1	0.059993	0.071638	1.143754
router	1	0.079993	0.071454	1.141767
router	1	0.099996	0.074586	1.138865
router	1	0.120029	0.107753	1.079482
router	1	0.139991	0.070039	1.189174
router	1	0.159990	0.068401	1.108926
router	1	0.179988	0.067222	1.168657
router	1	0.200051	0.129872	1.221180
router	1	0.219992	0.071138	1.492442
router	1	0.240002	0.080752	2.837264
router	1	0.260000	0.078676	2.989211
router	1	0.279997	0.075326	1.265337
router	1	0.299992	0.070449	1.238283
router	1	0.319995	0.073531	1.340400
router	1	0.339994	0.072287	1.726089
router	1	0.359999	0.077552	1.243627
router	1	0.379990	0.069236	1.238150
router	1	0.399993	0.071411	1.240697
router	1	0.419991	0.070249	1.247837
router	1	0.439991	0.069806	1.327096
router	1	0.459996	0.075026	3.000414
router	1	0.479996	0.074960	1.767095
router	1	0.499992	0.070974	3.180428
router	1	0.520008	0.086644	2.490716
router	1	0.539991	0.069320	1.381878
router	1	0.559996	0.074634	1.292860
router	1	0.580005	0.083454	1.306514
router	1	0.599997	0.075554	1.371536
router	1	0.620001	0.079518	1.591607
router	1	0.639996	0.075101	3.269702
router	1	0.659996	0.074654	3.230933
router	1	0.680003	0.081635	3.307049
router	1	0.699999	0.077691	3.276282
router	1	0.719997	0.075585	3.323634
router	1	0.739999	0.077651	3.229393
router	1	0.759995	0.073565	3.213376
router	1	0.779994	0.072591	19.742212
router	1	0.799988	0.066951	3.091725
router	1	0.819994	0.073139	3.016249
router	1	0.840005	0.084101	2.939386
router	1	0.860002	0.080582	3.176152
router	1	0.879998	0.076894	19.644197
router	1	0.899990	0.068780	2.804272
router	1	0.919996	0.075084	2.955411
router	1	0.940003	0.081758	3.075644
router	1	0.959995	0.073961	2.915011
router	1	0.979996	0.074973	19.938013
router	1	1.000066	0.144823	1.286801
router	1	1.020040	0.118507	1.294604
router	1	1.039995	0.073661	1.262329
router	1	1.059995	0.073442	1.191424
router	1	1.080036	0.115035	1.237780
router	1	1.099993	0.071795	1.241094
router	1	1.120034	0.112967	1.217855
router	1	1.139999	0.077760	2.914820
router	1	1.159999	0.077707	2.950275
router	1	1.179988	0.067193	2.950994
router	1	1.199996	0.074347	2.955395
router	1	1.219994	0.072557	2.941037
router	1	1.239994	0.073226	2.943223
router	1	1.259993	0.071982	2.855412
router	1	1.279995	0.073983	2.814365
router	1	1.299995	0.073865	2.614108
router	1	1.319995	0.073507	2.796699
router	1	1.339995	0.074055	2.550284
router	1	1.360001	0.080237	2.739519
router	1	1.380000	0.079177	2.975563
router	1	1.399994	0.072844	2.979096
router	1	1.419997	0.075731	2.991435
router	1	1.440000	0.078674	2.969755
router	1	1.459994	0.073159	2.916433
router	1	1.480002	0.080868	2.917134
router	1	1.499996	0.074790	2.975783
router	1	1.520002	0.080917	2.950044
router	1	1.539994	0.072899	2.944392
router	1	1.559993	0.071566	2.917740
router	1	1.580009	0.088034	2.171164
router	1	1.599994	0.072552	2.209557
router	1	1.619993	0.071347	1.333176
router	1	1.639992	0.071103	2.622322
router	1	1.659995	0.073564	1.368363
router	1	1.680026	0.104404	1.226004
router	1	1.699994	0.073200	1.212586
router	1	1.719990	0.068340	1.220273
router	1	1.740005	0.083674	2.344141
router	1	1.760004	0.082522	2.408361
router	1	1.780002	0.080540	2.381527
router	1	1.800036	0.114468	1.309708
router	1	1.820001	0.079380	3.040602
router	1	1.840005	0.083787	2.948212
router	1	1.859997	0.075730	3.005323
router	1	1.879995	0.074152	2.967216
router	1	1.899995	0.073516	2.982562
router	1	1.920002	0.081064	3.178980
router	1	1.939997	0.075430	2.997123
router	1	1.959997	0.076133	3.091206
router	1	1.979996	0.074443	20.002544
router	1	2.000081	0.160150	3.272618
router	1	2.020007	0.085698	2.930324
router	1	2.039998	0.077233	2.970268
router	1	2.059997	0.075882	3.238793
router	1	2.079996	0.074438	20.028376
router	1	2.100105	0.183804	3.372219
router	1	2.120004	0.082434	3.454792
router	1	2.140042	0.120903	1.384741
router	1	2.159996	0.074594	1.296015
router	1	2.179991	0.069623	1.299232
router	1	2.199993	0.072179	2.165350
router	1	2.219990	0.069049	1.421872
router	1	2.239997	0.075278	2.258729
router	1	2.259994	0.073024	1.389193
router	1	2.279999	0.078131	2.343414
router	1	2.299994	0.072577	1.380552
router	1	2.319994	0.072545	1.342552
router	1	2.339993	0.072128	1.354333
router	1	2.359990	0.069157	1.608740
router	1	2.379992	0.071210	1.417631
router	1	2.399992	0.071022	1.351709
router	1	2.419999	0.077444	1.430818
router	1	2.439994	0.073203	1.432938
router	1	2.459995	0.073293	1.300686
router	1	2.479996	0.075007	2.189943
router	1	2.499998	0.076324	2.457862
router	1	2.520035	0.114102	1.365475
router	1	2.540003	0.081953	1.381308
router	1	2.559995	0.074016	1.359334
router	1	2.579992	0.070353	1.361449
router	1	2.599994	0.072501	2.471904
router	1	2.620001	0.079253	3.749954
router	1	2.639996	0.075233	1.560944
router	1	2.660040	0.119033	1.410418
router	1	2.680003	0.082224	3.053429
router	1	2.699996	0.075240	3.214598
router	1	2.719996	0.074530	3.336856
router	1	2.740001	0.079460	3.229431
router	1	2.759999	0.078056	3.044260
router	1	2.779999	0.077884	19.854925
router	1	2.799989	0.067326	3.234907
router	1	2.820000	0.078938	3.213534
router	1	2.839997	0.075945	3.258984
router	1	2.860008	0.086978	3.223455
router	1	2.880000	0.078490	19.707969
router	1	2.899991	0.070185	2.981424
router	1	2.920000	0.078267	3.427537
router	1	2.939999	0.077942	3.395494
router	1	2.960010	0.088617	2.828899
router	1	2.979995	0.073254	1.404485
router	1	2.999995	0.073773	1.410934
router	1	3.020038	0.116846	1.347185
router	1	3.039992	0.071081	1.361348
router	1	3.059995	0.074114	1.340958
router	1	3.079994	0.072615	1.340862
router	1	3.100036	0.114419	1.344425
router	1	3.120043	0.121280	1.344473
router	1	3.140011	0.089651	3.073008
router	1	3.160000	0.078330	3.246013
router	1	3.179998	0.076556	18.715832
router	1	3.199996	0.075161	2.912579
router	1	3.219996	0.075071	2.965756
router	1	3.239996	0.074593	3.279677
router	1	3.260000	0.078286	3.321500
router	1	3.279995	0.073501	1.770749
router	1	3.300007	0.085362	1.440636
router	1	3.320041	0.119480	1.382902
router	1	3.339996	0.074721	1.385138
router	1	3.359997	0.075982	1.397521
router	1	3.379997	0.075629	1.375199
router	1	3.399995	0.073924	1.291982
router	1	3.419994	0.072301	1.333693
router	1	3.439992	0.070305	1.238986
router	1	3.459992	0.070889	1.397378
router	1	3.480033	0.112026	1.239706
router	1	3.500032	0.110662	1.239717
router	1	3.520033	0.111422	1.193645
router	1	3.539989	0.067848	1.192547
router	1	3.559990	0.068688	1.190636
router	1	3.579991	0.069411	1.190731
router	1	3.599992	0.070603	1.191338
router	1	3.620035	0.113804	1.291470
router	1	3.639991	0.069469	1.263456
router	1	3.659991	0.069938	1.249083
router	1	3.680027	0.106041	1.192393
router	1	3.700037	0.116073	1.197709
router	1	3.719992	0.070567	1.193563
router	1	3.740035	0.113994	1.462040
router	1	3.759993	0.072182	1.283724
router	1	3.779993	0.071607	2.796302
router	1	3.800001	0.080201	2.781077
router	1	3.819995	0.074059	2.746635
router	1	3.839998	0.076634	1.391266
router	1	3.860036	0.114359	1.241794
router	1	3.879996	0.074915	1.243090
router	1	3.900034	0.113146	1.243323
router	1	3.919992	0.070367	1.251953
router	1	3.939991	0.070019	1.241407
router	1	3.959992	0.070386	1.247127
router	1	3.980037	0.115877	1.240754
router	1	4.000035	0.113282	1.238543
router	1	4.020040	0.118934	1.292895
router	1	4.039993	0.071701	1.195594
router	1	4.059993	0.071497	1.193493
router	1	4.079992	0.071148	1.194567
router	1	4.100028	0.106714	1.225253
router	1	4.119995	0.074029	2.849773
router	1	4.140008	0.087070	2.935372
router	1	4.159996	0.074363	2.658696
router	1	4.179996	0.074694	2.613290
router	1	4.200032	0.111130	1.206245
router	1	4.219989	0.068073	1.191097
router	1	4.239990	0.068728	1.206949
router	1	4.259991	0.069435	1.193050
router	1	4.280032	0.110552	1.193816
router	1	4.300036	0.114547	1.192349
router	1	4.319996	0.074934	1.255860
router	1	4.339991	0.069325	1.192838
router	1	4.359991	0.070073	1.193959
router	1	4.380033	0.111975	1.195252
router	1	4.400030	0.108697	1.150433
router	1	4.419991	0.069554	1.154826
router	1	4.439990	0.068858	1.155241
router	1	4.459993	0.071358	1.155376
router	1	4.480028	0.106627	1.150582
router	1	4.500029	0.107957	1.150639
router	1	4.519993	0.072059	1.250639
router	1	4.539990	0.068920	1.156936
router	1	4.559987	0.066090	1.149095
router	1	4.579988	0.066500	1.153331
router	1	4.600033	0.112229	1.155345
router	1	4.619996	0.074581	1.153947
router	1	4.639991	0.069491	1.155715
router	1	4.659993	0.071955	2.267289
router	1	4.680034	0.112386	1.151236
router	1	4.699993	0.072229	1.157434
router	1	4.719993	0.072169	1.155971
router	1	4.739990	0.069056	1.152779
router	1	4.759992	0.071241	1.456215
router	1	4.780026	0.104717	1.771971
router	1	4.799999	0.078084	2.314848
router	1	4.820008	0.086872	2.663801
router	1	4.840723	0.801472	2.933027
router	1	4.859996	0.074319	1.961762
router	1	4.880001	0.079677	2.650491
router	1	4.900886	0.965141	2.561965
router	1	4.920000	0.078444	2.654154
router	1	4.939998	0.076633	2.820332
router	1	4.959994	0.072351	2.843159
router	1	4.980016	0.094878	2.945769
router	1	5.000002	0.081127	2.087177
router	1	5.019995	0.073297	1.347988
router	1	5.039992	0.071115	1.544745
router	1	5.059994	0.073175	3.389289
router	1	5.079997	0.075628	3.320122
router	1	5.100002	0.080289	3.311789
router	1	5.120006	0.084377	3.345939
router	1	5.139999	0.077909	3.073047
router	1	5.159998	0.077143	3.056344
router	1	5.180001	0.079337	19.931832
router	1	5.200017	0.095549	2.907258
router	1	5.219994	0.072553	3.028097
router	1	5.239994	0.072761	3.261936
router	1	5.259995	0.073850	3.374284
router	1	5.279996	0.075097	19.991273
router	1	5.300070	0.149235	3.287983
router	1	5.319993	0.072225	3.256304
router	1	5.339996	0.075048	3.288148
router	1	5.359995	0.073850	3.266393
router	1	5.379993	0.071462	20.024974
router	1	5.400099	0.178092	3.236716
router	1	5.419995	0.073763	3.318180
router	1	5.440042	0.120980	2.315204
router	1	5.459993	0.072083	1.318970
router	1	5.479991	0.070007	1.305834
router	1	5.499997	0.075492	1.388419
router	1	5.520036	0.114638	1.303172
router	1	5.540031	0.110075	1.940701
router	1	5.559994	0.072433	1.469159
router	1	5.579998	0.076589	3.317080
router	1	5.599996	0.074875	1.291459
router	1	5.619993	0.071890	1.358244
router	1	5.639993	0.072066	1.300374
router	1	5.659994	0.073132	1.343983
router	1	5.679994	0.072688	1.296380
router	1	5.700033	0.111874	1.245579
router	1	5.719990	0.069018	1.246255
router	1	5.739992	0.071061	2.803913
router	1	5.759991	0.069996	1.248351
router	1	5.779992	0.070842	1.241938
router	1	5.799993	0.072226	1.272269
router	1	5.820893	0.972156	2.768583
router	1	5.840895	0.973263	2.859774
router	1	5.860892	0.970346	6.024740
router	1	5.880002	0.080734	19.107830
router	1	5.899998	0.076591	3.077612
router	1	5.920004	0.082405	3.193696
router	1	5.940895	0.973928	6.272612
router	1	5.960001	0.080250	3.202917
router	1	5.980006	0.085216	3.379194
router	1	6.000003	0.081661	3.261115
router	1	6.020004	0.082996	3.341254
router	1	6.040002	0.080617	3.248390
router	1	6.059995	0.073901	1.803930
router	1	6.079992	0.070524	1.408315
router	1	6.100181	0.259585	1.829734
router	1	6.122590	2.669223	3.000065
router	1	6.140010	0.088435	3.196061
router	1	6.160009	0.087704	3.233006
router	1	6.180005	0.083681	6.434477
router	1	6.200005	0.083758	3.623458
router	1	6.220005	0.083516	3.676389
router	1	6.240007	0.086249	3.687618
router	1	6.260003	0.081538	3.624104
router	1	6.279998	0.076968	3.677689
router	1	6.300001	0.080199	3.621857
router	1	6.319999	0.077789	3.702498
router	1	6.340897	0.975472	3.666080
router	1	6.360003	0.081523	3.697343
router	1	6.380004	0.082261	20.385892
router	1	6.400475	0.553732	3.781246
router	1	6.420003	0.082095	3.770050
router	1	6.439995	0.074037	3.773104
router	1	6.459996	0.074268	3.767692
router	1	6.479997	0.075620	20.335397
router	1	6.500416	0.494342	3.671706
router	1	6.519999	0.077677	3.632442
router	1	6.540002	0.080532	3.412590
router	1	6.560000	0.078575	3.611832
router	1	6.579993	0.071642	20.116352
router	1	6.600187	0.266195	3.477184
router	1	6.620032	0.110728	1.371024
router	1	6.639994	0.072759	3.036811
router	1	6.659997	0.076181	3.186600
router	1	6.679998	0.077201	19.599474
router	1	6.699993	0.071525	2.932889
router	1	6.719993	0.071432	2.788773
router	1	6.740001	0.079818	2.791868
router	1	6.759992	0.071174	2.810994
router	1	6.779996	0.074501	2.369737
router	1	6.800000	0.078530	2.694330
router	1	6.819998	0.076812	1.416038
router	1	6.840002	0.080488	1.875049
router	1	6.859993	0.071787	1.298235
router	1	6.880000	0.078872	2.824996
router	1	6.899995	0.074067	2.813109
router	1	6.919995	0.073484	2.898845
router	1	6.939994	0.072567	2.846845
router	1	6.959994	0.072304	2.820024
router	1	6.979994	0.073156	2.780977
router	1	6.999995	0.073883	2.783219
router	1	7.019988	0.067010	2.795227
router	1	7.040032	0.110332	1.249558
router	1	7.059993	0.071435	1.265341
router	1	7.079995	0.073708	2.960649
router	1	7.099994	0.072466	1.316210
router	1	7.119998	0.076293	2.760024
router	1	7.139993	0.071760	2.797092
router	1	7.159997	0.076026	2.878199
router	1	7.179996	0.075246	2.739572
router	1	7.199998	0.076933	2.698699
router	1	7.219991	0.070159	2.698859
router	1	7.240020	0.098388	1.251253
router	1	7.259992	0.071220	1.246935
router	1	7.279994	0.072329	1.245855
router	1	7.299993	0.071539	1.289115
router	1	7.320034	0.112904	1.245350
router	1	7.339992	0.070471	1.249090
router	1	7.359998	0.076300	2.756386
router	1	7.379995	0.073503	2.695306
router	1	7.399990	0.069085	2.609810
router	1	7.419991	0.070056	2.581952
router	1	7.439990	0.068461	2.591594
router	1	7.459992	0.071077	2.596012
router	1	7.479994	0.072993	2.606136
router	1	7.499999	0.078061	2.616448
router	1	7.519995	0.073819	2.570230
router	1	7.539993	0.071765	2.587924
router	1	7.559995	0.073533	2.572359
router	1	7.579990	0.068777	2.587216
router	1	7.599990	0.069003	2.516410
router	1	7.619994	0.072694	2.541563
router	1	7.642893	2.971307	2.679376
router	1	7.659994	0.073001	2.678680
router	1	7.679997	0.075836	19.374301
router	1	7.699992	0.070930	2.755901
router	1	7.719995	0.073842	2.674556
router	1	7.739997	0.075374	2.672357
router	1	7.759991	0.069695	2.679125
router	1	7.779994	0.072670	2.566276
router	1	7.800001	0.079681	2.603102
router	1	7.819996	0.074816	2.593582
router	1	7.839998	0.077138	2.581554
router	1	7.859991	0.070085	2.614861
router	1	7.880001	0.079411	2.576808
router	1	7.900001	0.079886	2.698539
router	1	7.919996	0.074809	2.710681
router	1	7.939994	0.072994	2.765321
router	1	7.959999	0.078182	2.715789
router	1	7.979999	0.077428	2.309269
router	1	7.999996	0.074333	2.660931
router	1	8.019992	0.070811	2.610201
router	1	8.039997	0.075314	2.565927
router	1	8.059994	0.073239	2.589213
router	1	8.079996	0.074716	2.563604
router	1	8.099998	0.077242	2.596704
router	1	8.119992	0.070745	2.637184
router	1	8.139992	0.071192	2.582514
router	1	8.159994	0.073114	2.622181
router	1	8.179993	0.072076	2.621311
router	1	8.199999	0.077281	2.664908
router	1	8.220027	0.106116	1.227501
router	1	8.239992	0.070569	1.283018
router	1	8.259989	0.067630	1.206867
router	1	8.279991	0.069425	1.322260
router	1	8.299992	0.070483	1.205220
router	1	8.319991	0.069521	1.201501
router	1	8.339991	0.070069	1.201512
router	1	8.359991	0.070230	1.199222
router	1	8.379990	0.068882	1.380782
router	1	8.399992	0.070361	1.202764
router	1	8.419991	0.070022	1.201492
router	1	8.439991	0.070113	1.200591
router	1	8.459989	0.067321	1.239203
router	1	8.479991	0.070091	1.205649
router	1	8.499994	0.073055	1.481561
router	1	8.519991	0.069408	1.201924
router	1	8.539993	0.071399	1.267145
router	1	8.559991	0.070152	1.208328
router	1	8.579989	0.068140	1.199794
router	1	8.599990	0.069135	1.198057
router	1	8.619998	0.076880	2.652342
router	1	8.640030	0.109069	1.410026
router	1	8.659990	0.069167	1.246919
router	1	8.679991	0.069595	1.191827
router	1	8.699992	0.070645	1.201700
router	1	8.719991	0.069647	1.194480
router	1	8.739992	0.071122	1.209554
router	1	8.759990	0.068650	1.192053
router	1	8.779990	0.069016	1.149307
router	1	8.799990	0.068856	1.156142
router	1	8.819996	0.074434	2.809163
router	1	8.839994	0.072671	3.047617
router	1	8.859994	0.073155	3.211476
router	1	8.879996	0.074695	3.040623
router	1	8.899998	0.076976	3.087231
router	1	8.919995	0.073587	3.012055
router	1	8.940001	0.079980	3.081243
router	1	8.959995	0.073740	3.051987
router	1	8.979997	0.075681	3.066153
router	1	8.999994	0.072291	3.068655
router	1	9.020001	0.079314	3.048692
router	1	9.039998	0.076453	2.894246
router	1	9.060005	0.083265	3.077450
router	1	9.079993	0.071988	2.944055
router	1	9.099998	0.076909	2.949269
router	1	9.119997	0.076013	2.953460
router	1	9.140001	0.079985	2.924086
router	1	9.159995	0.073769	2.819564
router	1	9.179993	0.072107	2.974989
router	1	9.199994	0.072730	2.985578
router	1	9.219994	0.073012	2.988544
router	1	9.240017	0.095332	3.005860
router	1	9.259997	0.075725	1.893722
router	1	9.279995	0.073958	1.365451
router	1	9.299998	0.076785	1.254063
router	1	9.319997	0.075759	1.251050
router	1	9.340030	0.109077	1.240036
router	1	9.359998	0.076736	2.180792
router	1	9.379993	0.071250	2.269119
router	1	9.399992	0.071076	1.238483
router	1	9.419992	0.070358	1.241749
router	1	9.439992	0.070312	1.246820
router	1	9.459990	0.068987	1.238672
router	1	9.480030	0.108285	1.237142
router	1	9.499989	0.067461	1.257644
router	1	9.520035	0.113976	1.238149
router	1	9.540035	0.113375	1.290014
router	1	9.560030	0.108431	1.191167
router	1	9.579990	0.068779	1.193554
router	1	9.600034	0.112535	1.283631
router	1	9.619993	0.071666	1.228141
router	1	9.639992	0.070736	1.194605
router	1	9.659998	0.076254	1.240843
router	1	9.679992	0.070670	1.200986
router	1	9.699990	0.068420	1.199064
router	1	9.719992	0.070313	1.197138
router	1	9.739989	0.068199	1.191047
router	1	9.759985	0.064077	1.190048
router	1	9.779989	0.068214	1.149621
router	1	9.799995	0.073699	2.273323
router	1	9.820004	0.082573	2.294259
router	1	9.840002	0.081243	2.287884
router	1	9.859999	0.078041	2.710731
router	1	9.879994	0.073015	2.380632
router	1	9.900036	0.114766	1.195543
router	1	9.919991	0.069706	1.195885
router	1	9.939998	0.076540	2.655758
router	1	9.959998	0.076362	2.706492
router	1	9.979992	0.070950	2.663623
router	1	9.999992	0.070816	2.681368
router	1	10.020003	0.081327	2.631370
router	1	10.039997	0.075801	2.581934
router	1	10.059996	0.074287	2.579851
router	1	10.079994	0.073074	2.599558
router	1	10.099999	0.077270	1.253814
router	1	10.119997	0.075700	2.612708
router	1	10.139998	0.076521	2.617934
router	1	10.159993	0.071251	2.689566
router	1	10.180000	0.078661	2.869142
router	1	10.199996	0.074540	2.736920
router	1	10.219996	0.074764	2.681622
router	1	10.239997	0.075270	2.666971
router	1	10.259992	0.070868	2.651259
router	1	10.279995	0.073353	2.665169
router	1	10.299995	0.073310	2.670567
router	1	10.319992	0.070936	2.672035
router	1	10.339994	0.072889	2.673873
router	1	10.359994	0.073054	2.687424
router	1	10.379994	0.072506	2.728428
router	1	10.399995	0.073735	2.701611
router	1	10.419993	0.071368	2.564079
router	1	10.440001	0.079640	2.565740
router	1	10.460033	0.112195	1.203071
router	1	10.479990	0.068497	1.193633
router	1	10.499993	0.072003	1.334434
router	1	10.519992	0.071068	1.194124
router	1	10.540028	0.107068	1.288131
router	1	10.559991	0.069808	1.193126
router	1	10.579990	0.068833	1.194754
router	1	10.599989	0.068227	1.192255
router	1	10.620035	0.113863	1.339821
router	1	10.639991	0.069312	1.193263
router	1	10.659988	0.067196	1.191956
router	1	10.679989	0.067868	1.193111
router	1	10.699989	0.068172	1.190590
router	1	10.719991	0.069598	1.214306
router	1	10.739991	0.069940	1.227970
router	1	10.759992	0.070649	1.196111
router	1	10.779991	0.070063	1.293846
router	1	10.800002	0.081063	2.283580
router	1	10.819996	0.074733	2.259380
router	1	10.839996	0.074664	2.259370
router	1	10.859992	0.070282	1.195230
router	1	10.879995	0.073261	1.225547
router	1	10.899996	0.074354	1.250230
router	1	10.919999	0.077352	1.735354
router	1	10.939993	0.072124	1.233490
router	1	10.959993	0.072165	1.195189
router	1	10.979993	0.071892	2.860758
router	1	10.999996	0.074694	2.639339
router	1	11.019998	0.077197	1.282696
router	1	11.040033	0.112191	1.193151
router	1	11.060029	0.107462	1.224088
router	1	11.080030	0.108455	1.193608
router	1	11.100027	0.105956	1.195356
router	1	11.119994	0.072437	1.275716
router	1	11.139992	0.071179	1.192183
router	1	11.160037	0.115347	1.193090
router	1	11.180035	0.113599	1.249215
router	1	11.200002	0.080727	2.960884
router	1	11.219996	0.074851	2.840148
router	1	11.239996	0.074502	2.826886
router	1	11.259991	0.069901	1.205184
router	1	11.279996	0.074705	1.211085
router	1	11.299988	0.066596	1.201004
router	1	11.319985	0.063801	1.215891
router	1	11.339942	0.020793	1.191185
router	1	11.359990	0.068414	1.193660
router	1	11.379986	0.064396	1.196674
router	1	11.400031	0.109400	1.196544
router	1	11.419991	0.069986	1.360891
router	1	11.440035	0.113312	1.167894
router	1	11.459991	0.069656	1.159624
router	1	11.479990	0.068273	1.152606
router	1	11.499988	0.067173	1.158041
router	1	11.519990	0.068450	1.216477
router	1	11.539989	0.067828	1.155852
router	1	11.559993	0.071587	1.251356
router	1	11.579990	0.068671	1.150654
router	1	11.600033	0.111309	1.154315
router	1	11.619992	0.071090	1.265628
router	1	11.639991	0.069512	1.161516
router	1	11.659996	0.074374	1.163089
router	1	11.679992	0.070279	1.245162
router	1	11.699994	0.072430	1.155687
router	1	11.719991	0.069670	1.248829
router	1	11.739991	0.069874	1.150644
router	1	11.759990	0.068456	1.194475
router	1	11.779994	0.072648	1.276098
router	1	11.799990	0.068756	1.427538
router	1	11.819994	0.072893	1.343851
router	1	11.839995	0.073805	1.313286
router	1	11.859992	0.070412	1.383289
router	1	11.882890	2.968689	2.773562
router	1	11.899994	0.072789	1.246353
router	1	11.919993	0.072186	1.549540
router	1	11.939993	0.072117	1.267164
router	1	11.960034	0.112279	1.242511
router	1	11.979993	0.071611	1.249701
router	1	11.999993	0.071632	1.244147
router	1	12.020034	0.112403	1.375779
router	1	12.039997	0.075819	1.252608
router	1	12.059992	0.071119	1.386216
router	1	12.079992	0.070647	1.196084
router	1	12.099995	0.073793	1.217961
router	1	12.119991	0.069962	1.600158
router	1	12.139992	0.070363	1.204403
router	1	12.160030	0.108935	1.198078
router	1	12.179993	0.071585	1.247951
router	1	12.199992	0.071058	1.298425
router	1	12.219993	0.072073	1.343696
router	1	12.239998	0.076743	1.259244
router	1	12.259996	0.074317	1.235776
router	1	12.279994	0.072666	1.299056
router	1	12.299993	0.071678	1.259710
router	1	12.319994	0.072674	1.424821
router	1	12.339993	0.071796	1.230984
router	1	12.360030	0.109222	1.197611
router	1	12.379991	0.070061	1.428590
router	1	12.399991	0.070203	1.198457
router	1	12.419989	0.067355	1.434783
router	1	12.439993	0.071355	1.198965
router	1	12.460032	0.111234	1.196420
router	1	12.480033	0.111281	1.197205
router	1	12.500035	0.114180	1.252094
router	1	12.519992	0.071064	1.261347
router	1	12.539990	0.068872	1.198859
router	1	12.559997	0.075645	1.204289
router	1	12.579992	0.070296	1.199237
router	1	12.599995	0.073477	1.298316
router	1	12.619998	0.076793	2.177282
router	1	12.639992	0.070889	1.204127
router	1	12.659995	0.073990	2.611719
router	1	12.679998	0.077066	2.591167
router	1	12.699993	0.071371	2.607278
router	1	12.719991	0.069387	2.576225
router	1	12.739990	0.069208	2.594053
router	1	12.759996	0.075150	2.573668
router	1	12.779994	0.072949	2.575042
router	1	12.799994	0.072790	2.576175
router	1	12.819994	0.072492	2.586860
router	1	12.839998	0.076941	2.595910
router	1	12.859994	0.072869	2.669412
router	1	12.879996	0.075029	2.750793
router	1	12.900000	0.078469	1.255340
router	1	12.919991	0.070245	3.127486
router	1	12.939991	0.069789	1.318925
router	1	12.959995	0.074118	1.261269
router	1	12.979992	0.071182	1.251174
router	1	12.999994	0.073002	1.316765
router	1	13.019989	0.068181	1.251188
router	1	13.039991	0.069870	1.249318
router	1	13.059990	0.068779	1.305024
router	1	13.079991	0.069416	1.250588
router	1	13.099991	0.069745	1.244654
router	1	13.119989	0.067660	1.247274
router	1	13.139991	0.070213	1.199929
router	1	13.159989	0.067474	1.197532
router	1	13.179989	0.067365	1.200801
router	1	13.199989	0.067985	1.197918
router	1	13.219991	0.070164	1.298606
router	1	13.239990	0.069134	1.204867
router	1	13.259994	0.072653	1.201805
router	1	13.279994	0.073089	1.308982
router	1	13.299996	0.074395	1.779770
router	1	13.319992	0.070445	1.320302
router	1	13.339998	0.076990	1.200073
router	1	13.359993	0.071251	1.202121
router	1	13.379995	0.074050	1.662103
router	1	13.399991	0.070083	1.636201
router	1	13.419997	0.075544	1.430521
router	1	13.439992	0.070355	1.204809
router	1	13.459992	0.071244	1.285331
router	1	13.479993	0.071737	1.201619
router	1	13.499992	0.071163	1.304445
router	1	13.519993	0.071663	1.383570
router	1	13.539990	0.068909	1.272661
router	1	13.559995	0.073449	1.246438
router	1	13.579991	0.069413	1.329422
router	1	13.599997	0.076130	1.200560
router	1	13.619996	0.074549	2.844225
router	1	13.640001	0.079845	2.656824
router	1	13.659998	0.076322	2.965078
router	1	13.679995	0.073403	1.751706
router	1	13.700032	0.110308	1.203171
router	1	13.719988	0.066365	1.217774
router	1	13.740029	0.108037	1.202657
router	1	13.760046	0.124478	1.198449
router	1	13.779989	0.067379	1.199592
router	1	13.799994	0.073079	2.366106
router	1	13.820001	0.080160	2.353095
router	1	13.840004	0.083207	2.229591
router	1	13.859996	0.074953	2.380070
router	1	13.879994	0.073220	1.561224
router	1	13.900007	0.085515	2.663233
router	1	13.920039	0.117725	1.273686
router	1	13.939991	0.069467	1.285055
router	1	13.959990	0.068590	1.295453
router	1	13.979991	0.069443	1.254607
router	1	13.999990	0.069178	1.225517
router	1	14.019991	0.069457	1.418350
router	1	14.039992	0.070819	1.229289
router	1	14.059990	0.068556	1.197360
router	1	14.079990	0.068842	1.242507
router	1	14.100031	0.109290	1.200784
router	1	14.119995	0.074081	1.333745
router	1	14.139991	0.069740	1.201872
router	1	14.159993	0.071328	1.202318
router	1	14.180033	0.112223	1.204393
router	1	14.200032	0.111037	1.197906
router	1	14.219989	0.068088	1.323532
router	1	14.239990	0.068468	1.199953
router	1	14.259993	0.072213	1.205244
router	1	14.279996	0.074928	2.884502
router	1	14.299997	0.075610	2.840843
router	1	14.319997	0.075879	2.836732
router	1	14.339998	0.076433	2.811075
router	1	14.359994	0.072444	2.750160
router	1	14.379996	0.075178	2.714554
router	1	14.399995	0.073333	2.689136
router	1	14.420000	0.078659	2.705012
router	1	14.439993	0.071870	2.680085
router	1	14.459995	0.073417	2.663370
router	1	14.479996	0.074331	2.572433
router	1	14.499990	0.068812	2.573752
router	1	14.519997	0.076150	2.667820
router	1	14.539993	0.072136	2.641143
router	1	14.559996	0.074997	2.568617
router	1	14.579995	0.073522	2.570449
router	1	14.599995	0.074244	2.564705
router	1	14.619995	0.073775	2.591667
router	1	14.640004	0.083179	2.587978
router	1	14.659998	0.077209	2.606429
router	1	14.679995	0.073992	3.155618
router	1	14.700040	0.118265	1.786998
router	1	14.720001	0.080181	1.524892
router	1	14.739993	0.071518	1.221668
router	1	14.759994	0.072461	1.301891
router	1	14.780034	0.112548	1.198742
router	1	14.800001	0.079767	2.356865
router	1	14.820005	0.083817	2.360053
router	1	14.840004	0.082303	2.321099
router	1	14.860006	0.085208	2.360975
router	1	14.880000	0.079130	2.388964
router	1	14.899994	0.072252	2.490235
router	1	14.919994	0.073201	1.314783
router	1	14.940611	0.690015	1.450720
router	1	14.959991	0.069311	1.280933
router	1	14.979993	0.071895	1.246155
router	1	14.999995	0.074123	1.250195
router	1	15.019997	0.076076	1.318654
router	1	15.040032	0.110744	1.276989
router	1	15.059991	0.069442	1.199594
router	1	15.079990	0.068485	1.197434
router	1	15.099988	0.066936	1.196874
router	1	15.119990	0.068422	1.303219
router	1	15.139991	0.070027	1.305892
router	1	15.159990	0.068267	1.205915
router	1	15.180027	0.106047	1.209459
router	1	15.200038	0.116933	1.237803
router	1	15.219996	0.074580	1.267726
router	1	15.239989	0.067451	1.200366
router	1	15.259988	0.066981	1.196785
router	1	15.280030	0.109195	1.196779
router	1	15.300037	0.116176	1.236264
router	1	15.319996	0.075058	2.379007
router	1	15.339990	0.068755	1.211874
router	1	15.359990	0.068809	1.198760
router	1	15.379991	0.070225	1.206401
router	1	15.399994	0.072887	1.200742
router	1	15.419988	0.066318	1.225255
router	1	15.439989	0.067447	1.222140
router	1	15.459986	0.065187	1.268737
router	1	15.479992	0.070624	1.195493
router	1	15.500029	0.108068	1.190085
router	1	15.519992	0.070760	1.195996
router	1	15.539996	0.074733	1.200345
router	1	15.560033	0.111654	1.193022
router	1	15.579945	0.023337	1.236742
router	1	15.600032	0.110505	1.191977
router	1	15.619994	0.073149	2.652418
router	1	15.639996	0.074906	2.623813
router	1	15.659995	0.074029	2.592014
router	1	15.679990	0.069153	3.087037
router	1	15.699995	0.073749	2.556352
router	1	15.719997	0.075564	2.559939
router	1	15.739990	0.068316	2.473341
router	1	15.760001	0.079293	2.522192
router	1	15.779994	0.072615	2.488598
router	1	15.799992	0.070581	2.485526
router	1	15.819991	0.069369	2.565547
router	1	15.839992	0.071063	2.587492
router	1	15.859993	0.071443	2.561657
router	1	15.880000	0.078783	2.572455
router	1	15.899997	0.075345	2.594792
router	1	15.919992	0.071153	2.565748
router	1	15.939993	0.071999	2.578282
router	1	15.959993	0.071275	2.615127
router	1	15.979992	0.071074	2.575681
router	1	15.999994	0.072621	2.675451
router	1	16.019995	0.073724	2.689812
router	1	16.039993	0.071774	2.690264
router	1	16.059993	0.072083	2.665923
router	1	16.079993	0.071283	2.659665
router	1	16.099992	0.070911	2.706281
router	1	16.119994	0.072929	2.712844
router	1	16.139998	0.076348	2.698455
router	1	16.159995	0.073323	2.614559
router	1	16.179996	0.074483	2.593476
router	1	16.199993	0.071622	2.580328
router	1	16.219994	0.072432	2.598726
router	1	16.239994	0.072526	2.658331
router	1	16.259994	0.072674	2.592480
router	1	16.279994	0.072796	2.562653
router	1	16.299994	0.073182	2.601751
router	1	16.320000	0.078502	1.237762
router	1	16.339993	0.072200	1.227463
router	1	16.359996	0.074854	2.944442
router	1	16.379998	0.076533	2.938977
router	1	16.399992	0.070972	1.282839
router	1	16.419993	0.071291	1.262282
router	1	16.439995	0.074033	1.291146
router	1	16.459991	0.069422	1.203467
router	1	16.479990	0.069031	1.198872
router	1	16.500034	0.112880	1.226612
router	1	16.519991	0.069405	1.191833
router	1	16.539992	0.070493	1.496706
router	1	16.559992	0.070300	1.669533
router	1	16.579998	0.076623	2.649001
router	1	16.599992	0.071048	2.649200
router	1	16.622906	2.984394	2.702702
router	1	16.639998	0.076344	2.750071
router	1	16.660000	0.079198	2.839710
router	1	16.679994	0.072400	2.785024
router	1	16.699994	0.072669	2.807252
router	1	16.719995	0.073889	2.791262
router	1	16.739994	0.072371	2.791600
router	1	16.759992	0.071237	2.785736
router	1	16.779999	0.077831	2.599590
router	1	16.800051	0.129933	2.700413
router	1	16.819999	0.077963	3.194585
router	1	16.839997	0.075831	3.176462
router	1	16.859997	0.075344	3.209113
router	1	16.880890	0.968761	5.287823
router	1	16.900003	0.081350	4.353438
router	1	16.920004	0.082906	5.212692
router	1	16.940002	0.080317	3.306915
router	1	16.960004	0.082933	3.366562
router	1	16.980003	0.082243	3.285542
router	1	17.000006	0.084739	3.288863
router	1	17.021895	1.973394	3.593084
router	1	17.040008	0.086257	3.602771
router	1	17.060004	0.082806	3.348555
router	1	17.080004	0.082915	3.339138
router	1	17.100003	0.081414	3.529334
router	1	17.119998	0.076699	3.667150
router	1	17.140075	0.153504	5.668768
router	1	17.160034	0.113190	1.667374
router	1	17.179999	0.077445	3.356354
router	1	17.199998	0.076757	3.440609
router	1	17.220034	0.112689	1.487324
router	1	17.240034	0.112925	3.666356
router	1	17.259995	0.073833	1.492011
router	1	17.279994	0.073169	1.508011
router	1	17.299998	0.076996	1.447520
router	1	17.319991	0.070097	1.618674
router	1	17.339995	0.073329	1.410240
router	1	17.360002	0.080814	3.186080
router	1	17.379995	0.073639	3.077631
router	1	17.399996	0.075234	3.066818
router	1	17.419994	0.072519	3.043390
router	1	17.439996	0.075054	3.052380
router	1	17.459993	0.072079	3.040113
router	1	17.479996	0.074258	3.044433
router	1	17.499994	0.072432	3.046237
router	1	17.519994	0.073109	3.030716
router	1	17.539994	0.072750	3.026894
router	1	17.559999	0.077821	2.923887
router	1	17.579995	0.073441	2.918071
router	1	17.599994	0.072527	2.921370
router	1	17.619995	0.073365	2.920549
router	1	17.639999	0.077591	2.956811
router	1	17.659997	0.075737	2.569935
router	1	17.680001	0.079413	2.584421
router	1	17.699992	0.071128	2.708648
router	1	17.719995	0.074181	2.680979
router	1	17.739999	0.077783	2.708809
router	1	17.759995	0.073656	2.688753
router	1	17.779999	0.078157	1.725205
router	1	17.800001	0.079370	3.615615
router	1	17.819995	0.074214	1.423309
router	1	17.840004	0.082655	2.674368
router	1	17.859999	0.077313	2.650813
router	1	17.879999	0.078121	2.675706
router	1	17.900002	0.080261	2.716350
router	1	17.919996	0.074931	2.660216
router	1	17.939998	0.076749	2.680600
router	1	17.960007	0.086165	2.688012
router	1	17.979997	0.076066	2.667655
router	1	17.999996	0.075124	3.044757
router	1	18.019997	0.075894	2.594979
router	1	18.040042	0.120382	2.064173
router	1	18.059996	0.075197	1.345042
router	1	18.079995	0.073728	1.368798
router	1	18.099995	0.073920	1.443670
router	1	18.119995	0.074211	1.343147
router	1	18.139994	0.072754	1.343832
router	1	18.159993	0.071975	1.342291
router	1	18.180010	0.089002	3.682474
router	1	18.199994	0.072672	1.397937
router	1	18.219992	0.070788	1.353590
router	1	18.239993	0.071912	1.342475
router	1	18.259997	0.075500	1.357718
router	1	18.279995	0.073484	1.726779
router	1	18.300029	0.107976	1.307751
router	1	18.319991	0.069966	1.304469
router	1	18.339993	0.071445	1.301551
router	1	18.359995	0.073858	1.375386
router	1	18.379994	0.072633	1.540942
router	1	18.400000	0.078420	2.965157
router	1	18.420033	0.111498	1.490950
router	1	18.439993	0.071813	1.351979
router	1	18.460000	0.078531	2.979326
router	1	18.480000	0.078635	2.986039
router	1	18.500890	0.969034	2.995900
router	1	18.520030	0.109086	1.413543
router	1	18.539998	0.076863	3.091881
router	1	18.559999	0.077912	3.132119
router	1	18.579998	0.076867	3.184547
router	1	18.599999	0.077820	3.338931
router	1	18.619996	0.074706	3.122011
router	1	18.639998	0.077007	2.945761
router	1	18.659995	0.073410	3.058833
router	1	18.679996	0.074971	2.953639
router	1	18.699995	0.074179	2.969584
router	1	18.719997	0.075257	2.945745
router	1	18.739996	0.074995	2.916879
router	1	18.759996	0.075081	2.932526
router	1	18.780035	0.113906	1.510786
router	1	18.799996	0.074415	2.422996
router	1	18.819999	0.078027	2.391396
router	1	18.839998	0.076741	1.438062
router	1	18.859993	0.071252	1.395096
router	1	18.880891	0.969654	3.209105
router	1	18.900919	0.997950	2.812101
router	1	18.920076	0.154304	3.846700
router	1	18.939992	0.070771	1.686612
router	1	18.959996	0.074874	1.438282
router	1	18.979999	0.077403	2.787823
router	1	18.999998	0.076308	3.331768
router	1	19.019999	0.077418	3.412310
router	1	19.039999	0.077329	2.949001
router	1	19.059995	0.073582	2.750036
router	1	19.079996	0.074457	2.557582
router	1	19.099997	0.075809	2.795824
router	1	19.119994	0.072954	1.484857
router	1	19.139994	0.072341	1.409070
router	1	19.159994	0.072565	1.409836
router	1	19.179993	0.071812	1.456190
router	1	19.199993	0.071448	2.314272
router	1	19.220002	0.080894	3.059957
router	1	19.240032	0.110942	1.385872
router	1	19.259993	0.071965	1.391839
router	1	19.279992	0.070575	1.408750
router	1	19.299994	0.072864	1.388396
router	1	19.320003	0.081463	2.573546
router	1	19.340005	0.083300	4.569929
router	1	19.360008	0.086652	2.064083
router	1	19.379999	0.077568	3.094925
router	1	19.399999	0.077473	3.000398
router	1	19.420033	0.111252	1.368861
router	1	19.439997	0.075479	3.410947
router	1	19.459991	0.069595	1.367756
router	1	19.479995	0.074236	1.804012
router	1	19.500000	0.078338	2.031952
router	1	19.519999	0.077556	3.028671
router	1	19.540498	0.577063	3.164074
router	1	19.560010	0.089015	3.551678
router	1	19.579997	0.075466	1.422699
router	1	19.600003	0.081726	2.666931
router	1	19.619995	0.073487	1.490548
router	1	19.640012	0.090506	2.419726
router	1	19.660003	0.081765	2.484193
router	1	19.680001	0.080179	2.444110
router	1	19.699978	0.057011	2.127205
router	1	19.719993	0.072021	1.516586
router	1	19.740007	0.085677	2.426438
router	1	19.760006	0.084633	3.508483
router	1	19.782187	2.265798	2.946043
router	1	19.799998	0.076296	3.154310
router	1	19.820005	0.084192	3.179595
router	1	19.840004	0.082868	3.386335
router	1	19.860007	0.085745	3.340665
router	1	19.881893	1.971399	3.549875
router	1	19.900004	0.083158	5.544526
router	1	19.920005	0.083500	3.694107
router	1	19.941911	1.989911	2.271055
router	1	19.960007	0.085431	2.905997
router	2	0.000000	0.112322	1.053849
router	2	0.020011	0.122932	1.091309
router	2	0.040469	0.581221	1.414744
router	2	0.059997	0.109487	1.089930
router	2	0.079999	0.111133	1.090409
router	2	0.099993	0.104891	1.083539
router	2	0.120001	0.113421	1.928800
router	2	0.139961	0.073360	1.188850
router	2	0.159999	0.111449	1.118315
router	2	0.180006	0.118448	1.114353
router	2	0.199990	0.102009	1.120558
router	2	0.219961	0.072865	1.872145
router	2	0.239999	0.111396	1.116960
router	2	0.259997	0.108832	1.146301
router	2	0.280002	0.114368	1.131893
router	2	0.300005	0.117030	1.216807
router	2	0.319998	0.110587	2.160949
router	2	0.340100	0.212069	2.539596
router	2	0.378957	19.069401	2.368401
router	2	0.381408	1.520346	2.697458
router	2	0.400096	0.208501	4.883337
router	2	0.420532	0.644452	12.810829
router	2	0.439970	0.082452	2.342998
router	2	0.459973	0.085254	3.367358
router	2	0.479972	0.083990	3.355917
router	2	0.499974	0.086156	6.315852
router	2	0.519975	0.087674	4.646322
router	2	0.539977	0.089613	2.658311
router	2	0.559978	0.090701	2.622415
router	2	0.579976	0.088220	2.615343
router	2	0.600659	0.771476	3.070051
router	2	0.621190	1.302567	3.393463
router	2	0.639974	0.086299	4.268844
router	2	0.659998	0.110475	1.436575
router	2	0.679998	0.110385	1.597771
router	2	0.700007	0.119338	1.432499
router	2	0.719999	0.111227	2.036250
router	2	0.740002	0.114043	1.364081
router	2	0.760003	0.115069	1.353106
router	2	0.780003	0.115638	2.741705
router	2	0.799999	0.111023	1.305424
router	2	0.819996	0.107752	1.970824
router	2	0.839997	0.109538	1.534232
router	2	0.859999	0.111621	1.296866
router	2	0.879998	0.110173	1.237880
router	2	0.899997	0.109361	1.240005
router	2	0.920000	0.111811	1.996808
router	2	0.939999	0.111358	1.240376
router	2	0.959999	0.111642	1.209702
router	2	0.979997	0.109070	1.197740
router	2	1.000000	0.111809	1.209001
router	2	1.019999	0.111693	2.041278
router	2	1.040001	0.112774	1.238976
router	2	1.059998	0.110541	1.205993
router	2	1.079996	0.108253	1.205190
router	2	1.100001	0.113620	1.284026
router	2	1.120000	0.112275	1.901044
router	2	1.140000	0.112186	1.163132
router	2	1.159999	0.111594	1.258539
router	2	1.180000	0.112519	1.152746
router	2	1.199997	0.109269	1.153469
router	2	1.220004	0.115791	1.840273
router	2	1.239997	0.109035	1.162998
router	2	1.260000	0.112308	1.151230
router	2	1.279997	0.109349	1.153280
router	2	1.299997	0.109703	1.152642
router	2	1.319993	0.105713	1.860246
router	2	1.339999	0.111311	1.154572
router	2	1.360001	0.113010	1.158242
router	2	1.379990	0.102543	1.153750
router	2	1.399987	0.099710	1.278419
router	2	1.419963	0.075012	2.564852
router	2	1.439961	0.073661	3.022504
router	2	1.459961	0.073346	1.264399
router	2	1.479971	0.083501	3.002708
router	2	1.499968	0.080021	2.141402
router	2	1.519960	0.072478	2.476715
router	2	1.540007	0.119384	3.623249
router	2	1.559977	0.089228	2.692915
router	2	1.579968	0.080195	2.921369
router	2	1.599969	0.081429	3.067929
router	2	1.620007	0.119577	2.573014
router	2	1.640103	0.215546	6.118528
router	2	1.659967	0.078785	2.604936
router	2	1.679967	0.078925	2.590939
router	2	1.699996	0.108707	1.387976
router	2	1.720009	0.121496	3.085611
router	2	1.739961	0.073447	1.974664
router	2	1.760004	0.116052	1.366470
router	2	1.779967	0.078867	1.396367
router	2	1.799997	0.109418	1.303404
router	2	1.819967	0.078845	3.550099
router	2	1.839966	0.078199	2.491808
router	2	1.860002	0.114601	1.479748
router	2	1.879964	0.076060	1.318194
router	2	1.900004	0.116273	1.321248
router	2	1.920006	0.117964	1.975210
router	2	1.940007	0.119061	1.300175
router	2	1.960003	0.115417	1.313510
router	2	1.980003	0.115275	1.647531
router	2	2.000000	0.111790	1.310683
router	2	2.020005	0.117105	2.012392
router	2	2.040005	0.117594	1.301910
router	2	2.059997	0.109116	1.289280
router	2	2.079994	0.106282	1.274276
router	2	2.099970	0.082339	3.068965
router	2	2.121761	1.872946	1.253565
router	2	2.139992	0.104079	1.283370
router	2	2.159995	0.107198	1.275581
router	2	2.180006	0.117758	1.400613
router	2	2.199995	0.107609	1.250891
router	2	2.220000	0.111890	2.220064
router	2	2.239969	0.081477	2.721190
router	2	2.259967	0.079677	2.838953
router	2	2.279966	0.077747	2.759271
router	2	2.299988	0.100116	1.493360
router	2	2.319961	0.072953	2.212902
router	2	2.339999	0.111412	1.774764
router	2	2.359968	0.080076	2.295012
router	2	2.379966	0.078386	3.158878
router	2	2.399966	0.078211	3.312087
router	2	2.419969	0.080825	3.165483
router	2	2.439966	0.078495	2.520553
router	2	2.459966	0.078561	2.607115
router	2	2.479968	0.079757	2.613750
router	2	2.499965	0.077735	2.614119
router	2	2.519967	0.078837	3.208085
router	2	2.539966	0.078640	2.848161
router	2	2.560328	0.440551	2.953051
router	2	2.579965	0.076847	4.240376
router	2	2.601264	1.375904	3.511925
router	2	2.619973	0.085396	3.692529
router	2	2.641117	1.228825	3.331844
router	2	2.659966	0.077864	3.003632
router	2	2.679970	0.082011	3.294372
router	2	2.699965	0.077229	3.266846
router	2	2.720003	0.114939	2.126697
router	2	2.740004	0.116513	1.470118
router	2	2.759964	0.075834	3.035077
router	2	2.779964	0.075831	2.951126
router	2	2.799963	0.075368	1.634510
router	2	2.820002	0.114202	2.578792
router	2	2.839960	0.072001	2.901534
router	2	2.859962	0.074191	2.959114
router	2	2.879963	0.074864	2.897441
router	2	2.899998	0.110513	1.364725
router	2	2.919991	0.103317	1.973423
router	2	2.940000	0.112216	1.321355
router	2	2.959999	0.110942	1.333413
router	2	2.980012	0.124363	1.399393
router	2	2.999997	0.109257	1.973988
router	2	3.020002	0.113788	1.884959
router	2	3.039997	0.109161	1.242102
router	2	3.059994	0.106227	1.241875
router	2	3.079957	0.069238	1.324975
router	2	3.099996	0.108274	1.195844
router	2	3.119998	0.110297	1.894533
router	2	3.139995	0.107515	1.195800
router	2	3.159994	0.106029	1.536636
router	2	3.179997	0.108939	1.294943
router	2	3.200008	0.120699	1.283197
router	2	3.219992	0.104627	1.953298
router	2	3.240000	0.111988	1.214204
router	2	3.259999	0.111471	1.302873
router	2	3.280004	0.116520	1.202231
router	2	3.299999	0.111100	1.227256
router	2	3.320001	0.113369	1.880804
router	2	3.339997	0.109496	1.198153
router	2	3.360006	0.118274	1.247377
router	2	3.379996	0.107810	1.244893
router	2	3.399959	0.071145	1.213924
router	2	3.419996	0.107975	1.883016
router	2	3.439958	0.070434	1.196583
router	2	3.459997	0.108932	1.202927
router	2	3.479995	0.107604	1.198098
router	2	3.499998	0.110477	1.153804
router	2	3.519999	0.111236	1.841728
router	2	3.540000	0.112086	1.160083
router	2	3.560000	0.111780	1.161931
router	2	3.580000	0.112364	1.174848
router	2	3.599964	0.076208	2.488140
router	2	3.619964	0.075770	3.139053
router	2	3.640002	0.114439	1.314773
router	2	3.660003	0.115174	1.221277
router	2	3.679992	0.103768	1.215727
router	2	3.699967	0.079577	2.746474
router	2	3.719997	0.109352	2.169453
router	2	3.739961	0.073085	2.662243
router	2	3.759960	0.071902	2.660011
router	2	3.779956	0.068640	2.662833
router	2	3.799962	0.074296	2.687249
router	2	3.820003	0.114808	2.048716
router	2	3.839964	0.075768	2.614863
router	2	3.859961	0.073302	2.573342
router	2	3.879959	0.071254	2.565365
router	2	3.899958	0.070147	2.578094
router	2	3.919993	0.105701	2.054762
router	2	3.939990	0.102371	1.261505
router	2	3.960003	0.115159	1.201725
router	2	3.979963	0.075043	1.460930
router	2	4.000000	0.112360	1.204025
router	2	4.020001	0.112776	1.949384
router	2	4.040000	0.111950	1.237077
router	2	4.059957	0.069396	1.197294
router	2	4.079997	0.109192	1.198120
router	2	4.099997	0.109016	1.204817
router	2	4.119996	0.107968	2.003111
router	2	4.139999	0.111604	1.238323
router	2	4.159998	0.110568	1.215517
router	2	4.179992	0.103849	1.231530
router	2	4.199963	0.075535	2.588261
router	2	4.220002	0.113873	2.078550
router	2	4.239964	0.076126	2.660543
router	2	4.259958	0.070331	2.574592
router	2	4.279958	0.070446	2.581659
router	2	4.299964	0.076018	2.566388
router	2	4.319962	0.074175	2.779024
router	2	4.339962	0.074266	2.723096
router	2	4.359965	0.077127	2.722660
router	2	4.379960	0.071824	2.790612
router	2	4.399968	0.080493	2.914977
router	2	4.419972	0.084408	2.485578
router	2	4.440040	0.152283	2.795030
router	2	4.459960	0.072723	2.800970
router	2	4.479961	0.073563	2.791786
router	2	4.499958	0.070369	2.777516
router	2	4.519963	0.075346	2.409669
router	2	4.539966	0.077942	2.812664
router	2	4.559966	0.078599	2.825667
router	2	4.579966	0.078039	2.803922
router	2	4.599963	0.075276	2.959295
router	2	4.619997	0.109141	2.409348
router	2	4.639959	0.070875	2.939827
router	2	4.659962	0.074256	2.911868
router	2	4.679963	0.075249	2.905053
router	2	4.699966	0.077902	1.485893
router	2	4.719973	0.085010	3.158094
router	2	4.739970	0.082734	2.943122
router	2	4.759964	0.075841	2.942877
router	2	4.779960	0.072199	2.888831
router	2	4.799965	0.077588	2.953896
router	2	4.819988	0.100517	2.392416
router	2	4.839962	0.073817	2.927572
router	2	4.859964	0.075866	2.947055
router	2	4.879965	0.076849	2.896858
router	2	4.899965	0.077048	2.921118
router	2	4.920000	0.112559	2.453261
router	2	4.939965	0.077359	2.934238
router	2	4.959963	0.075007	2.895227
router	2	4.979960	0.072443	2.923717
router	2	4.999962	0.074465	2.914698
router	2	5.020002	0.114465	2.691577
router	2	5.039964	0.075832	2.919436
router	2	5.059965	0.076756	2.985165
router	2	5.079965	0.077660	2.924178
router	2	5.099965	0.077470	2.961956
router	2	5.119971	0.082883	3.480159
router	2	5.139965	0.076804	2.986032
router	2	5.161113	1.225478	6.986212
router	2	5.179973	0.084776	2.800717
router	2	5.199975	0.086742	3.414020
router	2	5.219969	0.080742	5.382751
router	2	5.239974	0.085794	3.214099
router	2	5.259969	0.081087	3.435230
router	2	5.279964	0.076630	3.079862
router	2	5.299967	0.079727	3.042700
router	2	5.319997	0.109505	2.497576
router	2	5.339965	0.077519	3.023172
router	2	5.359962	0.074299	2.932123
router	2	5.379965	0.077557	2.986698
router	2	5.399970	0.081765	2.913197
router	2	5.420001	0.113730	2.428730
router	2	5.439963	0.075311	3.424588
router	2	5.459965	0.076865	2.909120
router	2	5.479960	0.072122	2.917984
router	2	5.499966	0.077877	2.931794
router	2	5.519996	0.108693	2.384648
router	2	5.539964	0.076539	2.920798
router	2	5.559966	0.078139	2.934664
router	2	5.579960	0.072255	2.909659
router	2	5.599963	0.074846	2.944840
router	2	5.619968	0.080566	4.279057
router	2	5.641182	1.294352	3.094909
router	2	5.659998	0.110202	2.718925
router	2	5.680000	0.112606	1.416819
router	2	5.699999	0.111190	1.417919
router	2	5.719966	0.077854	2.456068
router	2	5.739994	0.106382	1.359338
router	2	5.760003	0.114975	1.438184
router	2	5.779995	0.107420	1.666356
router	2	5.799997	0.109474	1.447335
router	2	5.819991	0.103516	2.069363
router	2	5.840003	0.115380	1.361367
router	2	5.860004	0.116304	1.406594
router	2	5.880004	0.115953	1.302437
router	2	5.900000	0.111976	1.331047
router	2	5.921762	1.874598	1.455902
router	2	5.939960	0.072119	1.440652
router	2	5.960003	0.115419	1.270607
router	2	5.980004	0.116367	1.280194
router	2	5.999967	0.079000	1.331447
router	2	6.019960	0.072240	2.082466
router	2	6.039963	0.074978	1.357263
router	2	6.059961	0.073518	1.282169
router	2	6.079973	0.085601	1.255728
router	2	6.099998	0.110740	1.341080
router	2	6.119965	0.077350	2.025333
router	2	6.140002	0.114100	1.325904
router	2	6.160003	0.115108	1.287124
router	2	6.180001	0.113435	1.328264
router	2	6.200004	0.115878	1.330852
router	2	6.220000	0.112163	1.984746
router	2	6.239964	0.075916	1.349893
router	2	6.260004	0.115778	1.576798
router	2	6.279997	0.109195	1.954267
router	2	6.300003	0.115704	1.237273
router	2	6.320126	0.237858	1.184021
router	2	6.339999	0.111105	1.233790
router	2	6.360004	0.116197	1.333997
router	2	6.380000	0.111805	1.280897
router	2	6.399967	0.078777	2.730277
router	2	6.419986	0.098399	3.447814
router	2	6.439959	0.071370	2.741075
router	2	6.459967	0.079031	2.676253
router	2	6.480007	0.119681	1.187080
router	2	6.499973	0.085374	2.283708
router	2	6.519965	0.077118	2.869508
router	2	6.539998	0.110161	1.374290
router	2	6.559984	0.095825	1.415881
router	2	6.579962	0.074405	2.851954
router	2	6.599970	0.081795	2.982222
router	2	6.619966	0.078438	3.678535
router	2	6.639967	0.079611	2.984550
router	2	6.659966	0.078694	3.037107
router	2	6.679967	0.078774	2.975317
router	2	6.699973	0.084764	2.970244
router	2	6.719973	0.084894	3.645979
router	2	6.739972	0.084504	2.970454
router	2	6.759972	0.084205	3.055504
router	2	6.779973	0.085647	3.080430
router	2	6.799977	0.089401	3.125018
router	2	6.819997	0.109579	2.440262
router	2	6.840005	0.116848	1.425541
router	2	6.859996	0.108522	1.393267
router	2	6.879994	0.106000	1.309912
router	2	6.899988	0.099764	1.888687
router	2	6.920003	0.115729	2.485876
router	2	6.939992	0.104574	2.340987
router	2	6.959961	0.073536	1.415707
router	2	6.979963	0.075117	2.480755
router	2	6.999967	0.078863	1.484616
router	2	7.019962	0.074091	2.058790
router	2	7.039964	0.076229	2.429478
router	2	7.059959	0.071334	1.302030
router	2	7.079957	0.069347	1.828306
router	2	7.099959	0.071228	1.549929
router	2	7.119960	0.072428	2.215051
router	2	7.139999	0.111135	1.372034
router	2	7.160000	0.112356	1.443342
router	2	7.179971	0.083246	1.335071
router	2	7.200000	0.112602	1.361847
router	2	7.220001	0.113117	2.268627
router	2	7.240002	0.113913	1.576099
router	2	7.259969	0.081050	3.213188
router	2	7.279960	0.071931	2.496047
router	2	7.299999	0.111498	1.747215
router	2	7.319963	0.075620	3.231863
router	2	7.339991	0.103521	1.701905
router	2	7.359996	0.107798	1.385725
router	2	7.379966	0.077903	2.852628
router	2	7.399991	0.103487	1.879579
router	2	7.419995	0.107080	2.140088
router	2	7.439966	0.078682	1.866089
router	2	7.459994	0.106007	1.302028
router	2	7.479958	0.070051	1.625668
router	2	7.499966	0.077880	1.488582
router	2	7.519959	0.070967	2.668679
router	2	7.540001	0.112946	1.314606
router	2	7.559986	0.098657	1.405051
router	2	7.579962	0.074462	2.979595
router	2	7.599967	0.078921	2.863812
router	2	7.619959	0.071397	2.292203
router	2	7.639979	0.090975	2.833538
router	2	7.659962	0.074436	2.806560
router	2	7.679964	0.076396	2.797923
router	2	7.699966	0.078450	2.850784
router	2	7.720006	0.117932	2.446629
router	2	7.739963	0.075566	2.685864
router	2	7.759963	0.074934	2.692111
router	2	7.779960	0.072278	2.674112
router	2	7.799961	0.073489	2.695310
router	2	7.819965	0.076782	3.168338
router	2	7.839966	0.078021	2.423949
router	2	7.859965	0.077085	2.436897
router	2	7.879961	0.073171	2.434677
router	2	7.899993	0.105303	1.309702
router	2	7.919963	0.075455	2.279654
router	2	7.939999	0.111461	1.282330
router	2	7.960004	0.116522	1.320846
router	2	7.979959	0.070934	1.344977
router	2	7.999990	0.101871	1.294368
router	2	8.019964	0.076671	2.821200
router	2	8.039993	0.105190	1.293008
router	2	8.060000	0.112337	1.215264
router	2	8.080000	0.112615	1.270953
router	2	8.099994	0.106101	2.694251
router	2	8.120019	0.131053	2.658304
router	2	8.139993	0.104802	1.257875
router	2	8.159998	0.109998	1.253722
router	2	8.180002	0.114145	1.262041
router	2	8.199976	0.088660	2.686890
router	2	8.220001	0.113067	2.058837
router	2	8.239995	0.106911	1.286079
router	2	8.260004	0.116396	1.252204
router	2	8.279962	0.074613	2.589256
router	2	8.299960	0.072681	2.579987
router	2	8.319994	0.105905	1.222915
router	2	8.339994	0.106478	1.200249
router	2	8.359995	0.107044	1.214402
router	2	8.379999	0.111077	1.933783
router	2	8.399997	0.109708	1.210867
router	2	8.419958	0.070656	1.271395
router	2	8.439998	0.110265	1.231098
router	2	8.459996	0.107957	1.203165
router	2	8.479991	0.103531	1.349212
router	2	8.499994	0.105791	1.199787
router	2	8.519963	0.075128	1.270336
router	2	8.539995	0.107028	1.202485
router	2	8.559997	0.109331	1.202383
router	2	8.579968	0.080116	2.583955
router	2	8.599961	0.073280	2.609016
router	2	8.619964	0.075902	2.632605
router	2	8.639982	0.093909	1.945514
router	2	8.659964	0.075815	2.683280
router	2	8.679961	0.073296	2.718060
router	2	8.699961	0.073054	2.722916
router	2	8.719960	0.072280	2.708392
router	2	8.739961	0.073556	2.684733
router	2	8.759962	0.074371	2.795674
router	2	8.779963	0.075101	2.797818
router	2	8.799960	0.071814	2.815643
router	2	8.819964	0.075744	2.793908
router	2	8.839968	0.080310	2.888545
router	2	8.859966	0.077835	2.574742
router	2	8.879967	0.079193	2.508099
router	2	8.899968	0.080053	3.094094
router	2	8.919968	0.080274	3.302441
router	2	8.939997	0.109087	1.433966
router	2	8.959992	0.104271	1.499088
router	2	8.979959	0.071633	1.358334
router	2	8.999996	0.108455	1.420742
router	2	9.019966	0.078121	1.642558
router	2	9.039968	0.080326	3.144166
router	2	9.059968	0.080111	3.170521
router	2	9.079964	0.076217	1.967800
router	2	9.099969	0.081096	2.586680
router	2	9.119970	0.082396	2.602555
router	2	9.139964	0.075744	2.614261
router	2	9.159968	0.080070	3.281694
router	2	9.179964	0.076197	3.270119
router	2	9.199966	0.078191	3.209426
router	2	9.220009	0.121646	1.420913
router	2	9.239962	0.074013	1.667644
router	2	9.259950	0.062345	3.165994
router	2	9.279964	0.075768	3.327079
router	2	9.299966	0.078614	3.086933
router	2	9.319979	0.091322	3.083224
router	2	9.339967	0.079077	3.084742
router	2	9.359968	0.079961	3.082128
router	2	9.379967	0.079675	3.143549
router	2	9.400020	0.131878	1.594837
router	2	9.419970	0.082160	2.934173
router	2	9.439964	0.076462	2.980185
router	2	9.459966	0.077989	2.982373
router	2	9.479963	0.075372	2.856851
router	2	9.499962	0.074199	3.034942
router	2	9.519967	0.078826	2.613451
router	2	9.539964	0.076414	2.963521
router	2	9.559965	0.077448	2.950432
router	2	9.579964	0.076603	2.981627
router	2	9.599968	0.080348	2.456658
router	2	9.619959	0.071068	1.274971
router	2	9.639964	0.076266	3.014940
router	2	9.659966	0.078276	3.015955
router	2	9.679967	0.079678	2.982748
router	2	9.699964	0.076168	3.027364
router	2	9.719968	0.080715	3.030588
router	2	9.739965	0.077448	3.066296
router	2	9.759968	0.080012	2.985428
router	2	9.779963	0.075328	2.964568
router	2	9.799965	0.077649	2.982587
router	2	9.819969	0.081439	3.005817
router	2	9.839966	0.078004	2.981340
router	2	9.859968	0.080602	2.971389
router	2	9.879966	0.078111	2.690965
router	2	9.899963	0.075614	2.698879
router	2	9.919963	0.074993	2.693056
router	2	9.939962	0.074207	2.674145
router	2	9.959966	0.077900	2.701097
router	2	9.979960	0.071941	2.707705
router	2	9.999967	0.079524	1.800429
router	2	10.021107	1.219171	2.912143
router	2	10.039974	0.086469	3.001620
router	2	10.060099	0.211036	3.341277
router	2	10.079971	0.083455	6.090143
router	2	10.099975	0.086976	3.155019
router	2	10.119974	0.085848	3.034721
router	2	10.140000	0.111760	2.420023
router	2	10.159973	0.084889	7.314338
router	2	10.179961	0.073427	1.487186
router	2	10.200001	0.112907	1.584925
router	2	10.219972	0.084044	1.622981
router	2	10.240000	0.112685	1.349844
router	2	10.260002	0.114665	1.386436
router	2	10.279959	0.071726	1.429704
router	2	10.300004	0.116183	1.409964
router	2	10.319967	0.078898	1.431503
router	2	10.339994	0.106239	1.304423
router	2	10.360005	0.116873	1.303218
router	2	10.379965	0.077560	1.385774
router	2	10.400001	0.113672	1.319376
router	2	10.419996	0.108313	1.356283
router	2	10.440002	0.114013	1.329398
router	2	10.460002	0.113802	1.320455
router	2	10.479966	0.078310	1.432974
router	2	10.500000	0.111927	1.340200
router	2	10.519968	0.079795	1.489808
router	2	10.540010	0.121837	1.924366
router	2	10.559996	0.108386	1.255480
router	2	10.579961	0.073459	1.373890
router	2	10.599997	0.109291	1.267187
router	2	10.619971	0.082882	3.669145
router	2	10.640006	0.117804	1.375818
router	2	10.659995	0.107148	1.308538
router	2	10.679970	0.082092	2.806851
router	2	10.699968	0.080338	2.985241
router	2	10.719962	0.074424	3.138173
router	2	10.739967	0.079239	3.036234
router	2	10.759993	0.105115	1.426576
router	2	10.780002	0.114512	1.435748
router	2	10.800002	0.114439	1.302644
router	2	10.819996	0.108064	1.437348
router	2	10.839997	0.109676	1.295363
router	2	10.860000	0.111896	1.243644
router	2	10.880008	0.120078	1.386545
router	2	10.900002	0.113809	1.254728
router	2	10.920000	0.112697	1.360116
router	2	10.940009	0.120937	1.244267
router	2	10.959964	0.076295	3.987944
router	2	10.979965	0.077352	2.808813
router	2	10.999964	0.076403	3.692837
router	2	11.019964	0.075775	3.199712
router	2	11.039963	0.075072	3.195747
router	2	11.059969	0.081202	2.656504
router	2	11.079997	0.109721	1.479154
router	2	11.099966	0.078282	2.982772
router	2	11.119966	0.077867	3.013121
router	2	11.139965	0.077372	3.011719
router	2	11.159966	0.078033	3.033417
router	2	11.179966	0.078674	2.942999
router	2	11.199965	0.077377	2.896795
router	2	11.219966	0.078495	2.800369
router	2	11.239965	0.077027	2.829102
router	2	11.259965	0.077165	2.787443
router	2	11.279996	0.107767	1.266624
router	2	11.299962	0.074334	1.329323
router	2	11.319998	0.109744	1.206562
router	2	11.339997	0.109554	1.199666
router	2	11.359999	0.111369	1.201978
router	2	11.380008	0.120348	1.402388
router	2	11.399964	0.076107	1.295893
router	2	11.420011	0.123371	1.241143
router	2	11.439998	0.110411	1.206921
router	2	11.460007	0.119022	1.198618
router	2	11.479962	0.074716	2.309565
router	2	11.499957	0.069149	1.212783
router	2	11.519998	0.110639	1.242912
router	2	11.539969	0.080766	2.860595
router	2	11.559968	0.079884	2.229302
router	2	11.579963	0.074969	1.410152
router	2	11.599957	0.069313	1.322327
router	2	11.619958	0.069795	1.243649
router	2	11.639993	0.105207	1.486723
router	2	11.659994	0.106134	1.261190
router	2	11.680164	0.276193	2.743787
router	2	11.699968	0.079879	2.700717
router	2	11.719960	0.072248	2.663055
router	2	11.739963	0.075476	2.661947
router	2	11.759963	0.075332	2.659945
router	2	11.779964	0.076610	2.709988
router	2	11.799964	0.076150	2.708389
router	2	11.819961	0.073477	2.662731
router	2	11.839960	0.072407	2.563582
router	2	11.859961	0.073691	2.566450
router	2	11.879967	0.078852	2.619017
router	2	11.899962	0.074248	2.597871
router	2	11.919961	0.073126	2.558759
router	2	11.939961	0.073096	2.571841
router	2	11.959968	0.079976	2.586483
router	2	11.979999	0.111674	1.346014
router	2	11.999995	0.107695	1.710673
router	2	12.019965	0.077408	2.630409
router	2	12.039963	0.075066	2.605949
router	2	12.059959	0.070926	2.650870
router	2	12.079961	0.073253	2.612459
router	2	12.099964	0.076294	2.591245
router	2	12.119960	0.071870	2.565806
router	2	12.139960	0.071850	2.571585
router	2	12.159961	0.072805	2.568821
router	2	12.179963	0.075647	2.610493
router	2	12.199963	0.074797	2.593186
router	2	12.219958	0.070578	2.564151
router	2	12.239962	0.074152	2.566613
router	2	12.259965	0.077359	2.571255
router	2	12.279962	0.074153	2.616739
router	2	12.299963	0.074779	2.590450
router	2	12.319969	0.080929	3.047195
router	2	12.339963	0.075668	2.463757
router	2	12.359959	0.070805	1.231076
router	2	12.379966	0.078206	3.045844
router	2	12.399966	0.077937	3.231925
router	2	12.419996	0.108187	1.409095
router	2	12.439994	0.106626	1.323752
router	2	12.459996	0.107935	1.256899
router	2	12.479954	0.065933	2.813233
router	2	12.499966	0.077867	2.988267
router	2	12.519964	0.076456	2.988935
router	2	12.539964	0.076515	2.996810
router	2	12.559967	0.078935	3.058855
router	2	12.579968	0.080612	3.175732
router	2	12.599965	0.077697	3.665787
router	2	12.619978	0.089956	2.991853
router	2	12.639964	0.076480	3.519948
router	2	12.659966	0.077900	2.927190
router	2	12.679964	0.075776	2.933064
router	2	12.699961	0.073653	2.909892
router	2	12.719961	0.073495	2.884679
router	2	12.739960	0.071888	2.809053
router	2	12.759961	0.073244	2.780709
router	2	12.779963	0.075701	2.809998
router	2	12.799962	0.074644	2.795288
router	2	12.819963	0.075323	2.693290
router	2	12.839960	0.072020	2.670137
router	2	12.859962	0.073949	2.686936
router	2	12.879963	0.075527	2.708150
router	2	12.899963	0.075573	2.683974
router	2	12.919966	0.078407	2.674577
router	2	12.939961	0.072998	2.667197
router	2	12.959960	0.072407	2.718890
router	2	12.979968	0.080141	1.564550
router	2	12.999958	0.070000	1.276228
router	2	13.019994	0.106040	1.207030
router	2	13.039995	0.107121	1.233418
router	2	13.059969	0.081718	3.206121
router	2	13.079972	0.084444	3.063462
router	2	13.099965	0.077326	3.056994
router	2	13.119963	0.075124	3.024586
router	2	13.139966	0.078495	2.864231
router	2	13.159964	0.076469	2.834284
router	2	13.179996	0.108591	1.662211
router	2	13.199957	0.069277	1.644785
router	2	13.219993	0.105398	1.255184
router	2	13.239998	0.109935	1.253490
router	2	13.259995	0.107267	1.278394
router	2	13.279960	0.072465	1.309999
router	2	13.299989	0.101684	1.842909
router	2	13.320002	0.114548	1.248364
router	2	13.340002	0.113954	1.249049
router	2	13.359999	0.111468	1.249451
router	2	13.379965	0.076821	3.190757
router	2	13.399996	0.107832	1.606065
router	2	13.420001	0.113023	1.248164
router	2	13.439997	0.109689	1.334999
router	2	13.459998	0.110027	1.206743
router	2	13.479960	0.072100	1.532310
router	2	13.500002	0.114148	1.253822
router	2	13.519998	0.110628	1.623713
router	2	13.539997	0.109142	1.203358
router	2	13.559998	0.110036	1.205794
router	2	13.579963	0.074780	1.442991
router	2	13.599963	0.075076	2.697265
router	2	13.619967	0.078830	2.628640
router	2	13.640027	0.139160	3.151178
router	2	13.660004	0.116253	1.262617
router	2	13.679968	0.080090	1.367797
router	2	13.700002	0.114687	1.315332
router	2	13.720000	0.112665	1.257600
router	2	13.739998	0.110669	1.250180
router	2	13.759999	0.110806	1.250466
router	2	13.779963	0.075383	1.373718
router	2	13.799992	0.104186	1.488313
router	2	13.819999	0.111512	1.202893
router	2	13.839998	0.110542	1.218860
router	2	13.859999	0.110991	1.202967
router	2	13.879961	0.073578	1.326991
router	2	13.899961	0.072888	1.856791
router	2	13.919999	0.110776	1.201322
router	2	13.939998	0.110625	1.225348
router	2	13.960000	0.112557	1.202298
router	2	13.979964	0.076085	1.594780
router	2	13.999964	0.075963	2.392584
router	2	14.019998	0.109746	1.208688
router	2	14.039993	0.105062	1.224917
router	2	14.059992	0.104097	1.208372
router	2	14.080000	0.112032	1.273881
router	2	14.099962	0.074715	1.880968
router	2	14.119994	0.106623	1.257733
router	2	14.139985	0.096822	1.847455
router	2	14.159999	0.111095	1.250137
router	2	14.179958	0.070699	1.393323
router	2	14.199993	0.105047	1.305891
router	2	14.219999	0.111376	1.248184
router	2	14.239998	0.109827	1.248087
router	2	14.260003	0.115038	1.250754
router	2	14.279958	0.069749	1.218898
router	2	14.299989	0.101239	1.313426
router	2	14.319997	0.109679	1.202013
router	2	14.339997	0.109487	1.199840
router	2	14.359997	0.108888	1.200592
router	2	14.379958	0.070310	1.499079
router	2	14.399962	0.074303	1.421266
router	2	14.419996	0.107778	1.211123
router	2	14.439992	0.104241	1.217733
router	2	14.460106	0.218735	1.309063
router	2	14.479961	0.073301	1.568361
router	2	14.499995	0.107180	1.272926
router	2	14.519992	0.103973	1.227761
router	2	14.539991	0.103402	1.254872
router	2	14.559969	0.080888	2.401810
router	2	14.579966	0.077829	2.391239
router	2	14.599966	0.077853	2.428056
router	2	14.619995	0.107267	1.260894
router	2	14.639963	0.075384	2.955849
router	2	14.659998	0.109784	1.280777
router	2	14.679971	0.083155	3.025682
router	2	14.699989	0.100800	2.978720
router	2	14.719967	0.079436	2.990769
router	2	14.739966	0.078488	2.994208
router	2	14.759968	0.080007	2.959425
router	2	14.779967	0.079334	3.021897
router	2	14.799967	0.078991	3.001916
router	2	14.819968	0.080710	2.963191
router	2	14.839969	0.081396	2.851687
router	2	14.859966	0.077852	3.077397
router	2	14.879965	0.077094	3.036260
router	2	14.899966	0.077965	3.014180
router	2	14.919966	0.078291	3.037194
router	2	14.939965	0.076965	2.953904
router	2	14.959963	0.075337	3.135242
router	2	14.979966	0.078715	2.995980
router	2	14.999968	0.079949	3.037106
router	2	15.019967	0.078859	3.033975
router	2	15.039966	0.078487	2.956902
router	2	15.059964	0.076424	3.058081
router	2	15.079966	0.078454	2.880784
router	2	15.099964	0.075746	2.884188
router	2	15.119967	0.079109	2.888266
router	2	15.139967	0.078839	2.994210
router	2	15.159968	0.080646	3.075450
router	2	15.179968	0.080263	2.938614
router	2	15.199971	0.083550	3.013786
router	2	15.219967	0.079442	2.987530
router	2	15.239963	0.075300	2.993848
router	2	15.259965	0.077538	2.995850
router	2	15.279966	0.078681	2.819928
router	2	15.299964	0.076131	2.752554
router	2	15.319993	0.105722	1.291993
router	2	15.339996	0.107962	1.247776
router	2	15.360004	0.116269	1.262410
router	2	15.379965	0.077597	2.376434
router	2	15.399970	0.082172	3.031098
router	2	15.419966	0.077931	3.051723
router	2	15.439964	0.076551	2.945999
router	2	15.459965	0.077692	3.521995
router	2	15.479968	0.079993	2.808988
router	2	15.499962	0.073787	2.827351
router	2	15.519964	0.076605	2.783850
router	2	15.539964	0.075806	2.983699
router	2	15.559965	0.077608	2.863547
router	2	15.579967	0.079241	2.852102
router	2	15.599966	0.078483	2.903289
router	2	15.619965	0.077041	2.972019
router	2	15.639993	0.105363	1.263303
router	2	15.659965	0.077001	2.933858
router	2	15.679969	0.081689	3.399716
router	2	15.699970	0.082238	3.121994
router	2	15.719969	0.080794	3.094370
router	2	15.739965	0.076978	2.782805
router	2	15.759968	0.080117	3.143353
router	2	15.779971	0.083360	2.965537
router	2	15.799969	0.080885	3.009369
router	2	15.819965	0.077098	3.020765
router	2	15.839966	0.078441	2.945581
router	2	15.859966	0.078130	3.012930
router	2	15.879970	0.082083	3.017035
router	2	15.899968	0.080162	2.947201
router	2	15.919965	0.076829	2.912464
router	2	15.939964	0.076014	2.910821
router	2	15.959964	0.075897	2.978209
router	2	15.979968	0.080684	2.880542
router	2	15.999965	0.076916	3.024686
router	2	16.019965	0.077231	2.856783
router	2	16.039965	0.077132	2.853734
router	2	16.059966	0.077742	2.858305
router	2	16.079969	0.081528	2.826123
router	2	16.099967	0.079040	2.865493
router	2	16.119965	0.077596	2.867131
router	2	16.139964	0.076432	2.853192
router	2	16.159970	0.082578	2.875511
router	2	16.179968	0.079969	2.915191
router	2	16.199965	0.077505	2.921671
router	2	16.219965	0.077497	2.843860
router	2	16.239965	0.077625	2.913987
router	2	16.259962	0.074474	2.945769
router	2	16.279971	0.083263	2.666911
router	2	16.299959	0.070914	2.589059
router	2	16.319960	0.071889	2.563348
router	2	16.339960	0.072507	2.563446
router	2	16.359960	0.072050	2.574162
router	2	16.379968	0.080579	2.928943
router	2	16.399968	0.079958	2.934019
router	2	16.419967	0.079403	3.015696
router	2	16.439965	0.077516	3.024479
router	2	16.459966	0.078736	2.985115
router	2	16.480032	0.144264	2.756550
router	2	16.499963	0.075617	2.719204
router	2	16.519962	0.073967	2.708940
router	2	16.539961	0.072823	2.671654
router	2	16.559962	0.074543	2.713221
router	2	16.579970	0.082639	2.975186
router	2	16.599994	0.105979	3.546322
router	2	16.619970	0.082016	3.146465
router	2	16.639966	0.078250	3.159564
router	2	16.659968	0.079821	2.775637
router	2	16.679967	0.079284	3.239269
router	2	16.699989	0.101585	3.151765
router	2	16.719967	0.078894	3.036198
router	2	16.739966	0.078099	2.931754
router	2	16.759967	0.079175	2.977891
router	2	16.780003	0.114907	1.402310
router	2	16.800007	0.119416	1.395011
router	2	16.820000	0.111967	1.276507
router	2	16.840003	0.115067	1.279775
router	2	16.859999	0.110904	1.276500
router	2	16.880001	0.113178	1.383579
router	2	16.899969	0.080968	1.335401
router	2	16.920007	0.119656	1.205750
router	2	16.939998	0.109896	1.203689
router	2	16.959986	0.097924	1.208941
router	2	16.980011	0.122907	2.975372
router	2	16.999966	0.078007	2.584138
router	2	17.019965	0.077155	2.881936
router	2	17.039998	0.110416	1.396489
router	2	17.059998	0.110485	1.205504
router	2	17.079982	0.094460	2.941860
router	2	17.099965	0.077325	3.030631
router	2	17.119965	0.077344	2.906162
router	2	17.139965	0.077637	2.847049
router	2	17.159964	0.076399	2.934032
router	2	17.179967	0.079169	2.924681
router	2	17.199962	0.073891	2.940881
router	2	17.219965	0.077104	2.864554
router	2	17.239965	0.077071	2.855748
router	2	17.259965	0.077316	2.874336
router	2	17.279969	0.081429	2.877402
router	2	17.299963	0.075535	2.638733
router	2	17.319967	0.079284	2.828980
router	2	17.339965	0.077391	3.160100
router	2	17.359966	0.078533	2.963423
router	2	17.379968	0.080002	2.122844
router	2	17.399960	0.072075	1.325312
router	2	17.419971	0.083298	2.914846
router	2	17.439965	0.076923	2.945632
router	2	17.459965	0.076965	3.045848
router	2	17.479968	0.080566	3.025116
router	2	17.499979	0.091718	3.012044
router	2	17.519966	0.077979	3.021012
router	2	17.539965	0.077342	2.927542
router	2	17.559965	0.077720	2.913102
router	2	17.579965	0.076855	2.976137
router	2	17.599961	0.072968	2.946967
router	2	17.620111	0.223708	2.741937
router	2	17.639965	0.077594	2.704119
router	2	17.659960	0.072681	3.003703
router	2	17.679963	0.075716	2.872852
router	2	17.699962	0.074052	2.783043
router	2	17.719962	0.074651	2.770126
router	2	17.739962	0.074037	2.663659
router	2	17.759964	0.076352	2.676010
router	2	17.779964	0.076115	2.712510
router	2	17.799967	0.079087	2.665288
router	2	17.819962	0.073883	2.680092
router	2	17.839960	0.072267	2.663089
router	2	17.859966	0.078587	2.676319
router	2	17.879964	0.076346	2.740319
router	2	17.899960	0.072071	2.569141
router	2	17.919959	0.071084	2.569981
router	2	17.939959	0.070981	2.561949
router	2	17.959960	0.072286	2.618713
router	2	17.979964	0.075785	2.618863
router	2	17.999959	0.071293	2.568901
router	2	18.019960	0.072108	2.568639
router	2	18.039962	0.074274	2.570804
router	2	18.059960	0.071997	2.571624
router	2	18.079962	0.073757	2.656160
router	2	18.099960	0.071946	2.572637
router	2	18.119960	0.072513	2.577315
router	2	18.139963	0.075639	2.585685
router	2	18.159966	0.078675	2.621590
router	2	18.179961	0.073191	2.612488
router	2	18.199961	0.073046	2.628412
router	2	18.219973	0.084826	2.751163
router	2	18.239976	0.088004	2.725674
router	2	18.260096	0.208229	2.828524
router	2	18.279970	0.082571	2.858684
router	2	18.299971	0.083192	2.925843
router	2	18.319987	0.099554	2.958771
router	2	18.340098	0.210401	2.925035
router	2	18.359970	0.082526	2.908638
router	2	18.379972	0.084239	3.080838
router	2	18.399962	0.074692	3.076637
router	2	18.419987	0.098929	1.667231
router	2	18.439995	0.107605	1.427510
router	2	18.459980	0.092218	3.132034
router	2	18.479968	0.080341	2.968396
router	2	18.499969	0.081278	2.941475
router	2	18.520005	0.117201	1.405409
router	2	18.539963	0.075286	2.883829
router	2	18.559964	0.076508	2.911253
router	2	18.579964	0.076479	2.928359
router	2	18.599961	0.073672	2.951534
router	2	18.619966	0.078021	3.046667
router	2	18.639965	0.077689	3.071661
router	2	18.659967	0.079051	3.049451
router	2	18.679966	0.077775	3.068236
router	2	18.699964	0.076053	3.015299
router	2	18.719965	0.077572	3.012068
router	2	18.739963	0.075474	3.015140
router	2	18.759970	0.082286	3.069258
router	2	18.779965	0.077715	2.924943
router	2	18.799963	0.074981	2.908344
router	2	18.819963	0.075078	2.924496
router	2	18.839962	0.073777	2.920891
router	2	18.859961	0.072994	2.855758
router	2	18.879965	0.077238	2.846573
router	2	18.899963	0.075590	2.827944
router	2	18.919966	0.078050	2.812126
router	2	18.939963	0.074790	2.777383
router	2	18.959962	0.074586	2.862911
router	2	18.979966	0.077789	2.843618
router	2	18.999963	0.074815	2.809946
router	2	19.019964	0.075950	2.802066
router	2	19.039966	0.078048	2.771949
router	2	19.059967	0.079090	2.844286
router	2	19.079968	0.080059	2.820085
router	2	19.099965	0.076927	2.813271
router	2	19.119964	0.075991	2.676436
router	2	19.139966	0.078478	2.672086
router	2	19.159967	0.079314	2.685751
router	2	19.179966	0.078557	2.708406
router	2	19.199962	0.074229	2.673125
router	2	19.219964	0.076089	2.679915
router	2	19.239970	0.082638	2.683679
router	2	19.259970	0.082205	2.737075
router	2	19.279968	0.080253	2.771466
router	2	19.299963	0.075229	2.692486
router	2	19.319998	0.109970	1.287458
router	2	19.339999	0.111522	1.361838
router	2	19.359969	0.081640	2.231821
router	2	19.379981	0.092756	4.478892
router	2	19.399970	0.081748	3.339640
router	2	19.419967	0.079268	2.992297
router	2	19.439965	0.076793	2.949103
router	2	19.459968	0.080099	1.678227
router	2	19.479968	0.080702	3.121345
router	2	19.499962	0.074158	2.959956
router	2	19.519962	0.074716	1.441977
router	2	19.541685	1.797325	2.638653
router	2	19.559973	0.085025	2.613536
router	2	19.579996	0.108266	1.477439
router	2	19.599967	0.079433	3.482944
router	2	19.620123	0.235575	2.610864
router	2	19.639969	0.081575	2.733206
router	2	19.659971	0.082760	2.118124
router	2	19.679961	0.073595	3.003770
router	2	19.699968	0.080210	2.558519
router	2	19.719971	0.083359	2.664892
router	2	19.739997	0.109454	1.725103
router	2	19.759970	0.082726	2.830816
router	2	19.779970	0.082376	2.479194
router	2	19.799976	0.087972	1.786344
router	2	19.819989	0.100852	1.477375
router	2	19.839968	0.080124	3.589294
router	2	19.859962	0.074076	1.791504
router	2	19.879970	0.081794	2.696210
router	2	19.899970	0.082437	2.638287
router	2	19.919970	0.082516	2.747719
router	2	19.939961	0.073097	2.744300
router	2	19.959968	0.080215	3.145555
baseline	2	0.000000	0.077126	2.367974
baseline	2	0.020000	0.076970	1.214826
baseline	2	0.039990	0.067153	1.166869
baseline	2	0.059998	0.075109	1.318731
baseline	2	0.079994	0.071704	1.284102
baseline	2	0.099992	0.069523	1.170802
baseline	2	0.120031	0.108118	1.184715
baseline	2	0.139995	0.071932	1.213312
baseline	2	0.160005	0.081824	1.301035
baseline	2	0.180020	0.097394	1.300821
baseline	2	0.199992	0.069096	7.970445
baseline	2	0.219997	0.073808	2.840365
baseline	2	0.239999	0.076417	2.800503
baseline	2	0.260003	0.079952	1.641495
baseline	2	0.280525	0.601838	1.874762
baseline	2	0.299997	0.074099	1.298266
baseline	2	0.319996	0.073358	1.313280
baseline	2	0.339992	0.069020	1.337300
baseline	2	0.360033	0.109873	1.373949
baseline	2	0.379996	0.072964	1.410655
baseline	2	0.399996	0.073380	1.355455
baseline	2	0.419992	0.069445	1.293152
baseline	2	0.439997	0.074070	1.365375
baseline	2	0.459996	0.072911	1.319144
baseline	2	0.480031	0.108352	1.373544
baseline	2	0.499993	0.070180	1.282820
baseline	2	0.519998	0.075365	1.273399
baseline	2	0.539997	0.074434	3.425896
baseline	2	0.560004	0.081333	3.292039
baseline	2	0.579998	0.075628	2.601019
baseline	2	0.599994	0.071365	1.319225
baseline	2	0.620001	0.078356	2.287853
baseline	2	0.639997	0.073814	1.342779
baseline	2	0.659998	0.075594	1.556670
baseline	2	0.680005	0.082096	1.305091
baseline	2	0.699996	0.073030	1.412922
baseline	2	0.719996	0.073051	1.410690
baseline	2	0.739994	0.071173	1.300761
baseline	2	0.759998	0.075352	2.895162
baseline	2	0.779995	0.072017	2.891692
baseline	2	0.799995	0.071976	1.305026
baseline	2	0.819995	0.072376	2.826451
baseline	2	0.839996	0.073074	2.819568
baseline	2	0.860000	0.076942	2.923892
baseline	2	0.880002	0.079293	2.905642
baseline	2	0.899996	0.073534	1.338085
baseline	2	0.919994	0.071083	2.710424
baseline	2	0.939995	0.072047	2.714500
baseline	2	0.960004	0.081038	2.809399
baseline	2	0.979997	0.073866	2.718407
baseline	2	0.999992	0.069338	1.262148
baseline	2	1.019993	0.070532	2.728730
baseline	2	1.039998	0.075525	2.777034
baseline	2	1.059996	0.073273	2.834694
baseline	2	1.080036	0.113543	1.451976
baseline	2	1.099996	0.073543	1.324703
baseline	2	1.119997	0.074277	1.319965
baseline	2	1.140824	0.901596	3.205643
baseline	2	1.159998	0.075717	3.164642
baseline	2	1.180005	0.081789	1.416081
baseline	2	1.199996	0.072880	1.304555
baseline	2	1.219994	0.071134	1.314276
baseline	2	1.239995	0.072326	3.188638
baseline	2	1.260033	0.110017	1.452373
baseline	2	1.279998	0.075533	1.438963
baseline	2	1.300001	0.078364	8.874859
baseline	2	1.319999	0.076756	1.374257
baseline	2	1.339994	0.070928	1.370724
baseline	2	1.359997	0.074695	1.380061
baseline	2	1.379994	0.071685	1.358610
baseline	2	1.399994	0.071190	1.309665
baseline	2	1.419995	0.072091	1.304212
baseline	2	1.439998	0.075081	1.320177
baseline	2	1.459995	0.072001	1.333078
baseline	2	1.479996	0.073743	1.310558
baseline	2	1.499994	0.071100	7.592224
baseline	2	1.519996	0.072845	1.257092
baseline	2	1.539997	0.074300	1.265621
baseline	2	1.560007	0.084713	2.775777
baseline	2	1.579995	0.072465	2.768855
baseline	2	1.599996	0.072841	1.338937
baseline	2	1.620005	0.081844	1.770903
baseline	2	1.639991	0.068235	1.261833
baseline	2	1.659993	0.069840	1.278343
baseline	2	1.679993	0.070742	1.269974
baseline	2	1.699996	0.072824	1.327696
baseline	2	1.720001	0.078591	2.333425
baseline	2	1.740001	0.078188	2.368096
baseline	2	1.760411	0.488231	1.552333
baseline	2	1.779994	0.071441	1.363138
baseline	2	1.807761	7.838072	1.265438
baseline	2	1.819993	0.070628	1.264765
baseline	2	1.840001	0.077818	2.728607
baseline	2	1.860001	0.078549	1.641059
baseline	2	1.879996	0.072851	1.342700
baseline	2	1.907454	7.531742	2.950674
baseline	2	1.920816	0.893119	2.801060
baseline	2	1.940813	0.890141	6.019190
baseline	2	1.959998	0.074879	6.180068
baseline	2	1.980000	0.077425	6.309980
baseline	2	1.999998	0.075464	6.294022
baseline	2	2.020813	0.890347	6.330342
baseline	2	2.039998	0.074913	6.288759
baseline	2	2.060003	0.080478	2.488664
baseline	2	2.079998	0.075770	1.930399
baseline	2	2.099995	0.072438	1.515256
baseline	2	2.119996	0.073201	1.370247
baseline	2	2.139994	0.071640	1.373272
baseline	2	2.162822	2.899084	3.422676
baseline	2	2.180005	0.081991	2.710656
baseline	2	2.199994	0.071140	1.378968
baseline	2	2.219995	0.072001	1.362922
baseline	2	2.239996	0.072982	1.365986
baseline	2	2.260004	0.081206	3.498968
baseline	2	2.279998	0.075488	3.964182
baseline	2	2.300004	0.080974	8.772896
baseline	2	2.320001	0.078743	3.033876
baseline	2	2.339994	0.071594	3.903501
baseline	2	2.359994	0.071589	1.371195
baseline	2	2.379995	0.071978	2.959996
baseline	2	2.399996	0.073642	1.368208
baseline	2	2.419997	0.074340	2.934018
baseline	2	2.440038	0.115287	2.301394
baseline	2	2.459997	0.074011	1.369994
baseline	2	2.480000	0.077305	3.273782
baseline	2	2.500000	0.077201	9.183376
baseline	2	2.520000	0.077515	3.368123
baseline	2	2.539996	0.073518	1.401282
baseline	2	2.559993	0.070386	1.308005
baseline	2	2.579995	0.071878	1.308367
baseline	2	2.599993	0.070227	1.305398
baseline	2	2.620008	0.085735	2.002520
baseline	2	2.640001	0.078095	1.458472
baseline	2	2.659995	0.072370	1.310820
baseline	2	2.679994	0.070835	1.324349
baseline	2	2.699993	0.070445	1.327211
baseline	2	2.719994	0.070860	1.273879
baseline	2	2.739994	0.071224	1.276651
baseline	2	2.759993	0.070686	1.423150
baseline	2	2.779995	0.072060	1.330469
baseline	2	2.799997	0.074763	1.332329
baseline	2	2.819996	0.073785	1.336991
baseline	2	2.839993	0.070199	1.283015
baseline	2	2.859995	0.072385	1.336888
baseline	2	2.880031	0.107989	1.289524
baseline	2	2.899993	0.070705	1.256233
baseline	2	2.919994	0.071460	1.209352
baseline	2	2.940029	0.106238	1.530554
baseline	2	2.959995	0.072257	1.228838
baseline	2	2.979994	0.071391	1.361595
baseline	2	2.999994	0.071316	1.267294
baseline	2	3.019992	0.069672	1.209274
baseline	2	3.040035	0.112443	1.488233
baseline	2	3.059996	0.073422	1.267916
baseline	2	3.079999	0.076011	2.857708
baseline	2	3.099998	0.075085	1.484431
baseline	2	3.119994	0.071312	1.211146
baseline	2	3.139994	0.071256	1.637260
baseline	2	3.159994	0.071349	1.210230
baseline	2	3.179996	0.073513	1.311618
baseline	2	3.199994	0.071334	1.210711
baseline	2	3.219994	0.070913	1.208664
baseline	2	3.239992	0.069077	1.521185
baseline	2	3.259993	0.070228	1.212504
baseline	2	3.280004	0.081264	3.266025
baseline	2	3.300825	0.902436	7.682882
baseline	2	3.319999	0.076443	3.063851
baseline	2	3.339998	0.075118	3.049004
baseline	2	3.360000	0.077695	3.117162
baseline	2	3.380001	0.078594	3.102281
baseline	2	3.400000	0.077309	8.388821
baseline	2	3.419993	0.070689	1.308853
baseline	2	3.439993	0.070343	1.363259
baseline	2	3.460000	0.076968	2.913892
baseline	2	3.481858	1.935779	5.099709
baseline	2	3.507540	7.616830	6.213034
baseline	2	3.520002	0.078890	6.220107
baseline	2	3.540815	0.892306	6.079429
baseline	2	3.560001	0.078717	5.800656
baseline	2	3.579999	0.076373	3.204327
baseline	2	3.600003	0.080342	8.998570
baseline	2	3.620034	0.110990	1.385812
baseline	2	3.640001	0.078002	1.830999
baseline	2	3.660000	0.077614	3.090718
baseline	2	3.679994	0.071075	1.935855
baseline	2	3.699998	0.075669	1.439893
baseline	2	3.720000	0.076805	3.541618
baseline	2	3.740002	0.079650	2.989474
baseline	2	3.759996	0.073336	2.928356
baseline	2	3.779996	0.073197	2.953865
baseline	2	3.799994	0.071135	1.393603
baseline	2	3.819996	0.073028	2.809550
baseline	2	3.840142	0.219709	1.768978
baseline	2	3.859993	0.070493	1.308951
baseline	2	3.879997	0.074006	2.836430
baseline	2	3.899995	0.072169	1.349203
baseline	2	3.919996	0.073029	2.706677
baseline	2	3.939996	0.073655	2.732156
baseline	2	3.959999	0.076677	2.700077
baseline	2	3.980000	0.076840	2.709459
baseline	2	3.999993	0.070333	1.291452
baseline	2	4.020000	0.077287	2.697978
baseline	2	4.040000	0.076894	2.731968
baseline	2	4.059998	0.074795	2.604328
baseline	2	4.079993	0.070314	2.636961
baseline	2	4.100030	0.107679	1.211431
baseline	2	4.120001	0.077905	2.700034
baseline	2	4.140000	0.077630	2.810355
baseline	2	4.160000	0.077281	2.939968
baseline	2	4.179998	0.075353	3.397529
baseline	2	4.200007	0.084661	7.976014
baseline	2	4.219994	0.071704	1.259212
baseline	2	4.239994	0.071123	1.264483
baseline	2	4.259996	0.073440	1.324308
baseline	2	4.280001	0.077889	3.103554
baseline	2	4.300000	0.077736	8.606907
baseline	2	4.319999	0.076150	3.071984
baseline	2	4.340018	0.095288	3.077284
baseline	2	4.359997	0.074035	3.137655
baseline	2	4.379997	0.074184	3.141530
baseline	2	4.400027	0.104197	8.479874
baseline	2	4.420002	0.078888	3.020069
baseline	2	4.440001	0.078194	2.933791
baseline	2	4.460000	0.077465	3.087597
baseline	2	4.479994	0.071646	1.314665
baseline	2	4.499994	0.071722	1.328734
baseline	2	4.520032	0.109141	1.377737
baseline	2	4.539997	0.073847	1.582800
baseline	2	4.560000	0.077338	1.350608
baseline	2	4.579994	0.071020	1.304679
baseline	2	4.599994	0.071371	1.293072
baseline	2	4.619997	0.074320	1.364404
baseline	2	4.639996	0.073426	1.304937
baseline	2	4.659998	0.075008	1.349561
baseline	2	4.679996	0.073644	1.356655
baseline	2	4.700033	0.110415	1.391088
baseline	2	4.719994	0.071447	1.277663
baseline	2	4.739995	0.072501	1.504050
baseline	2	4.759994	0.071499	1.210314
baseline	2	4.779991	0.068693	1.266805
baseline	2	4.799994	0.071335	1.209633
baseline	2	4.819996	0.073123	1.213863
baseline	2	4.840036	0.113170	1.435202
baseline	2	4.859994	0.071125	1.212323
baseline	2	4.879992	0.069423	1.288825
baseline	2	4.899993	0.070090	1.206936
baseline	2	4.919995	0.072234	1.214233
baseline	2	4.940004	0.080957	1.545870
baseline	2	4.959994	0.070974	1.218735
baseline	2	4.979990	0.067625	1.369136
baseline	2	4.999992	0.069565	1.219546
baseline	2	5.019992	0.069605	1.262114
baseline	2	5.039994	0.071183	1.530751
baseline	2	5.060006	0.083056	3.478373
baseline	2	5.079996	0.073035	2.753994
baseline	2	5.099999	0.076180	8.615156
baseline	2	5.120002	0.079711	3.268852
baseline	2	5.139997	0.074301	3.260455
baseline	2	5.160173	0.250412	1.308833
baseline	2	5.179993	0.070477	1.474983
baseline	2	5.199996	0.072926	1.312558
baseline	2	5.219996	0.073720	1.281251
baseline	2	5.239997	0.074555	3.126488
baseline	2	5.260156	0.233630	3.420605
baseline	2	5.279997	0.074642	3.198473
baseline	2	5.300000	0.077030	8.916664
baseline	2	5.319998	0.074970	3.233933
baseline	2	5.339998	0.075202	3.259666
baseline	2	5.360157	0.234718	1.668051
baseline	2	5.379994	0.070843	1.353235
baseline	2	5.399994	0.071659	1.269584
baseline	2	5.419995	0.071885	1.267968
baseline	2	5.440000	0.077746	1.641301
baseline	2	5.459995	0.072405	1.269555
baseline	2	5.479993	0.070713	1.404267
baseline	2	5.499999	0.076566	1.597399
baseline	2	5.519995	0.072692	1.315660
baseline	2	5.539995	0.072331	1.559418
baseline	2	5.559995	0.072196	1.271346
baseline	2	5.579995	0.072199	1.317267
baseline	2	5.600031	0.108404	1.299585
baseline	2	5.619994	0.071577	1.294814
baseline	2	5.639998	0.075107	3.022816
baseline	2	5.660196	0.273151	3.044370
baseline	2	5.680000	0.077637	2.894509
baseline	2	5.699998	0.075154	8.446192
baseline	2	5.719998	0.074861	3.074155
baseline	2	5.739998	0.074906	3.990062
baseline	2	5.760029	0.106660	1.567866
baseline	2	5.779991	0.068696	1.818153
baseline	2	5.799991	0.068397	1.228050
baseline	2	5.819994	0.071635	1.223149
baseline	2	5.839993	0.070248	1.231234
baseline	2	5.859991	0.068765	1.230156
baseline	2	5.879994	0.070862	1.610863
baseline	2	5.899995	0.071968	1.268281
baseline	2	5.919992	0.069288	1.304136
baseline	2	5.939994	0.071091	1.222758
baseline	2	5.959992	0.069504	1.227960
baseline	2	5.979994	0.071602	1.523025
baseline	2	5.999992	0.069420	1.224124
baseline	2	6.019993	0.070341	1.228121
baseline	2	6.039992	0.069366	1.595410
baseline	2	6.060021	0.097875	1.293759
baseline	2	6.079992	0.069445	1.498304
baseline	2	6.099992	0.069363	1.222761
baseline	2	6.119994	0.071482	1.216325
baseline	2	6.139994	0.071190	1.217722
baseline	2	6.159992	0.069453	1.222956
baseline	2	6.179994	0.071760	1.536891
baseline	2	6.199993	0.070155	1.216458
baseline	2	6.219994	0.070928	1.215084
baseline	2	6.239993	0.070508	1.220385
baseline	2	6.259992	0.068935	1.226453
baseline	2	6.279998	0.075168	3.000028
baseline	2	6.302837	2.913839	6.800525
baseline	2	6.320005	0.082355	2.836260
baseline	2	6.340000	0.077770	1.285959
baseline	2	6.359995	0.072482	1.274422
baseline	2	6.380000	0.076963	1.515204
baseline	2	6.399994	0.070952	1.264030
baseline	2	6.419995	0.071897	1.269419
baseline	2	6.439995	0.071804	1.269606
baseline	2	6.459997	0.073946	2.888118
baseline	2	6.479996	0.073260	2.869425
baseline	2	6.499997	0.074616	8.678037
baseline	2	6.519999	0.075862	3.078052
baseline	2	6.539994	0.070813	2.082515
baseline	2	6.559999	0.076320	3.234710
baseline	2	6.579996	0.072833	1.494201
baseline	2	6.599996	0.073228	1.402933
baseline	2	6.619992	0.069774	1.587511
baseline	2	6.639996	0.072853	2.175887
baseline	2	6.659993	0.070178	1.272332
baseline	2	6.679993	0.070085	1.459109
baseline	2	6.699993	0.070651	1.265709
baseline	2	6.719994	0.070819	1.265675
baseline	2	6.739994	0.071465	2.067464
baseline	2	6.759993	0.070602	1.576045
baseline	2	6.779993	0.069887	1.508032
baseline	2	6.799992	0.069436	1.262465
baseline	2	6.819999	0.075994	1.505637
baseline	2	6.839995	0.072103	1.267390
baseline	2	6.859994	0.071440	1.577570
baseline	2	6.880016	0.093272	1.335979
baseline	2	6.899994	0.071433	1.216780
baseline	2	6.919994	0.071314	1.227221
baseline	2	6.939994	0.071146	1.219857
baseline	2	6.959993	0.070534	1.253700
baseline	2	6.979998	0.075512	1.279805
baseline	2	6.999994	0.070945	1.216463
baseline	2	7.019998	0.075454	2.097372
baseline	2	7.039992	0.068922	2.193839
baseline	2	7.059995	0.072225	1.262847
baseline	2	7.080150	0.227481	1.992741
baseline	2	7.099994	0.071063	1.466556
baseline	2	7.119994	0.071090	1.272423
baseline	2	7.139995	0.071919	1.429427
baseline	2	7.159995	0.071943	1.264164
baseline	2	7.180010	0.087598	3.123401
baseline	2	7.199998	0.075673	8.659850
baseline	2	7.220000	0.077769	3.026724
baseline	2	7.240029	0.105930	1.591157
baseline	2	7.260192	0.269513	3.034426
baseline	2	7.280001	0.078060	2.995204
baseline	2	7.300000	0.077436	8.645442
baseline	2	7.320496	0.573772	2.986950
baseline	2	7.339999	0.075968	3.059606
baseline	2	7.359998	0.075095	3.030574
baseline	2	7.380006	0.083633	3.022760
baseline	2	7.400002	0.079687	8.702471
baseline	2	7.420003	0.080139	2.952726
baseline	2	7.439999	0.076548	2.912568
baseline	2	7.459999	0.076170	2.897880
baseline	2	7.480003	0.080223	2.921920
baseline	2	7.499998	0.075698	8.821518
baseline	2	7.520000	0.076850	3.161893
baseline	2	7.540037	0.114413	1.848718
baseline	2	7.559996	0.073557	1.394206
baseline	2	7.580000	0.077124	2.880408
baseline	2	7.599995	0.072026	1.313631
baseline	2	7.619997	0.074153	2.859331
baseline	2	7.640000	0.077702	1.821989
baseline	2	7.659996	0.072855	1.267264
baseline	2	7.679995	0.072435	1.274847
baseline	2	7.699994	0.071641	1.266782
baseline	2	7.719998	0.075128	1.696063
baseline	2	7.740006	0.083404	1.521529
baseline	2	7.759993	0.070096	1.267386
baseline	2	7.779996	0.073735	2.638648
baseline	2	7.799995	0.071928	1.287191
baseline	2	7.819996	0.073082	1.375251
baseline	2	7.839997	0.074512	2.815029
baseline	2	7.859996	0.072817	2.714504
baseline	2	7.879993	0.070337	2.715207
baseline	2	7.899993	0.070232	1.297270
baseline	2	7.919996	0.073301	2.610523
baseline	2	7.940185	0.261802	1.635154
baseline	2	7.960313	0.390524	2.635823
baseline	2	7.979994	0.070802	2.611252
baseline	2	7.999995	0.071841	1.321533
baseline	2	8.019999	0.075786	2.648721
baseline	2	8.040130	0.207608	1.534799
baseline	2	8.060318	0.395121	2.640800
baseline	2	8.079994	0.071245	2.622560
baseline	2	8.099992	0.069445	1.215747
baseline	2	8.119995	0.072219	2.638359
baseline	2	8.139995	0.072108	2.674569
baseline	2	8.159995	0.072078	2.611219
baseline	2	8.179992	0.069708	2.615232
baseline	2	8.199994	0.071692	1.235531
baseline	2	8.219994	0.071365	1.217435
baseline	2	8.240005	0.082091	2.767790
baseline	2	8.259997	0.074065	2.893592
baseline	2	8.280031	0.108770	1.285359
baseline	2	8.299996	0.072899	1.298709
baseline	2	8.321829	1.905877	5.434676
baseline	2	8.340239	0.316553	2.499087
baseline	2	8.359995	0.071861	1.271951
baseline	2	8.379999	0.076612	1.694340
baseline	2	8.399995	0.072154	1.395516
baseline	2	8.419993	0.070645	1.269830
baseline	2	8.440000	0.077424	1.522676
baseline	2	8.459998	0.075289	1.354586
baseline	2	8.479996	0.073620	1.333062
baseline	2	8.499994	0.071416	1.546867
baseline	2	8.520047	0.123885	1.270320
baseline	2	8.540033	0.109970	1.467906
baseline	2	8.559994	0.070906	1.401436
baseline	2	8.580031	0.108119	1.290961
baseline	2	8.600032	0.109060	1.269992
baseline	2	8.619995	0.072095	1.393905
baseline	2	8.640007	0.084663	1.401887
baseline	2	8.659995	0.071836	1.312127
baseline	2	8.679995	0.072086	1.256258
baseline	2	8.699994	0.071075	1.258584
baseline	2	8.719995	0.072628	1.257347
baseline	2	8.739997	0.074144	1.498431
baseline	2	8.759995	0.072207	1.209157
baseline	2	8.780026	0.103189	1.357370
baseline	2	8.799993	0.070104	1.208019
baseline	2	8.819993	0.070520	1.213503
baseline	2	8.839993	0.070172	1.261253
baseline	2	8.859994	0.071516	1.385985
baseline	2	8.879993	0.070758	1.224178
baseline	2	8.899992	0.068830	1.212127
baseline	2	8.919992	0.068990	1.208503
baseline	2	8.940000	0.076898	2.155584
baseline	2	8.960028	0.105459	1.215275
baseline	2	8.979994	0.070950	1.214438
baseline	2	8.999992	0.069214	1.211041
baseline	2	9.019992	0.069405	1.208805
baseline	2	9.040002	0.079784	1.364798
baseline	2	9.059996	0.073617	1.212058
baseline	2	9.080001	0.077874	2.437819
baseline	2	9.099992	0.069686	1.213346
baseline	2	9.119994	0.071108	1.212590
baseline	2	9.140114	0.191235	1.895072
baseline	2	9.160003	0.079803	2.734069
baseline	2	9.179999	0.075847	3.086936
baseline	2	9.199999	0.076768	8.783109
baseline	2	9.220001	0.077838	3.111606
baseline	2	9.240042	0.119103	1.595135
baseline	2	9.259998	0.075446	2.469043
baseline	2	9.280044	0.120824	2.424939
baseline	2	9.300001	0.077966	8.080171
baseline	2	9.319999	0.076633	2.348993
baseline	2	9.339994	0.071157	1.321075
baseline	2	9.359994	0.071021	1.256774
baseline	2	9.379992	0.069369	1.261675
baseline	2	9.399994	0.071351	1.381497
baseline	2	9.419995	0.072299	2.957892
baseline	2	9.440001	0.078674	1.377602
baseline	2	9.459994	0.071573	1.971520
baseline	2	9.479994	0.071116	1.256359
baseline	2	9.499996	0.073094	1.261940
baseline	2	9.519995	0.071973	1.259787
baseline	2	9.540000	0.077310	1.329175
baseline	2	9.559996	0.073536	1.208955
baseline	2	9.579995	0.071942	1.210002
baseline	2	9.599994	0.070882	1.209193
baseline	2	9.619995	0.072353	1.255881
baseline	2	9.640002	0.079144	2.952371
baseline	2	9.659997	0.074180	1.259356
baseline	2	9.680020	0.097731	1.262158
baseline	2	9.699992	0.069457	1.262880
baseline	2	9.719992	0.068895	1.255390
baseline	2	9.739995	0.071814	1.376950
baseline	2	9.759996	0.073764	1.275303
baseline	2	9.780018	0.094857	1.319206
baseline	2	9.799990	0.067717	1.278086
baseline	2	9.819992	0.069706	1.216466
baseline	2	9.840033	0.110689	1.261306
baseline	2	9.859995	0.072252	1.248967
baseline	2	9.879993	0.070255	1.817576
baseline	2	9.899993	0.070615	1.252355
baseline	2	9.920032	0.109303	1.276883
baseline	2	9.939992	0.069525	1.683477
baseline	2	9.959992	0.068801	1.215986
baseline	2	9.980007	0.084718	1.337143
baseline	2	10.000010	0.087273	9.849119
baseline	2	10.020002	0.079193	3.323179
baseline	2	10.039994	0.071664	1.268001
baseline	2	10.059996	0.073452	1.420433
baseline	2	10.079995	0.072486	1.329790
baseline	2	10.099997	0.073990	1.324756
baseline	2	10.119993	0.070046	1.256441
baseline	2	10.140824	0.901595	2.438284
baseline	2	10.159999	0.076030	1.275546
baseline	2	10.179993	0.070201	1.369964
baseline	2	10.199999	0.076747	1.425458
baseline	2	10.219995	0.072566	1.270046
baseline	2	10.240001	0.078361	1.836770
baseline	2	10.259997	0.074235	1.273015
baseline	2	10.279992	0.069378	2.373634
baseline	2	10.300003	0.080497	8.841782
baseline	2	10.320826	0.903708	5.598013
baseline	2	10.339999	0.075957	2.202530
baseline	2	10.360178	0.255259	2.673767
baseline	2	10.379996	0.073151	1.319244
baseline	2	10.400039	0.116106	1.321374
baseline	2	10.419994	0.071656	2.046121
baseline	2	10.439993	0.070471	1.260679
baseline	2	10.459991	0.068608	1.277643
baseline	2	10.479991	0.068309	1.269475
baseline	2	10.500818	0.895175	1.546782
baseline	2	10.519993	0.070202	1.879374
baseline	2	10.540152	0.229059	1.407586
baseline	2	10.559993	0.070296	1.259731
baseline	2	10.580001	0.078641	1.529790
baseline	2	10.599994	0.071594	1.434119
baseline	2	10.619998	0.075758	2.819038
baseline	2	10.639996	0.073337	2.762091
baseline	2	10.659998	0.075259	2.974453
baseline	2	10.679997	0.074136	2.981509
baseline	2	10.699995	0.072602	1.256288
baseline	2	10.719993	0.070488	1.456206
baseline	2	10.739993	0.070348	1.257215
baseline	2	10.759994	0.070800	1.272389
baseline	2	10.779994	0.071558	1.339308
baseline	2	10.799997	0.074578	1.422354
baseline	2	10.819999	0.076750	3.036419
baseline	2	10.839999	0.076013	3.101464
baseline	2	10.860004	0.081327	2.873234
baseline	2	10.879994	0.071495	1.270804
baseline	2	10.899994	0.070813	1.284317
baseline	2	10.920032	0.109431	1.334717
baseline	2	10.940220	0.296963	1.277576
baseline	2	10.959994	0.070812	1.272296
baseline	2	10.979992	0.069086	1.219304
baseline	2	10.999994	0.071245	1.281640
baseline	2	11.020004	0.081769	1.301166
baseline	2	11.039993	0.070008	1.215449
baseline	2	11.059992	0.069765	2.025597
baseline	2	11.082815	2.892592	3.229105
baseline	2	11.100007	0.084128	7.920035
baseline	2	11.119997	0.074324	1.640600
baseline	2	11.139996	0.073380	1.315036
baseline	2	11.159992	0.069623	1.256286
baseline	2	11.179994	0.071372	1.257269
baseline	2	11.199996	0.073026	1.313703
baseline	2	11.220000	0.077441	1.564246
baseline	2	11.239993	0.070272	1.261635
baseline	2	11.259999	0.075965	2.472689
baseline	2	11.279999	0.075802	2.434769
baseline	2	11.300002	0.079167	8.090647
baseline	2	11.320381	0.457934	2.477068
baseline	2	11.339997	0.073923	1.369493
baseline	2	11.359995	0.072486	1.345679
baseline	2	11.379995	0.071897	1.363654
baseline	2	11.399998	0.075336	1.340819
baseline	2	11.419995	0.072631	1.357817
baseline	2	11.439994	0.071447	1.274229
baseline	2	11.460309	0.386633	1.348714
baseline	2	11.479995	0.072265	1.335368
baseline	2	11.499995	0.072081	1.341544
baseline	2	11.520000	0.077062	1.340726
baseline	2	11.539997	0.074775	3.150889
baseline	2	11.560003	0.080389	3.052472
baseline	2	11.580001	0.077850	3.100039
baseline	2	11.600002	0.079723	8.802810
baseline	2	11.620000	0.077427	1.590169
baseline	2	11.639997	0.074031	1.453260
baseline	2	11.659994	0.070954	1.267163
baseline	2	11.679994	0.071411	1.319111
baseline	2	11.699994	0.071173	1.340901
baseline	2	11.720000	0.077015	1.692022
baseline	2	11.739996	0.073312	1.312735
baseline	2	11.761047	1.124152	2.125958
baseline	2	11.779996	0.072926	1.319926
baseline	2	11.799995	0.071967	1.307467
baseline	2	11.820017	0.093819	1.765133
baseline	2	11.839998	0.075450	1.919824
baseline	2	11.859996	0.073079	1.822658
baseline	2	11.879999	0.076241	2.727179
baseline	2	11.900000	0.076823	8.893430
baseline	2	11.920000	0.076970	3.225280
baseline	2	11.940035	0.111835	1.323739
baseline	2	11.959993	0.070373	1.317271
baseline	2	11.979996	0.073782	1.391416
baseline	2	11.999999	0.076000	1.397892
baseline	2	12.019995	0.071979	1.434215
baseline	2	12.040004	0.080855	3.193339
baseline	2	12.059999	0.076455	3.105526
baseline	2	12.080004	0.081025	3.094645
baseline	2	12.100000	0.076961	1.343458
baseline	2	12.119993	0.070214	1.365803
baseline	2	12.140037	0.114704	1.390437
baseline	2	12.159994	0.071673	1.747714
baseline	2	12.179998	0.075514	1.420354
baseline	2	12.199992	0.069324	1.330955
baseline	2	12.219995	0.072725	1.607997
baseline	2	12.239995	0.072195	1.329525
baseline	2	12.260489	0.566373	6.388807
baseline	2	12.280002	0.078978	2.649515
baseline	2	12.300009	0.086346	8.849306
baseline	2	12.320008	0.085311	2.629937
baseline	2	12.340845	0.922435	3.100296
baseline	2	12.360004	0.081108	3.119777
baseline	2	12.380005	0.082736	3.318641
baseline	2	12.400005	0.082782	8.857560
baseline	2	12.420002	0.079153	3.097128
baseline	2	12.440000	0.076874	3.144574
baseline	2	12.460823	0.900652	6.167057
baseline	2	12.480007	0.084670	5.197812
baseline	2	12.500011	0.087947	9.347735
baseline	2	12.520007	0.084758	3.273568
baseline	2	12.540006	0.083754	3.170486
baseline	2	12.560005	0.082150	5.177125
baseline	2	12.580007	0.084203	3.305405
baseline	2	12.609828	9.905541	7.599772
baseline	2	12.620001	0.078460	6.302751
baseline	2	12.640000	0.077728	6.597861
baseline	2	12.660813	0.890673	6.538630
baseline	2	12.680036	0.113466	1.555662
baseline	2	12.700000	0.077302	1.635487
baseline	2	12.720042	0.119249	1.557839
baseline	2	12.739999	0.076026	2.384018
baseline	2	12.760006	0.083587	6.774390
baseline	2	12.780007	0.084283	3.648067
baseline	2	12.800009	0.085930	9.311476
baseline	2	12.820002	0.079653	3.575107
baseline	2	12.840016	0.093216	4.239329
baseline	2	12.860005	0.082608	3.600752
baseline	2	12.880003	0.080705	3.601871
baseline	2	12.900008	0.085362	9.092798
baseline	2	12.920006	0.083199	3.421829
baseline	2	12.940012	0.089644	3.215212
baseline	2	12.960002	0.079590	3.185836
baseline	2	12.980016	0.092861	3.156969
baseline	2	13.008824	8.901556	1.511465
baseline	2	13.020985	1.061956	6.089635
baseline	2	13.040000	0.077431	5.959428
baseline	2	13.060002	0.079622	6.152575
baseline	2	13.080002	0.078850	6.440607
baseline	2	13.100004	0.081716	4.164580
baseline	2	13.119998	0.075065	3.406584
baseline	2	13.140835	0.912695	6.378019
baseline	2	13.160006	0.083433	3.294116
baseline	2	13.179999	0.076421	3.225696
baseline	2	13.200000	0.077123	1.499442
baseline	2	13.220003	0.080130	3.314939
baseline	2	13.240001	0.078102	3.154468
baseline	2	13.260037	0.114543	1.785023
baseline	2	13.280075	0.152450	3.812887
baseline	2	13.300005	0.081842	1.439787
baseline	2	13.320005	0.082108	1.700363
baseline	2	13.340000	0.077654	2.758055
baseline	2	13.360008	0.085504	3.189812
baseline	2	13.379995	0.072169	1.432798
baseline	2	13.408622	8.699335	3.149278
baseline	2	13.420014	0.091315	3.299501
baseline	2	13.440004	0.081256	3.126196
baseline	2	13.460007	0.084114	4.243721
baseline	2	13.480114	0.191024	2.469700
baseline	2	13.499997	0.074717	1.433295
baseline	2	13.520009	0.086135	3.199069
baseline	2	13.539999	0.076602	2.315615
baseline	2	13.560558	0.634927	3.531072
baseline	2	13.580001	0.078278	1.502073
baseline	2	13.600000	0.077391	1.658211
baseline	2	13.619998	0.075445	3.315706
baseline	2	13.639998	0.075656	1.511726
baseline	2	13.659999	0.076157	2.891343
baseline	2	13.680002	0.079499	2.471849
baseline	2	13.700009	0.086491	8.146464
baseline	2	13.720038	0.115002	2.734197
baseline	2	13.739996	0.073197	1.503191
baseline	2	13.759997	0.074266	1.535401
baseline	2	13.780032	0.109183	1.386108
baseline	2	13.799994	0.071616	1.392814
baseline	2	13.820001	0.078324	1.962073
baseline	2	13.839997	0.073855	1.535928
baseline	2	13.859999	0.075907	2.532107
baseline	2	13.879996	0.073305	1.505254
baseline	2	13.899998	0.075231	1.403595
baseline	2	13.920004	0.081130	2.017866
baseline	2	13.939996	0.073240	1.475672
baseline	2	13.959996	0.072815	1.411296
baseline	2	13.979995	0.072074	1.317664
baseline	2	13.999994	0.071293	1.270867
baseline	2	14.019997	0.073993	1.375366
baseline	2	14.039995	0.071828	1.363971
baseline	2	14.059994	0.071563	2.010158
baseline	2	14.079995	0.071916	1.266057
baseline	2	14.099994	0.071565	1.282376
baseline	2	14.119993	0.070222	1.534646
baseline	2	14.139995	0.072672	1.314035
baseline	2	14.159995	0.072256	1.284142
baseline	2	14.179994	0.071050	1.235739
baseline	2	14.199996	0.073671	7.962480
baseline	2	14.219998	0.075170	1.843523
baseline	2	14.239996	0.072880	1.282833
baseline	2	14.260001	0.077852	2.371637
baseline	2	14.280007	0.084057	2.792738
baseline	2	14.300003	0.080586	8.417865
baseline	2	14.320010	0.087762	2.543138
baseline	2	14.339994	0.070871	1.368725
baseline	2	14.359993	0.069999	1.859359
baseline	2	14.379994	0.070792	1.312555
baseline	2	14.399996	0.073242	1.344306
baseline	2	14.419996	0.072799	1.616351
baseline	2	14.439995	0.071791	1.321572
baseline	2	14.459993	0.070031	1.267135
baseline	2	14.479994	0.070870	1.280933
baseline	2	14.499994	0.071427	1.279793
baseline	2	14.519997	0.073968	1.860475
baseline	2	14.539998	0.075416	1.457499
baseline	2	14.559994	0.071106	1.319620
baseline	2	14.579995	0.072168	1.281972
baseline	2	14.607481	7.558132	1.238322
baseline	2	14.620033	0.110129	1.436108
baseline	2	14.639991	0.068740	1.330122
baseline	2	14.659998	0.075688	2.801316
baseline	2	14.679997	0.073845	2.964262
baseline	2	14.699998	0.075100	8.613055
baseline	2	14.720002	0.079321	3.183115
baseline	2	14.740014	0.091543	3.120660
baseline	2	14.759995	0.072404	3.212910
baseline	2	14.780002	0.078878	2.861816
baseline	2	14.800002	0.079180	8.843114
baseline	2	14.820042	0.119440	1.386420
baseline	2	14.839994	0.071151	1.316699
baseline	2	14.859994	0.071394	1.318705
baseline	2	14.879995	0.072251	1.262745
baseline	2	14.899994	0.071653	1.327085
baseline	2	14.919991	0.068780	1.659368
baseline	2	14.939997	0.074312	1.353177
baseline	2	14.960064	0.141690	2.604458
baseline	2	14.979995	0.072640	1.409920
baseline	2	14.999994	0.071096	1.270190
baseline	2	15.019993	0.069800	1.644950
baseline	2	15.039993	0.070218	1.266906
baseline	2	15.060004	0.081015	1.760249
baseline	2	15.079994	0.071385	1.219084
baseline	2	15.099994	0.070873	1.277314
baseline	2	15.119996	0.073595	1.294138
baseline	2	15.139994	0.070809	1.221708
baseline	2	15.159994	0.071156	1.696586
baseline	2	15.179994	0.071780	1.222138
baseline	2	15.199992	0.069652	1.220085
baseline	2	15.219991	0.068709	1.480037
baseline	2	15.239990	0.067487	1.395987
baseline	2	15.260002	0.079704	2.936194
baseline	2	15.282819	2.895993	1.765958
baseline	2	15.300004	0.081421	8.646029
baseline	2	15.320000	0.077417	2.608257
baseline	2	15.340004	0.081560	1.756833
baseline	2	15.359992	0.069533	1.766840
baseline	2	15.380000	0.077020	3.211760
baseline	2	15.400031	0.108505	1.323391
baseline	2	15.419995	0.072241	1.589972
baseline	2	15.439996	0.073205	1.481749
baseline	2	15.460003	0.079980	3.582870
baseline	2	15.480030	0.107404	1.317599
baseline	2	15.499995	0.072748	1.327305
baseline	2	15.519995	0.072753	1.848252
baseline	2	15.539994	0.071469	1.444733
baseline	2	15.560001	0.077913	1.696990
baseline	2	15.579997	0.074328	1.347282
baseline	2	15.599995	0.072306	1.312010
baseline	2	15.619994	0.070815	1.618865
baseline	2	15.639992	0.069198	1.421562
baseline	2	15.659997	0.074171	1.520618
baseline	2	15.679995	0.072638	1.363852
baseline	2	15.699995	0.072442	1.362981
baseline	2	15.720000	0.076902	3.101864
baseline	2	15.740031	0.107827	1.418118
baseline	2	15.760000	0.077118	1.710376
baseline	2	15.779995	0.072598	1.363323
baseline	2	15.799994	0.070863	1.359154
baseline	2	15.819994	0.071407	1.681713
baseline	2	15.839993	0.070613	1.476411
baseline	2	15.859994	0.071073	1.595578
baseline	2	15.879994	0.071663	1.308258
baseline	2	15.900033	0.110565	1.367629
baseline	2	15.919996	0.072834	2.951062
baseline	2	15.939997	0.073901	3.161628
baseline	2	15.960001	0.078625	2.846717
baseline	2	15.979999	0.076347	2.855856
baseline	2	15.999993	0.069825	1.316147
baseline	2	16.020023	0.100094	1.325364
baseline	2	16.039993	0.070334	1.306347
baseline	2	16.059994	0.071224	1.526852
baseline	2	16.079996	0.073778	1.427753
baseline	2	16.101268	1.345648	7.093921
baseline	2	16.119995	0.072648	1.646344
baseline	2	16.139994	0.071706	1.652731
baseline	2	16.159995	0.072469	1.810267
baseline	2	16.180004	0.081316	2.975180
baseline	2	16.199993	0.070637	1.364165
baseline	2	16.219997	0.074566	3.083542
baseline	2	16.239998	0.075035	3.504604
baseline	2	16.260005	0.082000	2.806764
baseline	2	16.282824	2.901740	3.346681
baseline	2	16.300005	0.082030	9.112310
baseline	2	16.322834	2.910882	3.400934
baseline	2	16.340001	0.078579	1.383814
baseline	2	16.360002	0.079069	3.211919
baseline	2	16.380038	0.115222	1.377926
baseline	2	16.399995	0.072173	1.369506
baseline	2	16.420004	0.081114	1.847578
baseline	2	16.439993	0.070655	1.580194
baseline	2	16.460002	0.079612	1.818038
baseline	2	16.479995	0.072117	1.363080
baseline	2	16.499996	0.073044	7.916554
baseline	2	16.520000	0.077042	1.370484
baseline	2	16.539996	0.073618	1.635469
baseline	2	16.559995	0.072765	1.668711
baseline	2	16.579999	0.076393	1.415786
baseline	2	16.600032	0.108950	1.724881
baseline	2	16.620000	0.076999	3.225711
baseline	2	16.640005	0.082208	3.280041
baseline	2	16.660035	0.112166	1.517895
baseline	2	16.679998	0.074841	1.347914
baseline	2	16.699996	0.073541	1.767535
baseline	2	16.720000	0.077350	3.220617
baseline	2	16.739998	0.075068	3.357563
baseline	2	16.760776	0.852885	2.727808
baseline	2	16.780003	0.080124	2.189903
baseline	2	16.800002	0.079681	8.974646
baseline	2	16.820004	0.081082	3.487731
baseline	2	16.839998	0.075750	2.935301
baseline	2	16.859999	0.076643	3.147281
baseline	2	16.880002	0.078981	3.322259
baseline	2	16.900007	0.084077	9.074371
baseline	2	16.920007	0.083920	3.343977
baseline	2	16.940003	0.080739	3.402800
baseline	2	16.960044	0.121683	1.804799
baseline	2	16.980157	0.234749	2.514535
baseline	2	16.999998	0.075742	7.598898
baseline	2	17.019997	0.074220	1.435649
baseline	2	17.039992	0.069553	2.759565
baseline	2	17.060020	0.097119	1.550772
baseline	2	17.079995	0.072425	1.358563
baseline	2	17.100001	0.078747	8.942416
baseline	2	17.120003	0.080687	3.261658
baseline	2	17.140002	0.079457	3.450549
baseline	2	17.160032	0.109038	3.145456
baseline	2	17.179997	0.074722	3.126889
baseline	2	17.200000	0.076932	7.706017
baseline	2	17.220843	0.920185	4.924672
baseline	2	17.240921	0.997952	3.180748
baseline	2	17.260824	0.900876	4.158689
baseline	2	17.280000	0.077243	1.445938
baseline	2	17.300004	0.081203	9.095037
baseline	2	17.320001	0.077877	2.952957
baseline	2	17.340002	0.078895	1.915882
baseline	2	17.360007	0.084535	3.905959
baseline	2	17.380002	0.079248	2.877364
baseline	2	17.400040	0.117108	7.897528
baseline	2	17.420003	0.080146	3.649427
baseline	2	17.439996	0.072984	1.479614
baseline	2	17.460003	0.080746	1.603034
baseline	2	17.479996	0.072900	1.436650
baseline	2	17.499996	0.073261	1.618992
baseline	2	17.519997	0.074514	1.429293
baseline	2	17.539995	0.071908	1.431430
baseline	2	17.559998	0.075372	1.697493
baseline	2	17.579999	0.076160	1.395369
baseline	2	17.599996	0.073098	1.488434
baseline	2	17.619998	0.074901	1.415127
baseline	2	17.639995	0.071875	1.369995
baseline	2	17.660069	0.146146	3.280844
baseline	2	17.680002	0.079772	3.179225
baseline	2	17.700004	0.081605	9.034836
baseline	2	17.719997	0.074727	3.163007
baseline	2	17.740002	0.078848	3.284708
baseline	2	17.760001	0.078363	3.184977
baseline	2	17.780093	0.170679	3.148168
baseline	2	17.800824	0.901593	8.138953
baseline	2	17.820823	0.900310	5.153707
baseline	2	17.840006	0.083332	3.088982
baseline	2	17.860012	0.089755	3.332638
baseline	2	17.880007	0.084438	4.518401
baseline	2	17.900009	0.085844	8.023993
baseline	2	17.920712	0.789460	1.489095
baseline	2	17.940005	0.082305	5.595361
baseline	2	17.960008	0.085738	1.988334
baseline	2	17.980035	0.112088	1.766475
baseline	2	17.999994	0.071141	9.062683
baseline	2	18.019995	0.072375	1.466048
baseline	2	18.039996	0.073216	1.741088
baseline	2	18.059998	0.075553	2.774037
baseline	2	18.080012	0.088811	3.585033
baseline	2	18.100006	0.082956	9.246591
baseline	2	18.119999	0.076645	3.372897
baseline	2	18.140004	0.080914	3.334512
baseline	2	18.160004	0.081405	3.237519
baseline	2	18.180535	0.612775	3.450072
baseline	2	18.199999	0.075817	1.435652
baseline	2	18.219996	0.073518	3.134280
baseline	2	18.239997	0.074383	3.152451
baseline	2	18.260000	0.077366	3.029714
baseline	2	18.279996	0.072872	3.466214
baseline	2	18.300001	0.078698	1.419671
baseline	2	18.319997	0.074219	3.059964
baseline	2	18.339997	0.074136	3.030952
baseline	2	18.359997	0.074111	3.026579
baseline	2	18.379998	0.075418	3.491097
baseline	2	18.399996	0.073499	1.674902
baseline	2	18.419997	0.074698	3.121919
baseline	2	18.440000	0.077026	3.121019
baseline	2	18.459997	0.074638	3.208396
baseline	2	18.480000	0.077475	3.658418
baseline	2	18.500003	0.079884	9.695524
baseline	2	18.519999	0.075865	3.090997
baseline	2	18.539997	0.074719	2.950481
baseline	2	18.559997	0.074455	3.011485
baseline	2	18.579997	0.074771	3.473694
baseline	2	18.599997	0.074140	1.369178
baseline	2	18.619999	0.076038	3.083879
baseline	2	18.639998	0.075162	3.007463
baseline	2	18.659994	0.071463	3.062132
baseline	2	18.679996	0.073069	3.494608
baseline	2	18.700000	0.076875	1.416131
baseline	2	18.719994	0.070923	2.997495
baseline	2	18.742851	2.928380	3.033357
baseline	2	18.759995	0.072387	3.226546
baseline	2	18.780000	0.077153	2.951637
baseline	2	18.799998	0.075145	1.463317
baseline	2	18.819999	0.076052	3.071090
baseline	2	18.839997	0.074251	3.013073
baseline	2	18.860002	0.079140	3.137657
baseline	2	18.879999	0.075984	3.488362
baseline	2	18.899998	0.075376	1.435933
baseline	2	18.919997	0.074386	3.003682
baseline	2	18.939999	0.075891	3.077996
baseline	2	18.959997	0.073882	3.066572
baseline	2	18.979997	0.074459	3.489697
baseline	2	18.999995	0.072468	7.554463
baseline	2	19.020003	0.079955	3.016167
baseline	2	19.040004	0.081778	1.524022
baseline	2	19.060043	0.120052	2.179346
baseline	2	19.079996	0.073574	1.365149
baseline	2	19.099994	0.071479	1.376170
baseline	2	19.119996	0.073725	1.375222
baseline	2	19.139976	0.052845	2.944713
baseline	2	19.160002	0.079558	3.015135
baseline	2	19.179995	0.072668	3.455973
baseline	2	19.199996	0.073725	1.371037
baseline	2	19.219997	0.074774	2.990602
baseline	2	19.240000	0.077313	3.059253
baseline	2	19.259999	0.076691	3.030745
baseline	2	19.279996	0.073384	3.486658
baseline	2	19.300001	0.078236	1.431899
baseline	2	19.319996	0.073275	3.566730
baseline	2	19.340002	0.079703	3.314772
baseline	2	19.360002	0.078953	2.497209
baseline	2	19.379997	0.073840	1.870946
baseline	2	19.399997	0.074749	7.544460
baseline	2	19.420821	0.897998	2.040465
baseline	2	19.440009	0.085824	2.756032
baseline	2	19.459997	0.074397	2.228394
baseline	2	19.479996	0.073506	3.124135
baseline	2	19.499997	0.073792	7.540520
baseline	2	19.519996	0.072873	1.359997
baseline	2	19.540042	0.119124	1.425127
baseline	2	19.560030	0.107683	1.461006
baseline	2	19.579993	0.070781	1.309886
baseline	2	19.599994	0.071605	1.315827
baseline	2	19.619994	0.071587	1.308453
baseline	2	19.640001	0.078723	3.271532
baseline	2	19.660007	0.083828	2.995846
baseline	2	19.680002	0.079128	3.003606
baseline	2	19.699997	0.074263	8.683939
baseline	2	19.719999	0.076616	3.009998
baseline	2	19.739999	0.076173	3.011347
baseline	2	19.760000	0.077343	3.032791
baseline	2	19.780000	0.077116	2.982969
baseline	2	19.799998	0.075033	8.559958
baseline	2	19.819998	0.075045	2.910824
baseline	2	19.839997	0.074110	2.932328
baseline	2	19.859995	0.072504	3.045914
baseline	2	19.879998	0.075136	2.813492
baseline	2	19.900001	0.078602	8.779156
baseline	2	19.920001	0.078704	3.115154
baseline	2	19.939999	0.075902	3.248083
baseline	2	19.959997	0.074167	3.240002
baseline	3	0.000000	0.083968	2.763774
baseline	3	0.020012	0.095707	11.906123
baseline	3	0.040001	0.085249	3.647194
baseline	3	0.059996	0.080055	3.181498
baseline	3	0.079993	0.077241	3.232301
baseline	3	0.099996	0.079956	2.852189
baseline	3	0.120002	0.086092	11.761445
baseline	3	0.139994	0.078564	3.070222
baseline	3	0.159998	0.081812	3.196817
baseline	3	0.180006	0.090250	2.305007
baseline	3	0.200000	0.083827	2.290728
baseline	3	0.219998	0.081800	10.917520
baseline	3	0.239998	0.082441	2.282438
baseline	3	0.259995	0.079095	2.314901
baseline	3	0.279996	0.079931	2.330709
baseline	3	0.300020	0.103988	2.448503
baseline	3	0.320286	0.369848	11.399618
baseline	3	0.339994	0.077757	1.398469
baseline	3	0.359989	0.073528	1.408492
baseline	3	0.379989	0.073373	1.521662
baseline	3	0.399994	0.078261	2.909396
baseline	3	0.419993	0.077432	1.828747
baseline	3	0.439993	0.076705	2.984310
baseline	3	0.459991	0.075048	3.247394
baseline	3	0.479994	0.078124	3.573846
baseline	3	0.500016	0.099926	2.428730
baseline	3	0.520030	0.114284	1.402222
baseline	3	0.539990	0.073779	3.030259
baseline	3	0.559993	0.077452	3.068191
baseline	3	0.580044	0.128247	3.151155
baseline	3	0.600865	0.949292	3.057549
baseline	3	0.619991	0.075296	1.411935
baseline	3	0.639990	0.073868	3.065433
baseline	3	0.659996	0.080159	3.093591
baseline	3	0.680004	0.087856	3.738045
baseline	3	0.699998	0.082476	3.122187
baseline	3	0.720000	0.084186	11.890282
baseline	3	0.739999	0.083518	3.175624
baseline	3	0.759994	0.077681	3.169811
baseline	3	0.779996	0.080551	3.166935
baseline	3	0.799997	0.080833	3.111572
baseline	3	0.819995	0.078979	1.427270
baseline	3	0.839995	0.079510	3.102392
baseline	3	0.859994	0.078422	3.187531
baseline	3	0.880002	0.085675	3.074645
baseline	3	0.900000	0.084089	3.207450
baseline	3	0.920001	0.085601	11.791933
baseline	3	0.940004	0.088506	2.671632
baseline	3	0.960006	0.089856	2.708766
baseline	3	0.980246	0.330482	3.730711
baseline	3	0.999997	0.081332	2.721888
baseline	3	1.019997	0.080895	14.522358
baseline	3	1.040001	0.085286	3.594774
baseline	3	1.059998	0.082177	3.389290
baseline	3	1.079995	0.079581	3.435500
baseline	3	1.099999	0.083103	3.245798
baseline	3	1.119995	0.078979	11.994317
baseline	3	1.139997	0.080820	3.551058
baseline	3	1.159996	0.079956	3.387618
baseline	3	1.179996	0.079978	3.411690
baseline	3	1.199993	0.077135	3.388264
baseline	3	1.230572	10.656019	2.894590
baseline	3	1.239994	0.078113	3.482194
baseline	3	1.260156	0.239783	2.933224
baseline	3	1.280104	0.188177	3.044263
baseline	3	1.300869	0.952849	4.309314
baseline	3	1.320003	0.087340	13.278746
baseline	3	1.340005	0.089421	3.002756
baseline	3	1.360247	0.331417	3.121331
baseline	3	1.379996	0.080425	7.462948
baseline	3	1.400001	0.085507	4.116777
baseline	3	1.420007	0.091326	13.377626
baseline	3	1.440002	0.085804	3.082078
baseline	3	1.460369	0.453173	3.076942
baseline	3	1.479999	0.082897	2.985986
baseline	3	1.500031	0.115412	1.450731
baseline	3	1.519989	0.073206	11.507491
baseline	3	1.540055	0.138823	4.324894
baseline	3	1.560039	0.122815	3.046860
baseline	3	1.579992	0.076236	3.560745
baseline	3	1.600001	0.085615	3.729160
baseline	3	1.620032	0.116520	11.845001
baseline	3	1.639991	0.075152	1.448373
baseline	3	1.659997	0.081372	1.449081
baseline	3	1.680862	0.946490	2.574142
baseline	3	1.700001	0.085068	3.333130
baseline	3	1.719991	0.074726	12.302258
baseline	3	1.739994	0.078129	3.675557
baseline	3	1.759991	0.075213	3.311205
baseline	3	1.779999	0.082947	3.478290
baseline	3	1.799999	0.083059	3.361518
baseline	3	1.819996	0.080083	11.968991
baseline	3	1.839994	0.078381	3.231219
baseline	3	1.859991	0.074896	1.445071
baseline	3	1.880036	0.120211	2.032769
baseline	3	1.901884	1.968194	2.647147
baseline	3	1.920001	0.084696	11.344971
baseline	3	1.939995	0.079174	1.442743
baseline	3	1.959988	0.071650	1.417422
baseline	3	1.979993	0.076678	5.935126
baseline	3	1.999996	0.079763	3.462157
baseline	3	2.019994	0.078173	11.582239
baseline	3	2.039995	0.079039	3.057343
baseline	3	2.060003	0.087451	3.218635
baseline	3	2.079994	0.078103	2.576877
baseline	3	2.101866	1.950407	1.795417
baseline	3	2.119992	0.075862	1.804892
baseline	3	2.139989	0.073399	1.443675
baseline	3	2.160000	0.083721	1.459813
baseline	3	2.179990	0.073890	2.707080
baseline	3	2.199996	0.080573	2.345919
baseline	3	2.220000	0.084368	11.764875
baseline	3	2.239997	0.081355	3.320921
baseline	3	2.259995	0.078831	1.395691
baseline	3	2.279990	0.074273	1.393151
baseline	3	2.300884	0.967836	2.322501
baseline	3	2.320003	0.086705	11.115815
baseline	3	2.339993	0.077429	1.386929
baseline	3	2.359993	0.077126	1.668108
baseline	3	2.379989	0.073053	2.455015
baseline	3	2.400004	0.088346	3.492338
baseline	3	2.420253	0.337228	10.686519
baseline	3	2.439991	0.074725	1.442319
baseline	3	2.460007	0.090634	3.076083
baseline	3	2.479991	0.075285	2.979781
baseline	3	2.499996	0.079626	3.013640
baseline	3	2.519990	0.074089	1.362799
baseline	3	2.539991	0.075127	2.882013
baseline	3	2.560022	0.106254	1.348611
baseline	3	2.579986	0.070142	1.754831
baseline	3	2.599989	0.072830	1.652299
baseline	3	2.619993	0.076683	1.400657
baseline	3	2.639988	0.072319	1.402285
baseline	3	2.659995	0.079537	1.344631
baseline	3	2.679993	0.077262	2.666803
baseline	3	2.699990	0.074384	1.670695
baseline	3	2.719990	0.073826	10.609084
baseline	3	2.739987	0.070958	1.341399
baseline	3	2.759991	0.075424	1.357677
baseline	3	2.779989	0.072739	1.418181
baseline	3	2.799990	0.074604	1.329420
baseline	3	2.819995	0.078667	1.338798
baseline	3	2.839988	0.072421	1.341178
baseline	3	2.861165	1.249180	3.187524
baseline	3	2.879989	0.072978	1.431519
baseline	3	2.899995	0.078806	3.304483
baseline	3	2.919997	0.081438	11.571366
baseline	3	2.939994	0.078029	2.943372
baseline	3	2.960000	0.084474	2.484555
baseline	3	2.979999	0.083300	1.617989
baseline	3	2.999988	0.072243	1.335251
baseline	3	3.020028	0.111719	1.325905
baseline	3	3.039995	0.079068	2.976663
baseline	3	3.059992	0.075680	3.026971
baseline	3	3.080002	0.086001	3.918231
baseline	3	3.099995	0.078820	2.995662
baseline	3	3.120874	0.958048	1.864685
baseline	3	3.139994	0.077867	2.910426
baseline	3	3.159995	0.079134	2.922931
baseline	3	3.179997	0.081006	2.922553
baseline	3	3.199989	0.073340	2.987886
baseline	3	3.219992	0.076136	1.350537
baseline	3	3.239990	0.073683	2.926310
baseline	3	3.260064	0.147821	2.977203
baseline	3	3.279992	0.076450	3.131887
baseline	3	3.299994	0.077784	2.886848
baseline	3	3.319991	0.075077	1.389135
baseline	3	3.339993	0.077002	2.954545
baseline	3	3.360068	0.152460	3.083414
baseline	3	3.380001	0.084641	3.162430
baseline	3	3.399995	0.078849	2.781711
baseline	3	3.420370	0.454139	10.350149
baseline	3	3.439993	0.077503	3.059506
baseline	3	3.460002	0.086622	2.485793
baseline	3	3.479996	0.080219	2.391664
baseline	3	3.499992	0.076515	3.041205
baseline	3	3.519996	0.080606	1.451140
baseline	3	3.540152	0.236024	3.088719
baseline	3	3.559995	0.079267	2.397945
baseline	3	3.579996	0.079815	2.376719
baseline	3	3.600003	0.087565	2.397797
baseline	3	3.620003	0.086846	11.065394
baseline	3	3.640743	0.827176	2.339955
baseline	3	3.659996	0.080280	2.481433
baseline	3	3.679997	0.080743	2.395795
baseline	3	3.699999	0.082948	2.430412
baseline	3	3.719993	0.077499	11.490873
baseline	3	3.739996	0.079988	2.366663
baseline	3	3.759998	0.082087	2.411010
baseline	3	3.780032	0.115683	2.681560
baseline	3	3.799994	0.078587	1.418991
baseline	3	3.819991	0.075305	1.389389
baseline	3	3.839990	0.074509	1.699943
baseline	3	3.859988	0.071994	1.352167
baseline	3	3.879989	0.072725	1.405253
baseline	3	3.900002	0.086161	2.605112
baseline	3	3.920106	0.189764	11.263927
baseline	3	3.939993	0.077191	2.566755
baseline	3	3.960864	0.947912	2.205163
baseline	3	3.979997	0.080956	2.635105
baseline	3	4.000005	0.089374	2.468951
baseline	3	4.020002	0.086204	11.081081
baseline	3	4.040035	0.118719	2.735876
baseline	3	4.059995	0.078666	2.456997
baseline	3	4.079996	0.080152	2.372027
baseline	3	4.100002	0.086362	2.476538
baseline	3	4.120029	0.112656	1.435702
baseline	3	4.139987	0.071493	1.410027
baseline	3	4.159995	0.078892	3.638892
baseline	3	4.179992	0.076268	1.820811
baseline	3	4.200329	0.413289	2.395419
baseline	3	4.220000	0.084248	11.081990
baseline	3	4.239996	0.079978	2.368932
baseline	3	4.259996	0.080022	2.463611
baseline	3	4.280000	0.083775	4.439948
baseline	3	4.299999	0.082816	2.425018
baseline	3	4.319998	0.081710	11.128750
baseline	3	4.339996	0.079957	2.392356
baseline	3	4.359995	0.079259	2.375500
baseline	3	4.380004	0.088349	3.196831
baseline	3	4.400000	0.084131	3.191514
baseline	3	4.419996	0.080561	11.908380
baseline	3	4.439996	0.079726	3.234249
baseline	3	4.459995	0.079090	2.991818
baseline	3	4.480768	0.851707	3.238118
baseline	3	4.500006	0.089739	3.102612
baseline	3	4.520001	0.084770	11.688752
baseline	3	4.540941	1.024698	2.980965
baseline	3	4.559996	0.080604	3.308177
baseline	3	4.579994	0.078340	3.353235
baseline	3	4.600169	0.253009	3.087661
baseline	3	4.619999	0.082653	11.921036
baseline	3	4.639995	0.079143	3.406113
baseline	3	4.659992	0.076383	3.646991
baseline	3	4.679994	0.078448	3.294880
baseline	3	4.699993	0.076726	3.272386
baseline	3	4.719995	0.078682	11.736394
baseline	3	4.739993	0.077066	3.232830
baseline	3	4.759994	0.078125	3.178044
baseline	3	4.779994	0.078024	3.245851
baseline	3	4.800030	0.113638	1.400359
baseline	3	4.819991	0.075253	1.326895
baseline	3	4.839989	0.073602	1.329827
baseline	3	4.859988	0.072508	1.334290
baseline	3	4.879989	0.073069	1.436424
baseline	3	4.899998	0.082594	2.919588
baseline	3	4.920001	0.084752	11.929049
baseline	3	4.939994	0.078336	3.282358
baseline	3	4.959993	0.076885	3.249586
baseline	3	4.979999	0.082717	3.046876
baseline	3	4.999996	0.080621	2.968190
baseline	3	5.019996	0.079802	11.403836
baseline	3	5.039988	0.072223	1.385788
baseline	3	5.059991	0.074983	3.268565
baseline	3	5.082866	2.950239	3.355766
baseline	3	5.099990	0.074135	1.662143
baseline	3	5.119990	0.074449	1.324882
baseline	3	5.139987	0.070927	1.318586
baseline	3	5.159988	0.072010	1.338937
baseline	3	5.179988	0.072620	1.338972
baseline	3	5.199991	0.075554	1.363849
baseline	3	5.219987	0.070894	1.283383
baseline	3	5.239987	0.070938	1.296277
baseline	3	5.259989	0.073172	3.261806
baseline	3	5.279992	0.076185	3.288568
baseline	3	5.300000	0.084005	3.078414
baseline	3	5.319988	0.072460	1.344842
baseline	3	5.339989	0.073281	1.277192
baseline	3	5.359985	0.068960	1.643231
baseline	3	5.380663	0.747378	2.713376
baseline	3	5.399992	0.076583	3.022269
baseline	3	5.419992	0.076277	11.668710
baseline	3	5.439994	0.078081	3.019266
baseline	3	5.459991	0.074923	2.912203
baseline	3	5.479991	0.074897	2.636150
baseline	3	5.500007	0.091177	2.190532
baseline	3	5.519990	0.073936	1.472764
baseline	3	5.539986	0.070252	1.228308
baseline	3	5.559986	0.069963	1.295042
baseline	3	5.580863	0.947074	2.824151
baseline	3	5.599998	0.081701	2.812362
baseline	3	5.619988	0.072384	1.578513
baseline	3	5.639987	0.071345	1.301316
baseline	3	5.659984	0.068545	1.285740
baseline	3	5.679987	0.070928	1.290032
baseline	3	5.699986	0.070274	1.286582
baseline	3	5.719996	0.080280	1.564960
baseline	3	5.739991	0.074903	1.375786
baseline	3	5.759997	0.081020	3.173729
baseline	3	5.779994	0.078152	3.024671
baseline	3	5.800025	0.109623	1.370657
baseline	3	5.819990	0.074091	10.684947
baseline	3	5.839991	0.075401	1.476515
baseline	3	5.859992	0.075903	1.296480
baseline	3	5.879989	0.073584	1.344646
baseline	3	5.899996	0.080112	4.228297
baseline	3	5.919993	0.076885	10.901087
baseline	3	5.939990	0.074563	1.670996
baseline	3	5.959987	0.070861	1.426513
baseline	3	5.979990	0.074352	1.476527
baseline	3	5.999992	0.075723	1.345733
baseline	3	6.020025	0.109166	1.665075
baseline	3	6.039986	0.070320	1.331155
baseline	3	6.059987	0.071067	1.334605
baseline	3	6.079987	0.070694	1.330151
baseline	3	6.099989	0.073246	1.285512
baseline	3	6.119990	0.073739	10.648937
baseline	3	6.139997	0.081285	2.362434
baseline	3	6.159987	0.071423	1.279139
baseline	3	6.180580	0.664531	1.758635
baseline	3	6.199988	0.071840	1.293276
baseline	3	6.219990	0.073871	10.670951
baseline	3	6.239988	0.072174	1.335422
baseline	3	6.259985	0.069400	1.329938
baseline	3	6.279986	0.070375	1.343741
baseline	3	6.299990	0.074243	2.200818
baseline	3	6.319988	0.071967	10.631331
baseline	3	6.339986	0.070359	1.296189
baseline	3	6.359987	0.071057	1.291902
baseline	3	6.379992	0.076282	2.744358
baseline	3	6.399992	0.075695	3.129413
baseline	3	6.419989	0.073424	11.967979
baseline	3	6.439996	0.079643	3.258964
baseline	3	6.459992	0.075850	2.984740
baseline	3	6.479992	0.076056	3.305383
baseline	3	6.499994	0.078369	3.145924
baseline	3	6.519993	0.077057	11.930071
baseline	3	6.539995	0.078913	3.102566
baseline	3	6.559998	0.082531	3.061384
baseline	3	6.579999	0.082920	2.994194
baseline	3	6.599989	0.072922	1.278413
baseline	3	6.619988	0.072588	1.526132
baseline	3	6.639989	0.072716	1.363816
baseline	3	6.660862	0.946149	2.936189
baseline	3	6.680217	0.300932	3.139910
baseline	3	6.700863	0.946878	3.137797
baseline	3	6.719997	0.081309	12.167546
baseline	3	6.739997	0.081534	4.236634
baseline	3	6.761024	1.107995	8.024158
baseline	3	6.779997	0.081251	2.238809
baseline	3	6.802877	2.961344	1.546152
baseline	3	6.820829	0.913597	14.136025
baseline	3	6.840146	0.230062	3.518133
baseline	3	6.860003	0.087132	3.784980
baseline	3	6.880002	0.085913	3.341392
baseline	3	6.899995	0.078875	2.049822
baseline	3	6.919995	0.078822	11.848111
baseline	3	6.939999	0.082764	2.894871
baseline	3	6.959993	0.076630	2.703401
baseline	3	6.979994	0.077670	1.543054
baseline	3	6.999992	0.076484	3.059694
baseline	3	7.030527	10.610995	1.427520
baseline	3	7.039991	0.074876	2.991294
baseline	3	7.059991	0.074979	3.054483
baseline	3	7.080027	0.111604	1.440368
baseline	3	7.099989	0.073495	1.386433
baseline	3	7.119997	0.080819	11.670169
baseline	3	7.139993	0.077581	3.057009
baseline	3	7.159993	0.077566	3.167705
baseline	3	7.179995	0.078707	3.217916
baseline	3	7.199996	0.079707	3.058055
baseline	3	7.219991	0.074678	11.487442
baseline	3	7.239993	0.077103	2.963922
baseline	3	7.259991	0.074833	3.198587
baseline	3	7.279993	0.077393	3.168231
baseline	3	7.299991	0.075010	3.039154
baseline	3	7.320025	0.109609	1.277348
baseline	3	7.339989	0.073620	2.630290
baseline	3	7.359989	0.073460	2.731630
baseline	3	7.379987	0.071406	2.674171
baseline	3	7.399989	0.072902	2.634461
baseline	3	7.419989	0.072777	1.226283
baseline	3	7.439992	0.076157	2.534067
baseline	3	7.459997	0.081332	2.295172
baseline	3	7.479987	0.070902	1.181897
baseline	3	7.499986	0.069862	1.181375
baseline	3	7.519988	0.072154	10.550932
baseline	3	7.539988	0.071688	1.183634
baseline	3	7.559987	0.070851	1.506777
baseline	3	7.579985	0.069129	1.180370
baseline	3	7.599986	0.070402	1.179594
baseline	3	7.619988	0.071832	1.492624
baseline	3	7.639986	0.069750	1.186278
baseline	3	7.659986	0.070073	1.513807
baseline	3	7.679986	0.070043	1.181043
baseline	3	7.699991	0.074844	2.806011
baseline	3	7.719992	0.075706	12.835350
baseline	3	7.740208	0.292423	2.800874
baseline	3	7.759990	0.073787	2.738267
baseline	3	7.779989	0.073575	1.345433
baseline	3	7.799988	0.071758	1.275705
baseline	3	7.819989	0.072938	1.344429
baseline	3	7.839991	0.075528	2.630117
baseline	3	7.859989	0.072701	3.198638
baseline	3	7.879988	0.071987	2.650648
baseline	3	7.899994	0.078323	2.726874
baseline	3	7.919994	0.077940	1.599715
baseline	3	7.939989	0.072913	2.775718
baseline	3	7.959988	0.072443	2.822729
baseline	3	7.979989	0.072903	2.726258
baseline	3	8.000022	0.105820	1.347699
baseline	3	8.019988	0.072119	1.444305
baseline	3	8.039987	0.071453	1.401903
baseline	3	8.059990	0.073629	1.470313
baseline	3	8.079991	0.075266	1.450908
baseline	3	8.099989	0.073297	1.633253
baseline	3	8.119989	0.073472	1.275118
baseline	3	8.139988	0.072028	1.231196
baseline	3	8.159988	0.071890	1.433645
baseline	3	8.179988	0.072278	1.324737
baseline	3	8.199987	0.071203	1.533264
baseline	3	8.219987	0.071272	1.278202
baseline	3	8.239986	0.070367	1.182647
baseline	3	8.259987	0.070941	1.236968
baseline	3	8.279987	0.071032	1.198260
baseline	3	8.299986	0.070579	1.183805
baseline	3	8.320018	0.102127	1.282965
baseline	3	8.339986	0.070113	1.206885
baseline	3	8.360038	0.121937	1.343362
baseline	3	8.379985	0.069445	1.182402
baseline	3	8.400028	0.112178	1.184865
baseline	3	8.419988	0.072526	1.265757
baseline	3	8.439986	0.070209	1.183798
baseline	3	8.459988	0.072001	1.240005
baseline	3	8.480029	0.112978	1.185066
baseline	3	8.500031	0.115263	1.186016
baseline	3	8.520041	0.124877	1.284420
baseline	3	8.539989	0.073413	2.600053
baseline	3	8.559991	0.074724	2.704267
baseline	3	8.579999	0.083009	3.048929
baseline	3	8.599989	0.073346	2.908970
baseline	3	8.619987	0.071062	1.219031
baseline	3	8.639986	0.070119	1.213685
baseline	3	8.659985	0.068722	1.332890
baseline	3	8.679985	0.069528	1.274934
baseline	3	8.699989	0.073223	1.269462
baseline	3	8.719987	0.071560	1.213084
baseline	3	8.739988	0.071974	1.181398
baseline	3	8.759986	0.069994	1.274873
baseline	3	8.779984	0.068302	1.268122
baseline	3	8.799985	0.069450	1.501285
baseline	3	8.819987	0.071097	1.193212
baseline	3	8.839987	0.071250	1.226640
baseline	3	8.859986	0.070464	1.265695
baseline	3	8.879988	0.071954	1.277247
baseline	3	8.899992	0.075707	2.275407
baseline	3	8.919992	0.075937	10.941062
baseline	3	8.940410	0.494499	2.787921
baseline	3	8.959990	0.074620	2.962005
baseline	3	8.979994	0.077961	2.931010
baseline	3	8.999996	0.079632	2.680059
baseline	3	9.020001	0.084855	11.650637
baseline	3	9.039994	0.077853	3.009376
baseline	3	9.059992	0.076101	3.035072
baseline	3	9.079994	0.078111	2.572829
baseline	3	9.099994	0.078322	2.690076
baseline	3	9.119998	0.082303	11.732881
baseline	3	9.139999	0.083389	2.968917
baseline	3	9.159996	0.079952	2.969383
baseline	3	9.179988	0.071689	1.220794
baseline	3	9.199989	0.073521	1.223580
baseline	3	9.219988	0.072326	1.247277
baseline	3	9.239986	0.069814	1.364423
baseline	3	9.259986	0.070495	1.221203
baseline	3	9.279988	0.072282	1.174463
baseline	3	9.299991	0.074798	1.483248
baseline	3	9.319988	0.071875	1.180524
baseline	3	9.339986	0.070406	1.178047
baseline	3	9.359987	0.071212	1.532689
baseline	3	9.379993	0.077519	1.184332
baseline	3	9.399991	0.075381	1.593832
baseline	3	9.419987	0.071450	1.179451
baseline	3	9.439989	0.073564	1.239681
baseline	3	9.459993	0.076802	1.507655
baseline	3	9.479991	0.075623	1.178171
baseline	3	9.499989	0.073467	1.647004
baseline	3	9.520932	1.015957	9.975797
baseline	3	9.539986	0.070465	1.228610
baseline	3	9.560026	0.110230	1.580059
baseline	3	9.579988	0.072243	1.176704
baseline	3	9.599989	0.073552	1.420967
baseline	3	9.619990	0.073641	1.178218
baseline	3	9.640021	0.105365	1.204574
baseline	3	9.660015	0.099248	1.575084
baseline	3	9.679987	0.071499	1.322172
baseline	3	9.699990	0.073870	1.526592
baseline	3	9.719990	0.073782	1.267331
baseline	3	9.739989	0.073489	1.395584
baseline	3	9.759995	0.079342	2.473045
baseline	3	9.779995	0.078718	2.872419
baseline	3	9.799991	0.074985	2.827409
baseline	3	9.819992	0.075901	11.638476
baseline	3	9.839994	0.077714	2.887176
baseline	3	9.859989	0.073044	1.562942
baseline	3	9.879990	0.074137	2.633030
baseline	3	9.900027	0.111148	1.183550
baseline	3	9.919993	0.077294	1.559343
baseline	3	9.941882	1.965786	2.686655
baseline	3	9.959986	0.070235	1.528510
baseline	3	9.979990	0.074210	2.176303
baseline	3	9.999989	0.073001	1.223373
baseline	3	10.019990	0.074039	1.386144
baseline	3	10.039986	0.069884	1.284337
baseline	3	10.059995	0.079333	2.944946
baseline	3	10.083871	3.955513	2.743176
baseline	3	10.099996	0.079670	2.963821
baseline	3	10.119990	0.074402	11.626453
baseline	3	10.139995	0.079282	3.002934
baseline	3	10.159990	0.074093	2.996696
baseline	3	10.179993	0.077339	2.985337
baseline	3	10.199997	0.081596	3.001959
baseline	3	10.220001	0.084955	11.640287
baseline	3	10.239999	0.083016	2.951433
baseline	3	10.259993	0.076863	3.066239
baseline	3	10.279995	0.078833	3.074015
baseline	3	10.299993	0.077020	3.071207
baseline	3	10.319992	0.076476	11.481516
baseline	3	10.339992	0.076494	3.110672
baseline	3	10.360003	0.086648	3.209375
baseline	3	10.379991	0.075597	3.059634
baseline	3	10.399992	0.076109	3.104601
baseline	3	10.419993	0.077534	11.744650
baseline	3	10.440001	0.084724	3.806733
baseline	3	10.459992	0.075639	3.056600
baseline	3	10.479991	0.075194	3.056359
baseline	3	10.499993	0.076781	3.052478
baseline	3	10.519995	0.079108	11.725706
baseline	3	10.539994	0.077883	3.086890
baseline	3	10.560000	0.083821	3.021817
baseline	3	10.579994	0.077641	3.225259
baseline	3	10.599995	0.078672	3.226739
baseline	3	10.619996	0.079740	11.867022
baseline	3	10.639994	0.078208	3.246532
baseline	3	10.659994	0.078208	3.243697
baseline	3	10.679996	0.079730	3.181777
baseline	3	10.699994	0.077953	3.085897
baseline	3	10.719995	0.079117	11.719127
baseline	3	10.740001	0.085601	2.932961
baseline	3	10.759990	0.073654	1.421995
baseline	3	10.779990	0.073771	1.275024
baseline	3	10.799989	0.073329	1.363769
baseline	3	10.819989	0.073061	1.340654
baseline	3	10.839994	0.078557	3.085609
baseline	3	10.859994	0.078185	2.850511
baseline	3	10.879991	0.075125	2.977167
baseline	3	10.899992	0.075750	3.151301
baseline	3	10.919999	0.082960	11.939424
baseline	3	10.939996	0.079692	3.260309
baseline	3	10.959992	0.076146	3.334935
baseline	3	10.979994	0.077736	2.770027
baseline	3	10.999996	0.080576	2.849475
baseline	3	11.020180	0.264245	10.386620
baseline	3	11.039988	0.072183	1.328758
baseline	3	11.060000	0.084180	3.118979
baseline	3	11.079994	0.078407	3.129657
baseline	3	11.099995	0.079214	3.111438
baseline	3	11.120029	0.112838	10.545734
baseline	3	11.139986	0.070166	1.274117
baseline	3	11.159988	0.071789	1.408134
baseline	3	11.179988	0.072243	1.220352
baseline	3	11.200028	0.111888	1.220378
baseline	3	11.219993	0.076868	1.574491
baseline	3	11.240001	0.085117	3.102366
baseline	3	11.259988	0.072374	1.322062
baseline	3	11.279990	0.074511	1.316931
baseline	3	11.299993	0.077222	1.309042
baseline	3	11.319993	0.077460	1.379476
baseline	3	11.339989	0.072659	1.300816
baseline	3	11.359986	0.069812	1.407397
baseline	3	11.379990	0.073949	1.234152
baseline	3	11.401129	1.212664	2.349696
baseline	3	11.419986	0.070054	1.533581
baseline	3	11.439992	0.075648	1.235871
baseline	3	11.459987	0.070762	1.279182
baseline	3	11.479986	0.070193	1.220828
baseline	3	11.499988	0.072245	1.178885
baseline	3	11.520144	0.228584	11.298021
baseline	3	11.539986	0.070477	2.534043
baseline	3	11.559996	0.080345	2.541024
baseline	3	11.579991	0.074882	2.567682
baseline	3	11.599990	0.074529	2.530120
baseline	3	11.619987	0.071511	1.224044
baseline	3	11.640341	0.425359	1.177907
baseline	3	11.659989	0.073101	2.546277
baseline	3	11.679996	0.080295	2.828259
baseline	3	11.700000	0.084302	2.740535
baseline	3	11.719986	0.070584	1.547628
baseline	3	11.739995	0.079459	1.954500
baseline	3	11.759990	0.074531	1.389029
baseline	3	11.779995	0.078869	2.775661
baseline	3	11.799994	0.078308	2.472616
baseline	3	11.819996	0.080017	11.712812
baseline	3	11.839997	0.081059	2.452912
baseline	3	11.859991	0.075412	2.601599
baseline	3	11.879989	0.073419	1.413193
baseline	3	11.899991	0.074648	1.331287
baseline	3	11.920002	0.085749	11.732681
baseline	3	11.939994	0.078596	2.808230
baseline	3	11.959995	0.079324	1.797450
baseline	3	11.979991	0.075501	1.331046
baseline	3	11.999987	0.071213	1.330602
baseline	3	12.020029	0.113153	1.638929
baseline	3	12.040294	0.378607	1.368453
baseline	3	12.059993	0.077011	2.813927
baseline	3	12.079990	0.073637	2.759270
baseline	3	12.099987	0.071005	2.755002
baseline	3	12.119989	0.072780	1.326179
baseline	3	12.140000	0.083884	2.650431
baseline	3	12.159989	0.072653	2.633734
baseline	3	12.179986	0.070491	2.628191
baseline	3	12.199989	0.072656	2.702978
baseline	3	12.219986	0.070233	1.325652
baseline	3	12.240351	0.434939	1.235408
baseline	3	12.259985	0.068749	2.274304
baseline	3	12.279988	0.071911	1.229603
baseline	3	12.299987	0.071517	1.239334
baseline	3	12.319991	0.075378	2.206216
baseline	3	12.340928	1.012557	2.681998
baseline	3	12.359991	0.074662	2.570794
baseline	3	12.379987	0.071072	2.566845
baseline	3	12.399989	0.072849	2.644510
baseline	3	12.430492	10.576267	2.847817
baseline	3	12.440024	0.107690	1.241251
baseline	3	12.459994	0.077854	1.403009
baseline	3	12.479985	0.069548	1.284745
baseline	3	12.499988	0.072466	1.369338
baseline	3	12.519988	0.072198	1.689053
baseline	3	12.540028	0.111667	1.387694
baseline	3	12.559986	0.069655	1.324928
baseline	3	12.579987	0.070919	1.231239
baseline	3	12.599990	0.074183	1.385469
baseline	3	12.620063	0.147398	10.523531
baseline	3	12.639989	0.073535	1.275710
baseline	3	12.659996	0.079640	4.960223
baseline	3	12.680001	0.085132	3.316379
baseline	3	12.699995	0.079341	3.087214
baseline	3	12.719993	0.077170	11.874051
baseline	3	12.739997	0.080719	3.208616
baseline	3	12.759992	0.076479	3.194418
baseline	3	12.779994	0.078509	3.228748
baseline	3	12.799994	0.078148	3.345373
baseline	3	12.820040	0.124081	1.699329
baseline	3	12.839987	0.071452	1.335163
baseline	3	12.859990	0.073891	1.425035
baseline	3	12.881589	1.672755	1.575278
baseline	3	12.900000	0.084327	7.508176
baseline	3	12.920008	0.092187	10.708905
baseline	3	12.939995	0.078824	2.689455
baseline	3	12.959992	0.076002	2.780492
baseline	3	12.979991	0.075549	3.280191
baseline	3	12.999997	0.081309	3.853027
baseline	3	13.019994	0.078103	11.613705
baseline	3	13.039993	0.076907	2.919561
baseline	3	13.059991	0.075241	3.004848
baseline	3	13.079990	0.074254	3.020091
baseline	3	13.099994	0.077759	2.919610
baseline	3	13.121867	1.951368	9.491844
baseline	3	13.140038	0.122483	1.367870
baseline	3	13.159986	0.070353	1.438899
baseline	3	13.180027	0.111093	1.930357
baseline	3	13.199989	0.072859	1.328638
baseline	3	13.220002	0.085849	12.358154
baseline	3	13.240029	0.113316	1.380621
baseline	3	13.259959	0.042917	3.274288
baseline	3	13.279998	0.082037	3.154103
baseline	3	13.299994	0.077685	3.225708
baseline	3	13.320005	0.088905	11.628291
baseline	3	13.339994	0.077781	3.000165
baseline	3	13.359993	0.077382	2.998388
baseline	3	13.380025	0.109152	1.658761
baseline	3	13.399988	0.071833	1.333622
baseline	3	13.419990	0.073900	1.420871
baseline	3	13.439991	0.074939	1.617481
baseline	3	13.459987	0.071282	1.677630
baseline	3	13.479993	0.077418	1.663053
baseline	3	13.499993	0.076712	3.306194
baseline	3	13.520000	0.083840	11.849090
baseline	3	13.539997	0.081605	3.046820
baseline	3	13.559998	0.082384	3.023684
baseline	3	13.579996	0.080513	2.926046
baseline	3	13.599993	0.076931	3.018890
baseline	3	13.619994	0.078423	13.042380
baseline	3	13.639993	0.076971	3.087420
baseline	3	13.659995	0.078732	2.862426
baseline	3	13.679996	0.079926	2.887749
baseline	3	13.700028	0.112386	1.374120
baseline	3	13.719985	0.069387	1.382022
baseline	3	13.739992	0.076340	2.104038
baseline	3	13.759991	0.075598	1.596725
baseline	3	13.779997	0.081138	3.195082
baseline	3	13.799994	0.078129	3.236941
baseline	3	13.819992	0.075751	11.845725
baseline	3	13.839997	0.080655	3.211443
baseline	3	13.859997	0.080827	1.420469
baseline	3	13.879988	0.072327	1.420098
baseline	3	13.899993	0.077365	1.580452
baseline	3	13.920163	0.246957	12.080158
baseline	3	13.940861	0.945524	3.997604
baseline	3	13.959997	0.080816	2.294840
baseline	3	13.979990	0.074607	1.438671
baseline	3	13.999990	0.073752	1.331278
baseline	3	14.020030	0.114323	1.601709
baseline	3	14.039994	0.078521	1.393592
baseline	3	14.060031	0.115189	1.666016
baseline	3	14.079990	0.073796	1.425644
baseline	3	14.099989	0.072825	1.332792
baseline	3	14.119989	0.073154	1.380278
baseline	3	14.139988	0.072396	1.327807
baseline	3	14.159991	0.075056	1.672131
baseline	3	14.180369	0.452835	3.497299
baseline	3	14.199996	0.079777	3.084933
baseline	3	14.219998	0.082195	11.725952
baseline	3	14.239994	0.077681	3.299325
baseline	3	14.259991	0.075366	2.906759
baseline	3	14.279991	0.074756	3.307992
baseline	3	14.299990	0.073979	3.296444
baseline	3	14.320032	0.116409	1.664201
baseline	3	14.339989	0.073403	1.362881
baseline	3	14.359988	0.071944	1.586656
baseline	3	14.379998	0.081862	3.137549
baseline	3	14.400024	0.108259	1.336044
baseline	3	14.419989	0.073330	1.389914
baseline	3	14.439993	0.077231	1.342310
baseline	3	14.459990	0.073817	1.366168
baseline	3	14.479989	0.072869	1.334907
baseline	3	14.499989	0.073211	1.359673
baseline	3	14.519988	0.072317	1.587611
baseline	3	14.539989	0.073270	1.276630
baseline	3	14.559988	0.072477	1.346233
baseline	3	14.579990	0.073682	1.293632
baseline	3	14.599990	0.074047	2.142615
baseline	3	14.620000	0.083716	1.499893
baseline	3	14.642899	2.982841	2.032782
baseline	3	14.659997	0.080860	3.308815
baseline	3	14.680000	0.084405	3.178916
baseline	3	14.699997	0.081527	3.003529
baseline	3	14.719996	0.080224	12.270496
baseline	3	14.739997	0.081552	3.315573
baseline	3	14.759994	0.077965	6.648350
baseline	3	14.779999	0.083497	6.364131
baseline	3	14.800000	0.084259	4.545853
baseline	3	14.820000	0.083625	11.162081
baseline	3	14.839996	0.079960	1.420731
baseline	3	14.859990	0.074161	1.447599
baseline	3	14.879989	0.073042	1.391194
baseline	3	14.900016	0.099768	1.487883
baseline	3	14.919993	0.077276	12.405674
baseline	3	14.939997	0.080893	7.305594
baseline	3	14.974344	14.427685	3.645590
baseline	3	14.981604	1.688187	6.310430
baseline	3	15.000003	0.087401	10.497504
baseline	3	15.020005	0.088734	11.676685
baseline	3	15.039968	0.052266	1.589711
baseline	3	15.059987	0.071497	1.560298
baseline	3	15.079990	0.074089	1.685224
baseline	3	15.100001	0.084995	3.426048
baseline	3	15.119996	0.080397	12.094638
baseline	3	15.139998	0.082206	2.924244
baseline	3	15.159994	0.078119	2.856440
baseline	3	15.179997	0.080641	3.186619
baseline	3	15.200001	0.084847	5.119671
baseline	3	15.220067	0.151176	14.826333
baseline	3	15.241191	1.275398	3.078239
baseline	3	15.260864	0.947926	6.529717
baseline	3	15.279999	0.082822	5.989065
baseline	3	15.300003	0.087004	6.402035
baseline	3	15.320003	0.086697	12.258273
baseline	3	15.340865	0.948651	5.365016
baseline	3	15.359998	0.082404	4.874013
baseline	3	15.379996	0.080320	1.575111
baseline	3	15.399997	0.081435	2.073795
baseline	3	15.419998	0.082055	10.862674
baseline	3	15.441865	1.949069	3.364964
baseline	3	15.460000	0.084411	3.474885
baseline	3	15.479995	0.079103	2.204399
baseline	3	15.500007	0.090716	1.992108
baseline	3	15.520039	0.122925	1.526573
baseline	3	15.539992	0.076438	1.414072
baseline	3	15.559991	0.075106	1.363809
baseline	3	15.579989	0.072834	1.328038
baseline	3	15.599999	0.082802	3.387131
baseline	3	15.619993	0.076958	1.327277
baseline	3	15.639993	0.077323	2.832645
baseline	3	15.659996	0.080206	3.259989
baseline	3	15.680004	0.088524	2.890313
baseline	3	15.699998	0.082170	3.214309
baseline	3	15.719995	0.079220	11.953782
baseline	3	15.739991	0.075087	3.277200
baseline	3	15.759994	0.078558	3.074725
baseline	3	15.779990	0.074366	1.430191
baseline	3	15.800120	0.203729	2.955497
baseline	3	15.820035	0.118882	1.399247
baseline	3	15.839990	0.074196	1.333408
baseline	3	15.860610	0.694290	2.154706
baseline	3	15.879998	0.082497	3.300702
baseline	3	15.900027	0.111315	1.695656
baseline	3	15.920861	0.945144	1.596036
baseline	3	15.939989	0.073319	1.934083
baseline	3	15.959990	0.073905	1.383371
baseline	3	15.979992	0.076022	1.372351
baseline	3	15.999995	0.078761	1.630325
baseline	3	16.019999	0.082769	12.063348
baseline	3	16.039993	0.077565	3.412104
baseline	3	16.059993	0.077115	3.396544
baseline	3	16.079995	0.079211	3.338922
baseline	3	16.100034	0.118116	2.028927
baseline	3	16.119988	0.072244	1.327615
baseline	3	16.139988	0.072313	1.325442
baseline	3	16.159987	0.071112	1.328863
baseline	3	16.179987	0.071192	1.323783
baseline	3	16.199987	0.070995	1.472795
baseline	3	16.219990	0.073982	1.330921
baseline	3	16.239989	0.073103	1.659336
baseline	3	16.259988	0.071994	1.336466
baseline	3	16.279991	0.075257	1.325122
baseline	3	16.299987	0.070832	1.440387
baseline	3	16.319989	0.073233	1.323430
baseline	3	16.339987	0.071211	1.321659
baseline	3	16.359988	0.072387	1.326583
baseline	3	16.379989	0.072955	1.321943
baseline	3	16.399985	0.068833	1.385832
baseline	3	16.419988	0.072419	1.274854
baseline	3	16.439987	0.071417	1.271376
baseline	3	16.459987	0.070879	1.276428
baseline	3	16.479990	0.073628	1.274668
baseline	3	16.499994	0.078008	2.814436
baseline	3	16.519989	0.072954	11.430403
baseline	3	16.539987	0.070858	2.744213
baseline	3	16.559988	0.071873	2.719193
baseline	3	16.579988	0.072153	2.618994
baseline	3	16.599986	0.070262	2.673004
baseline	3	16.619988	0.072097	1.220506
baseline	3	16.639988	0.071835	2.639958
baseline	3	16.659989	0.072826	2.699825
baseline	3	16.679995	0.078878	2.656592
baseline	3	16.699990	0.074022	2.694389
baseline	3	16.719988	0.072476	1.221107
baseline	3	16.739991	0.075174	2.675299
baseline	3	16.759987	0.071060	2.620337
baseline	3	16.779987	0.071299	2.526485
baseline	3	16.799988	0.072597	2.558355
baseline	3	16.819986	0.069954	1.176052
baseline	3	16.839987	0.071265	2.573532
baseline	3	16.859987	0.070740	2.527833
baseline	3	16.879986	0.070490	3.121300
baseline	3	16.899990	0.073790	2.624203
baseline	3	16.920076	0.160347	1.579379
baseline	3	16.939993	0.076797	2.733532
baseline	3	16.959989	0.072753	2.655521
baseline	3	16.979992	0.076572	2.673477
baseline	3	16.999998	0.082396	3.014183
baseline	3	17.019991	0.074917	11.567449
baseline	3	17.039992	0.076016	3.014020
baseline	3	17.059996	0.080129	2.472262
baseline	3	17.079996	0.079895	2.598044
baseline	3	17.099990	0.074484	2.762199
baseline	3	17.119993	0.077263	11.689491
baseline	3	17.139991	0.074679	3.000379
baseline	3	17.159998	0.082129	3.405444
baseline	3	17.179996	0.080234	3.033890
baseline	3	17.200419	0.503133	2.974937
baseline	3	17.219997	0.081242	11.648725
baseline	3	17.239992	0.075636	3.032120
baseline	3	17.259992	0.075944	3.131721
baseline	3	17.279991	0.074782	3.125873
baseline	3	17.299991	0.075069	3.118509
baseline	3	17.319994	0.078521	11.691864
baseline	3	17.339994	0.078317	3.003303
baseline	3	17.359992	0.076556	3.193771
baseline	3	17.379990	0.074324	3.002579
baseline	3	17.399995	0.078694	2.944915
baseline	3	17.421874	1.958101	9.013287
baseline	3	17.440030	0.113833	1.224231
baseline	3	17.460023	0.106975	1.221811
baseline	3	17.479990	0.073643	1.922863
baseline	3	17.499990	0.074048	1.352669
baseline	3	17.519987	0.070948	1.254063
baseline	3	17.539987	0.070985	1.342939
baseline	3	17.559989	0.072961	1.221715
baseline	3	17.579988	0.072620	1.226448
baseline	3	17.600030	0.113939	1.545599
baseline	3	17.619988	0.071951	1.223448
baseline	3	17.639984	0.068140	1.175040
baseline	3	17.659985	0.069200	1.179904
baseline	3	17.679987	0.070836	1.175567
baseline	3	17.699987	0.071172	1.185688
baseline	3	17.719985	0.068932	1.218993
baseline	3	17.739989	0.073019	2.279665
baseline	3	17.759986	0.070113	1.173271
baseline	3	17.779987	0.070945	1.216196
baseline	3	17.799985	0.069560	1.232617
baseline	3	17.819988	0.072102	1.255820
baseline	3	17.839986	0.070380	1.217459
baseline	3	17.859987	0.071501	1.220836
baseline	3	17.879988	0.072125	1.184618
baseline	3	17.899986	0.070350	1.178151
baseline	3	17.919993	0.077088	1.398456
baseline	3	17.940001	0.084675	3.281221
baseline	3	17.959994	0.078259	2.017374
baseline	3	17.979993	0.077033	2.609525
baseline	3	17.999992	0.076396	1.725594
baseline	3	18.019989	0.072666	1.271232
baseline	3	18.039987	0.071155	1.310006
baseline	3	18.059988	0.072473	1.267881
baseline	3	18.079988	0.071850	1.355003
baseline	3	18.099995	0.078938	1.289351
baseline	3	18.119988	0.072441	1.227648
baseline	3	18.139988	0.072133	1.228139
baseline	3	18.159987	0.071538	1.305451
baseline	3	18.179988	0.071887	1.222537
baseline	3	18.199995	0.078790	1.445775
baseline	3	18.219988	0.072548	1.219315
baseline	3	18.239994	0.077888	2.243582
baseline	3	18.259986	0.070335	1.380550
baseline	3	18.279989	0.073507	1.193554
baseline	3	18.299993	0.077474	1.530967
baseline	3	18.319996	0.080040	1.222359
baseline	3	18.339988	0.071981	1.261422
baseline	3	18.359987	0.071184	1.218460
baseline	3	18.379989	0.073183	1.220153
baseline	3	18.399988	0.072378	1.632235
baseline	3	18.419986	0.070444	1.220266
baseline	3	18.439986	0.070248	1.517271
baseline	3	18.459986	0.070068	1.174043
baseline	3	18.479987	0.071269	1.318443
baseline	3	18.499985	0.069510	1.477018
baseline	3	18.519995	0.079145	1.438840
baseline	3	18.539988	0.071647	1.284385
baseline	3	18.560026	0.109926	1.174178
baseline	3	18.580029	0.112966	1.174169
baseline	3	18.599992	0.076338	1.389436
baseline	3	18.619990	0.074440	1.267389
baseline	3	18.639985	0.068996	1.279958
baseline	3	18.659987	0.071238	1.174279
baseline	3	18.679988	0.071655	1.175133
baseline	3	18.699994	0.078575	2.727439
baseline	3	18.719993	0.077388	11.494331
baseline	3	18.739998	0.082085	2.794532
baseline	3	18.759991	0.075287	2.531159
baseline	3	18.779992	0.076620	2.918133
baseline	3	18.799998	0.081903	2.891340
baseline	3	18.819996	0.080555	12.401230
baseline	3	18.839995	0.079622	3.232064
baseline	3	18.859998	0.082443	2.648822
baseline	3	18.879990	0.073738	2.577223
baseline	3	18.899987	0.071455	2.564277
baseline	3	18.920027	0.111526	1.381541
baseline	3	18.939987	0.070645	1.675048
baseline	3	18.959988	0.072473	1.289616
baseline	3	18.979992	0.075704	2.693030
baseline	3	18.999988	0.072231	2.680931
baseline	3	19.019991	0.074791	12.143846
baseline	3	19.040026	0.110083	1.387376
baseline	3	19.059986	0.070292	1.306749
baseline	3	19.079991	0.074764	1.344865
baseline	3	19.100035	0.118775	1.355311
baseline	3	19.119988	0.071652	1.228024
baseline	3	19.139994	0.077677	1.313388
baseline	3	19.159987	0.070625	1.306596
baseline	3	19.179988	0.071740	1.296965
baseline	3	19.199998	0.081912	2.718950
baseline	3	19.219993	0.076755	11.593391
baseline	3	19.239992	0.075646	3.019782
baseline	3	19.259991	0.074996	2.900435
baseline	3	19.279995	0.078956	2.901748
baseline	3	19.299990	0.074017	2.910516
baseline	3	19.319993	0.077216	11.475834
baseline	3	19.339996	0.079985	2.595447
baseline	3	19.359997	0.081470	2.894557
baseline	3	19.380000	0.084415	2.960413
baseline	3	19.399999	0.082978	2.521095
baseline	3	19.419989	0.073305	1.220956
baseline	3	19.439988	0.071654	1.367731
baseline	3	19.459988	0.071769	1.223075
baseline	3	19.479987	0.071622	1.221517
baseline	3	19.499998	0.081905	1.867165
baseline	3	19.519988	0.071684	1.217824
baseline	3	19.539987	0.071347	1.272483
baseline	3	19.559985	0.069130	1.226728
baseline	3	19.579990	0.073777	1.415604
baseline	3	19.599998	0.082188	3.069410
baseline	3	19.619990	0.074350	1.278852
baseline	3	19.639987	0.071551	1.364167
baseline	3	19.659988	0.072510	1.267187
baseline	3	19.679989	0.072791	1.272311
baseline	3	19.699990	0.073827	1.925044
baseline	3	19.719990	0.074013	1.273757
baseline	3	19.739988	0.071784	1.638317
baseline	3	19.760035	0.119517	1.337679
baseline	3	19.779994	0.078260	2.516561
baseline	3	19.799991	0.075449	1.574176
baseline	3	19.819993	0.077403	1.824175
baseline	3	19.839987	0.070909	1.687948
baseline	3	19.859988	0.072585	1.324303
baseline	3	19.880000	0.083913	2.730901
baseline	3	19.900103	0.186689	6.353423
baseline	3	19.920004	0.088316	11.709085
baseline	3	19.940001	0.084807	1.653852
baseline	3	19.959994	0.077644	1.918558
router	3	0.000000	0.107978	1.137897
router	3	0.020005	0.113619	1.079138
router	3	0.039999	0.107346	1.126884
router	3	0.059961	0.069276	1.153356
router	3	0.080001	0.109247	1.164498
router	3	0.100010	0.118827	1.239361
router	3	0.121533	1.641449	1.238100
router	3	0.139975	0.082937	2.496040
router	3	0.159989	0.096957	1.331921
router	3	0.180535	0.643600	2.639915
router	3	0.200004	0.112860	1.238074
router	3	0.219988	0.096778	1.260727
router	3	0.239990	0.098438	1.352713
router	3	0.259962	0.070794	1.253131
router	3	0.280005	0.112908	1.276424
router	3	0.300001	0.109875	1.257139
router	3	0.319995	0.103555	1.245444
router	3	0.340005	0.113349	1.388810
router	3	0.359963	0.071802	1.253838
router	3	0.379989	0.097481	1.335599
router	3	0.400017	0.124904	1.321219
router	3	0.420002	0.110850	1.446347
router	3	0.440000	0.108440	1.408368
router	3	0.459969	0.077761	1.327008
router	3	0.480010	0.118691	1.287779
router	3	0.500001	0.109852	1.286814
router	3	0.520530	0.638856	3.892736
router	3	0.540533	0.640895	2.524359
router	3	0.559976	0.084590	2.795167
router	3	0.580006	0.114334	1.377955
router	3	0.600001	0.109308	1.306200
router	3	0.619994	0.101962	1.466314
router	3	0.640009	0.117157	2.079941
router	3	0.659969	0.077748	1.441774
router	3	0.680006	0.114331	1.304446
router	3	0.699970	0.078014	2.954473
router	3	0.720006	0.114180	1.327363
router	3	0.740070	0.177969	2.651222
router	3	0.759965	0.072941	1.347478
router	3	0.780004	0.112195	1.289251
router	3	0.800002	0.110320	1.312814
router	3	0.819997	0.105218	1.325191
router	3	0.840001	0.109370	1.328310
router	3	0.859966	0.074252	1.369260
router	3	0.880002	0.110688	1.291386
router	3	0.900002	0.109974	1.609392
router	3	0.920001	0.108896	1.551567
router	3	0.940003	0.111072	1.621456
router	3	0.960566	0.674121	2.119680
router	3	0.979994	0.102142	1.298856
router	3	0.999995	0.103389	1.322550
router	3	1.020003	0.110974	1.577469
router	3	1.040003	0.111271	1.406407
router	3	1.059970	0.078579	3.173859
router	3	1.079970	0.078560	3.250989
router	3	1.099969	0.077879	2.906182
router	3	1.119971	0.079310	2.791926
router	3	1.139971	0.079184	3.285667
router	3	1.162619	2.727575	3.637093
router	3	1.180002	0.110103	1.296578
router	3	1.199978	0.086844	1.358540
router	3	1.219975	0.083856	3.100248
router	3	1.240006	0.114843	1.942776
router	3	1.259970	0.078452	3.223343
router	3	1.279970	0.077926	3.316767
router	3	1.299969	0.076918	18.977697
router	3	1.319963	0.071660	3.294221
router	3	1.339969	0.077317	3.338506
router	3	1.359970	0.078202	2.794040
router	3	1.379969	0.077282	1.501551
router	3	1.399996	0.104533	1.339256
router	3	1.419976	0.084145	3.038024
router	3	1.439964	0.072743	2.927862
router	3	1.459979	0.086993	1.482034
router	3	1.479969	0.077659	3.019228
router	3	1.499991	0.099691	2.752405
router	3	1.519966	0.074503	2.892114
router	3	1.541058	1.166438	3.503442
router	3	1.560556	0.664162	3.014515
router	3	1.579967	0.075238	2.928755
router	3	1.599997	0.105138	2.761109
router	3	1.620006	0.114151	3.033842
router	3	1.639972	0.080048	3.302037
router	3	1.659970	0.078422	3.216350
router	3	1.679970	0.078022	3.228014
router	3	1.699970	0.078137	3.265975
router	3	1.719972	0.080248	3.207792
router	3	1.739972	0.080107	3.262880
router	3	1.760530	0.638569	2.775593
router	3	1.780003	0.111268	1.399032
router	3	1.799970	0.078337	2.438004
router	3	1.820007	0.115426	1.515923
router	3	1.839980	0.088154	2.909702
router	3	1.859970	0.078222	2.893715
router	3	1.880004	0.112088	1.408825
router	3	1.899964	0.072354	1.833027
router	3	1.920001	0.108891	1.409226
router	3	1.940001	0.109220	1.588694
router	3	1.959963	0.071612	1.408786
router	3	1.980006	0.114353	1.405327
router	3	1.999964	0.072090	1.389413
router	3	2.020001	0.109773	1.344621
router	3	2.040001	0.109250	1.353106
router	3	2.060001	0.109426	1.392716
router	3	2.080008	0.115980	3.328490
router	3	2.099971	0.078902	3.598761
router	3	2.119973	0.081456	3.248480
router	3	2.139970	0.078798	3.260718
router	3	2.159973	0.080929	3.298207
router	3	2.179973	0.081141	3.130918
router	3	2.199974	0.082105	3.377322
router	3	2.219974	0.081919	3.189977
router	3	2.239983	0.091157	3.187020
router	3	2.259973	0.080887	3.218099
router	3	2.279975	0.083534	6.647379
router	3	2.299976	0.084566	5.771696
router	3	2.319977	0.085562	3.332090
router	3	2.339978	0.085913	3.326700
router	3	2.361536	1.644118	5.358908
router	3	2.379976	0.084078	6.263235
router	3	2.399978	0.086063	20.045041
router	3	2.420109	0.217571	3.367226
router	3	2.439974	0.082368	3.736577
router	3	2.460532	0.640760	6.419629
router	3	2.479976	0.084690	3.602507
router	3	2.499968	0.076498	19.763248
router	3	2.519958	0.066021	3.014449
router	3	2.539967	0.074910	3.161012
router	3	2.559968	0.075910	3.127784
router	3	2.579970	0.078109	3.151620
router	3	2.600001	0.109538	1.416281
router	3	2.620001	0.109755	1.428473
router	3	2.639966	0.074021	1.402428
router	3	2.659970	0.078411	1.804157
router	3	2.680002	0.109935	1.416119
router	3	2.699990	0.098662	1.347099
router	3	2.719964	0.072782	2.622211
router	3	2.739970	0.078252	2.655790
router	3	2.760004	0.112218	1.437687
router	3	2.780002	0.110630	2.054558
router	3	2.799976	0.084465	3.277945
router	3	2.819971	0.079400	3.347499
router	3	2.839973	0.081518	3.164187
router	3	2.859975	0.082903	3.203597
router	3	2.879972	0.080849	3.077187
router	3	2.899974	0.082546	3.207576
router	3	2.919972	0.079908	3.229075
router	3	2.939973	0.081198	3.278713
router	3	2.959974	0.082406	3.197232
router	3	2.979973	0.081061	3.222247
router	3	3.000535	0.643854	18.896939
router	3	3.019963	0.071416	3.215372
router	3	3.039971	0.079758	3.223023
router	3	3.060004	0.112265	1.386191
router	3	3.079991	0.099204	1.353371
router	3	3.099967	0.075700	1.362339
router	3	3.119971	0.079820	1.809055
router	3	3.140001	0.109696	1.456079
router	3	3.159973	0.081394	3.010885
router	3	3.180560	0.667963	2.996461
router	3	3.199970	0.078462	2.962462
router	3	3.219966	0.074183	2.943401
router	3	3.239968	0.076107	2.941621
router	3	3.259964	0.071909	3.499196
router	3	3.279971	0.079476	2.979777
router	3	3.300011	0.119323	18.941667
router	3	3.319997	0.105606	1.387786
router	3	3.339999	0.107183	1.345398
router	3	3.359972	0.080284	3.015830
router	3	3.379984	0.092658	3.685057
router	3	3.399975	0.083060	3.020272
router	3	3.419972	0.079958	2.996180
router	3	3.439967	0.074938	2.929787
router	3	3.459968	0.076188	2.906786
router	3	3.479967	0.075050	2.902602
router	3	3.499968	0.076630	2.174572
router	3	3.519965	0.072997	2.924452
router	3	3.539967	0.075881	2.945739
router	3	3.560006	0.114661	1.408486
router	3	3.579998	0.106574	1.339342
router	3	3.600006	0.114139	1.381860
router	3	3.620532	0.640701	2.037206
router	3	3.639998	0.106091	1.344948
router	3	3.660001	0.109739	1.347482
router	3	3.680031	0.139456	2.827645
router	3	3.699974	0.081984	2.797593
router	3	3.719972	0.080110	2.857156
router	3	3.739968	0.076694	3.324015
router	3	3.759973	0.081759	2.549912
router	3	3.779972	0.080774	2.606065
router	3	3.799968	0.076610	18.930161
router	3	3.819968	0.076107	2.754928
router	3	3.839998	0.106279	1.355724
router	3	3.859973	0.081026	2.948124
router	3	3.879970	0.078531	2.946509
router	3	3.899966	0.074659	2.885892
router	3	3.921156	1.264802	2.972017
router	3	3.939998	0.106170	2.954193
router	3	3.959972	0.079928	2.971528
router	3	3.979976	0.084832	2.914793
router	3	3.999968	0.076306	2.746579
router	3	4.019970	0.078810	2.954793
router	3	4.039970	0.078519	2.978138
router	3	4.059967	0.075079	2.915302
router	3	4.079967	0.075700	2.888702
router	3	4.100009	0.117769	1.709092
router	3	4.119999	0.107471	1.346812
router	3	4.139969	0.077034	2.946479
router	3	4.159973	0.081236	2.946965
router	3	4.179968	0.076667	2.897200
router	3	4.199973	0.081139	2.966847
router	3	4.220006	0.114357	2.121858
router	3	4.240000	0.108080	1.349695
router	3	4.259964	0.072438	1.505729
router	3	4.280001	0.109783	1.355997
router	3	4.299970	0.078380	2.943502
router	3	4.319968	0.076777	2.889365
router	3	4.339966	0.074490	2.898056
router	3	4.359968	0.076515	2.899257
router	3	4.379967	0.075256	2.888920
router	3	4.399968	0.075921	19.591092
router	3	4.419960	0.068552	2.778098
router	3	4.439970	0.078018	2.836147
router	3	4.459967	0.075272	2.794177
router	3	4.479968	0.076630	2.831999
router	3	4.500533	0.641036	18.534582
router	3	4.519967	0.075588	2.956989
router	3	4.539972	0.079891	2.711763
router	3	4.560002	0.110322	1.348539
router	3	4.580003	0.111846	1.395279
router	3	4.599963	0.071098	1.616665
router	3	4.619968	0.076518	2.894860
router	3	4.639965	0.073463	2.894549
router	3	4.659965	0.073643	2.816167
router	3	4.679964	0.072411	2.770765
router	3	4.700532	0.640330	2.127433
router	3	4.719973	0.080973	2.969212
router	3	4.740003	0.111222	1.342318
router	3	4.760000	0.108816	1.298196
router	3	4.780009	0.117139	1.688013
router	3	4.799977	0.085191	3.068929
router	3	4.819972	0.080587	3.166308
router	3	4.839968	0.076859	3.173836
router	3	4.859970	0.078672	3.208273
router	3	4.879968	0.076099	3.187017
router	3	4.899970	0.078005	3.218242
router	3	4.919970	0.078104	2.898521
router	3	4.939970	0.078800	3.022992
router	3	4.959998	0.106552	1.300674
router	3	4.980003	0.111513	1.287089
router	3	4.999962	0.070857	1.524618
router	3	5.020004	0.112239	1.534632
router	3	5.039971	0.079790	1.751596
router	3	5.059991	0.099114	1.383419
router	3	5.079991	0.099036	1.309924
router	3	5.099967	0.075799	1.586562
router	3	5.120038	0.146755	1.909666
router	3	5.139970	0.078007	3.175799
router	3	5.159970	0.078539	2.835658
router	3	5.179971	0.079587	2.923881
router	3	5.199971	0.079317	2.793519
router	3	5.219963	0.071671	2.802494
router	3	5.239968	0.076789	2.880610
router	3	5.259969	0.077595	2.952720
router	3	5.279975	0.083725	3.119383
router	3	5.299970	0.078852	2.705304
router	3	5.319962	0.070723	2.790559
router	3	5.339973	0.080904	3.187235
router	3	5.359968	0.076323	3.202072
router	3	5.379972	0.080866	3.181786
router	3	5.399969	0.077207	2.838598
router	3	5.419966	0.074839	2.814417
router	3	5.439968	0.076789	2.810366
router	3	5.459966	0.074186	2.808409
router	3	5.479971	0.079315	2.835565
router	3	5.499969	0.076918	2.154299
router	3	5.519967	0.075471	2.857434
router	3	5.539968	0.076650	2.852561
router	3	5.559971	0.079181	2.846271
router	3	5.579966	0.073928	2.822441
router	3	5.599975	0.083358	3.737327
router	3	5.619969	0.077033	3.154214
router	3	5.639970	0.078330	3.135043
router	3	5.659969	0.077020	3.007498
router	3	5.679971	0.078893	3.084890
router	3	5.699967	0.075570	19.072476
router	3	5.719966	0.074122	2.710901
router	3	5.739966	0.074795	2.761382
router	3	5.759968	0.076128	2.733245
router	3	5.779971	0.079427	2.860637
router	3	5.799967	0.075641	2.700219
router	3	5.819969	0.077547	2.860269
router	3	5.839969	0.077815	2.821875
router	3	5.859971	0.079075	2.781074
router	3	5.879966	0.074043	2.800136
router	3	5.899967	0.075003	18.477495
router	3	5.919963	0.071577	2.837552
router	3	5.939967	0.075232	2.856172
router	3	5.959966	0.074147	2.783793
router	3	5.979968	0.076061	2.839167
router	3	5.999981	0.089762	19.760623
router	3	6.019966	0.074504	3.202719
router	3	6.039973	0.081030	2.860644
router	3	6.059969	0.077057	3.194426
router	3	6.079973	0.081298	3.311964
router	3	6.100541	0.649354	18.213364
router	3	6.119957	0.064919	1.342202
router	3	6.140005	0.113303	1.426916
router	3	6.159999	0.107814	1.352517
router	3	6.179996	0.103953	1.295081
router	3	6.200000	0.108668	1.529111
router	3	6.219999	0.107265	1.295693
router	3	6.240004	0.112349	1.440281
router	3	6.259999	0.107050	1.295886
router	3	6.279992	0.100461	1.339412
router	3	6.300000	0.107954	1.727630
router	3	6.319994	0.102307	1.301967
router	3	6.340000	0.108048	1.394182
router	3	6.360001	0.109196	1.348836
router	3	6.379999	0.107381	1.388988
router	3	6.399971	0.078965	2.841458
router	3	6.419971	0.079403	2.849062
router	3	6.439975	0.083607	3.827522
router	3	6.462535	2.643093	2.987906
router	3	6.479973	0.080972	2.931654
router	3	6.499974	0.082764	2.976104
router	3	6.519973	0.081478	2.979365
router	3	6.539998	0.106753	4.302983
router	3	6.559971	0.078945	3.149752
router	3	6.580040	0.148526	3.070248
router	3	6.599975	0.083612	2.805061
router	3	6.619973	0.081022	3.126071
router	3	6.640533	0.641335	3.100153
router	3	6.659974	0.082688	3.366539
router	3	6.679971	0.078923	3.442948
router	3	6.699974	0.082583	19.616044
router	3	6.719964	0.072482	3.492757
router	3	6.739970	0.078246	2.984834
router	3	6.759973	0.081230	3.547576
router	3	6.779970	0.077940	3.374080
router	3	6.799973	0.081056	20.142526
router	3	6.820199	0.306971	3.180904
router	3	6.839971	0.079748	3.132370
router	3	6.859971	0.079676	3.224368
router	3	6.879972	0.080223	3.282652
router	3	6.900002	0.110703	18.315399
router	3	6.919962	0.070814	1.390441
router	3	6.940007	0.115598	1.381972
router	3	6.960004	0.112712	1.382725
router	3	6.980003	0.111176	1.294328
router	3	6.999970	0.078305	1.675505
router	3	7.020729	0.837538	2.062682
router	3	7.039972	0.080493	2.035269
router	3	7.059968	0.076497	1.856326
router	3	7.079999	0.107723	1.243289
router	3	7.100003	0.111831	1.321824
router	3	7.119995	0.103008	1.304841
router	3	7.139999	0.107045	1.316172
router	3	7.160000	0.107923	1.243918
router	3	7.180002	0.110058	1.344545
router	3	7.199972	0.080767	2.913658
router	3	7.219990	0.097920	2.937572
router	3	7.240008	0.116105	1.894209
router	3	7.259989	0.097313	1.328744
router	3	7.280157	0.264974	3.316841
router	3	7.299971	0.079365	2.626719
router	3	7.319967	0.075108	1.336874
router	3	7.339972	0.080245	3.277095
router	3	7.359971	0.079848	3.121784
router	3	7.379976	0.084345	3.024895
router	3	7.399972	0.080739	3.141265
router	3	7.419966	0.074079	2.903075
router	3	7.440007	0.114888	1.349288
router	3	7.459998	0.106779	1.287716
router	3	7.480003	0.111157	1.633253
router	3	7.499968	0.076183	2.291660
router	3	7.519962	0.070702	1.303273
router	3	7.539970	0.078205	3.208541
router	3	7.559969	0.077586	3.128889
router	3	7.579969	0.077777	3.254665
router	3	7.599973	0.081234	3.117982
router	3	7.619969	0.077839	2.993795
router	3	7.640006	0.114570	1.431537
router	3	7.660004	0.112454	1.240312
router	3	7.679998	0.106441	1.247047
router	3	7.699998	0.106368	1.245268
router	3	7.719966	0.074511	2.481478
router	3	7.739969	0.077681	3.058529
router	3	7.759970	0.078188	3.117718
router	3	7.779968	0.076732	2.613251
router	3	7.799968	0.075938	2.784189
router	3	7.819969	0.077212	3.158307
router	3	7.840001	0.109676	1.251630
router	3	7.860003	0.111838	1.239932
router	3	7.880001	0.109585	1.251118
router	3	7.900001	0.108941	1.243165
router	3	7.919999	0.106959	1.336195
router	3	7.940004	0.112082	1.337480
router	3	7.960003	0.111398	1.240373
router	3	7.980009	0.116894	1.306170
router	3	7.999997	0.105582	1.247057
router	3	8.019973	0.080905	2.939393
router	3	8.039970	0.078192	2.884900
router	3	8.059969	0.077528	2.924800
router	3	8.079972	0.080640	1.381031
router	3	8.100000	0.108881	1.306465
router	3	8.120000	0.108807	1.249876
router	3	8.139999	0.107137	5.666935
router	3	8.159999	0.107465	1.282780
router	3	8.180008	0.116615	1.481086
router	3	8.200006	0.114598	1.249393
router	3	8.219998	0.106833	1.290636
router	3	8.239999	0.107147	1.296496
router	3	8.260000	0.108875	1.233818
router	3	8.279999	0.107811	1.533684
router	3	8.299998	0.106520	1.196285
router	3	8.319996	0.104236	1.828794
router	3	8.339999	0.107123	1.335673
router	3	8.360000	0.108707	1.201755
router	3	8.379998	0.106263	1.686096
router	3	8.399997	0.105446	2.573897
router	3	8.419998	0.105910	1.260436
router	3	8.440002	0.109989	1.357849
router	3	8.459997	0.105881	1.241570
router	3	8.479999	0.107711	1.919906
router	3	8.500000	0.108682	1.423854
router	3	8.520000	0.107945	1.282938
router	3	8.539969	0.077499	2.394201
router	3	8.559990	0.098432	1.255970
router	3	8.580007	0.115107	1.916568
router	3	8.600002	0.109899	1.241836
router	3	8.619968	0.076767	3.060444
router	3	8.639967	0.075193	3.131176
router	3	8.659969	0.077171	3.173641
router	3	8.679966	0.074745	2.916981
router	3	8.699968	0.076281	3.130666
router	3	8.719970	0.078119	3.149522
router	3	8.739967	0.075096	2.755475
router	3	8.759968	0.076612	2.686240
router	3	8.779969	0.077405	2.758826
router	3	8.799967	0.075289	2.613973
router	3	8.819966	0.074824	2.668001
router	3	8.839964	0.072765	2.691239
router	3	8.859968	0.076325	2.851004
router	3	8.879968	0.076442	2.846341
router	3	8.899965	0.073356	2.785180
router	3	8.919968	0.076356	2.827337
router	3	8.939966	0.073983	2.896677
router	3	8.959966	0.074212	2.807882
router	3	8.980007	0.115881	1.642543
router	3	8.999967	0.075755	1.333260
router	3	9.019972	0.080478	1.283482
router	3	9.039998	0.106550	2.721962
router	3	9.060291	0.399216	2.723133
router	3	9.079966	0.074622	2.667667
router	3	9.099971	0.079513	2.605583
router	3	9.119966	0.074317	2.667456
router	3	9.139966	0.074439	2.674091
router	3	9.159970	0.078379	2.675112
router	3	9.179968	0.076848	2.669161
router	3	9.199963	0.070899	2.645038
router	3	9.219967	0.075812	2.573777
router	3	9.239963	0.071030	2.632055
router	3	9.259963	0.071588	2.578612
router	3	9.279968	0.076160	2.592129
router	3	9.300064	0.172055	19.292458
router	3	9.319959	0.067107	2.583841
router	3	9.339972	0.080787	2.927283
router	3	9.359973	0.081757	2.939380
router	3	9.379974	0.081985	2.835534
router	3	9.399967	0.075754	3.020563
router	3	9.419970	0.078317	3.025937
router	3	9.439971	0.079065	2.793306
router	3	9.459970	0.078698	2.919950
router	3	9.479970	0.077900	2.897943
router	3	9.499969	0.077752	2.819334
router	3	9.519971	0.079392	3.042918
router	3	9.539967	0.075827	3.031382
router	3	9.559972	0.080814	3.042884
router	3	9.579976	0.084508	3.209453
router	3	9.599974	0.082505	2.655230
router	3	9.619976	0.084701	2.892602
router	3	9.639972	0.080394	3.261521
router	3	9.659970	0.078472	3.265142
router	3	9.679978	0.086397	3.059420
router	3	9.699972	0.080828	3.056122
router	3	9.719978	0.086033	3.115474
router	3	9.739981	0.088908	3.064450
router	3	9.760002	0.110182	1.413949
router	3	9.779976	0.084353	2.944429
router	3	9.799975	0.083346	3.218035
router	3	9.819969	0.077681	3.220856
router	3	9.839974	0.082298	2.908845
router	3	9.859967	0.075043	2.908979
router	3	9.879969	0.077209	2.928001
router	3	9.899969	0.077365	2.953538
router	3	9.919966	0.074276	2.914471
router	3	9.939966	0.074787	2.948941
router	3	9.959967	0.075484	2.910094
router	3	9.979967	0.074938	2.947426
router	3	9.999969	0.076921	2.966828
router	3	10.019965	0.073520	2.929426
router	3	10.039972	0.080356	2.946020
router	3	10.059965	0.073561	2.917221
router	3	10.079966	0.074705	2.888170
router	3	10.099971	0.079035	2.954893
router	3	10.119966	0.074411	2.894783
router	3	10.139985	0.093647	3.147786
router	3	10.159972	0.080375	2.418223
router	3	10.180000	0.108596	1.342744
router	3	10.199970	0.078851	2.933939
router	3	10.219971	0.079228	2.914131
router	3	10.240426	0.534048	2.960895
router	3	10.259969	0.077347	2.910837
router	3	10.279968	0.076672	2.904859
router	3	10.299971	0.079457	2.966960
router	3	10.319965	0.073579	2.917501
router	3	10.339966	0.074430	2.898715
router	3	10.359966	0.074629	2.893123
router	3	10.379970	0.078814	2.918585
router	3	10.399967	0.075805	2.855657
router	3	10.419966	0.074241	2.767630
router	3	10.439965	0.073420	2.802407
router	3	10.459967	0.075766	2.796406
router	3	10.479966	0.074077	2.775224
router	3	10.499967	0.074960	2.848751
router	3	10.519966	0.074829	2.817879
router	3	10.539964	0.071972	2.794309
router	3	10.559966	0.074362	2.782812
router	3	10.579964	0.072848	2.823663
router	3	10.599973	0.081505	2.819840
router	3	10.622535	2.642935	2.845583
router	3	10.639965	0.073412	4.247826
router	3	10.659968	0.076768	2.812915
router	3	10.679965	0.073732	2.791772
router	3	10.699973	0.080938	2.914665
router	3	10.719969	0.077089	2.907076
router	3	10.739966	0.074854	2.999616
router	3	10.759971	0.078949	2.936622
router	3	10.779966	0.074576	2.914667
router	3	10.800205	0.313471	1.465352
router	3	10.820002	0.110548	1.378841
router	3	10.839969	0.077210	1.483129
router	3	10.860010	0.118527	1.292569
router	3	10.879968	0.076612	2.787416
router	3	10.899970	0.078382	2.828099
router	3	10.919969	0.076944	2.763199
router	3	10.939973	0.081219	2.801519
router	3	10.959965	0.073201	2.772844
router	3	10.979964	0.072807	2.666698
router	3	10.999968	0.076765	2.049944
router	3	11.020000	0.108577	1.239407
router	3	11.039996	0.103950	1.289745
router	3	11.059998	0.105919	1.294527
router	3	11.080005	0.113449	1.293335
router	3	11.099966	0.074687	1.829667
router	3	11.119989	0.097542	1.245195
router	3	11.139961	0.069202	1.311892
router	3	11.159999	0.107128	1.239173
router	3	11.179996	0.104055	1.240632
router	3	11.200193	0.301131	2.745840
router	3	11.219966	0.074267	2.705619
router	3	11.239966	0.074770	2.685581
router	3	11.259963	0.071762	2.691315
router	3	11.279965	0.073680	2.656956
router	3	11.299967	0.075865	3.068496
router	3	11.319968	0.076391	2.654437
router	3	11.339968	0.075945	2.725593
router	3	11.359967	0.075492	3.119218
router	3	11.382533	2.641542	2.197946
router	3	11.400079	0.187784	1.771418
router	3	11.419990	0.098305	1.244316
router	3	11.440002	0.110397	1.326605
router	3	11.459997	0.105550	1.216430
router	3	11.480003	0.111242	1.209978
router	3	11.499972	0.080027	2.611243
router	3	11.519967	0.075391	2.567643
router	3	11.539964	0.072555	2.565104
router	3	11.559970	0.078216	1.959882
router	3	11.579995	0.103562	1.211293
router	3	11.599965	0.073322	1.560380
router	3	11.619964	0.072450	1.217846
router	3	11.639999	0.107297	1.214112
router	3	11.659998	0.106124	1.333185
router	3	11.679992	0.100043	1.437420
router	3	11.699979	0.087127	2.867399
router	3	11.719971	0.079582	2.959525
router	3	11.739995	0.103235	3.479517
router	3	11.760529	0.637721	3.033644
router	3	11.779973	0.081413	3.191405
router	3	11.799975	0.083768	3.134927
router	3	11.819966	0.074186	3.131384
router	3	11.840009	0.117519	1.486041
router	3	11.860005	0.113573	1.345293
router	3	11.879973	0.081217	3.313280
router	3	11.899967	0.075294	3.226633
router	3	11.919972	0.080023	3.326321
router	3	11.939971	0.079716	3.100724
router	3	11.959971	0.079007	3.164880
router	3	11.979971	0.079350	3.152081
router	3	11.999968	0.075928	3.171978
router	3	12.020109	0.217737	2.379711
router	3	12.039973	0.081339	1.794276
router	3	12.059999	0.107164	1.412452
router	3	12.079972	0.080643	2.994401
router	3	12.099966	0.073885	3.060436
router	3	12.119972	0.079960	3.242358
router	3	12.139970	0.078774	2.965539
router	3	12.159972	0.080258	3.264936
router	3	12.179977	0.085251	3.287518
router	3	12.199978	0.086079	3.221044
router	3	12.219973	0.081678	3.256330
router	3	12.239971	0.079192	3.265788
router	3	12.259971	0.079385	3.223695
router	3	12.279977	0.084957	3.228949
router	3	12.299974	0.082090	3.217984
router	3	12.319968	0.076056	3.211130
router	3	12.339972	0.079987	3.217925
router	3	12.359970	0.078625	3.211548
router	3	12.379973	0.081175	3.129273
router	3	12.399969	0.077845	3.045997
router	3	12.419968	0.076491	3.239463
router	3	12.439973	0.081514	3.048422
router	3	12.459972	0.080542	3.355118
router	3	12.479972	0.080830	3.157923
router	3	12.499970	0.078142	2.889655
router	3	12.519973	0.081213	3.302945
router	3	12.539974	0.082828	2.860099
router	3	12.559969	0.077059	2.975483
router	3	12.579975	0.083590	3.302120
router	3	12.599972	0.080585	2.969335
router	3	12.619973	0.080935	3.754403
router	3	12.639968	0.076286	1.778778
router	3	12.659995	0.103114	1.473178
router	3	12.679995	0.103230	1.406779
router	3	12.700555	0.663838	3.427529
router	3	12.719971	0.079722	3.102109
router	3	12.742537	2.645329	3.202417
router	3	12.760005	0.113205	1.409875
router	3	12.780000	0.108764	1.429878
router	3	12.799971	0.079376	3.104630
router	3	12.819970	0.078505	2.965915
router	3	12.839970	0.078522	3.053184
router	3	12.859969	0.077539	3.335136
router	3	12.879969	0.077088	3.298685
router	3	12.899976	0.084008	3.262184
router	3	12.919969	0.077607	3.219122
router	3	12.939971	0.079733	3.232104
router	3	12.959974	0.082098	3.228300
router	3	12.981296	1.404347	3.250308
router	3	12.999983	0.091233	3.228721
router	3	13.019978	0.085968	3.229196
router	3	13.040535	0.643174	3.116647
router	3	13.059979	0.087587	3.322370
router	3	13.080534	0.642224	4.285374
router	3	13.100535	0.643468	6.425237
router	3	13.119975	0.083430	3.422870
router	3	13.139977	0.085687	3.362356
router	3	13.159980	0.088149	3.373049
router	3	13.179936	0.044202	2.346992
router	3	13.200005	0.113464	1.478177
router	3	13.220007	0.115282	1.625587
router	3	13.239971	0.079712	1.654547
router	3	13.260000	0.108568	1.416348
router	3	13.279974	0.082640	6.533783
router	3	13.299976	0.084438	3.444142
router	3	13.319966	0.073927	1.432031
router	3	13.339969	0.077282	1.445718
router	3	13.360008	0.116565	1.466390
router	3	13.380001	0.109465	1.406019
router	3	13.399971	0.079059	3.577982
router	3	13.419968	0.076043	1.722945
router	3	13.439968	0.076211	1.513873
router	3	13.460005	0.113731	1.406957
router	3	13.480008	0.116836	1.514597
router	3	13.499999	0.106925	1.414025
router	3	13.520000	0.108444	1.418976
router	3	13.539967	0.075682	1.527775
router	3	13.559994	0.102410	2.070094
router	3	13.579977	0.085656	3.398149
router	3	13.599972	0.080814	3.285422
router	3	13.619972	0.080476	6.316406
router	3	13.639977	0.085352	3.332561
router	3	13.659971	0.079663	3.018864
router	3	13.679973	0.080926	3.232266
router	3	13.699969	0.077612	3.288600
router	3	13.719970	0.078632	3.338979
router	3	13.739970	0.078427	3.305935
router	3	13.760534	0.642185	3.218593
router	3	13.779971	0.078920	3.537991
router	3	13.799969	0.077745	3.038237
router	3	13.819969	0.077424	2.994205
router	3	13.839969	0.077605	3.524320
router	3	13.859972	0.080456	2.895187
router	3	13.880003	0.111808	1.431300
router	3	13.899964	0.072826	1.423235
router	3	13.919990	0.098369	1.580435
router	3	13.939978	0.086803	3.580637
router	3	13.963005	3.112931	3.032591
router	3	13.979970	0.078710	3.227896
router	3	13.999970	0.078365	3.245492
router	3	14.019968	0.076685	3.293287
router	3	14.039974	0.082354	3.181038
router	3	14.060028	0.136312	1.503499
router	3	14.079999	0.107781	1.348459
router	3	14.099937	0.044891	3.321381
router	3	14.119970	0.078859	3.206766
router	3	14.140298	0.406270	3.275492
router	3	14.159996	0.104811	2.945331
router	3	14.179972	0.080424	2.957206
router	3	14.200007	0.115338	1.760005
router	3	14.220005	0.113720	2.556347
router	3	14.239999	0.107797	1.352517
router	3	14.260000	0.107915	1.349008
router	3	14.279996	0.103901	1.344246
router	3	14.299964	0.072105	1.682842
router	3	14.320065	0.173659	3.531109
router	3	14.342135	2.243319	2.154948
router	3	14.360000	0.108060	1.879312
router	3	14.379973	0.080983	5.212764
router	3	14.399988	0.096361	3.268451
router	3	14.420531	0.639846	4.331076
router	3	14.439976	0.084717	2.361098
router	3	14.459972	0.080052	3.309025
router	3	14.479974	0.082211	1.535493
router	3	14.500532	0.640169	7.125814
router	3	14.520002	0.110732	1.852311
router	3	14.539964	0.072646	1.569401
router	3	14.560007	0.115022	1.955870
router	3	14.579963	0.071046	1.401628
router	3	14.599992	0.100105	1.433688
router	3	14.619972	0.080642	3.060548
router	3	14.639970	0.078196	3.109202
router	3	14.659970	0.078386	3.104717
router	3	14.679974	0.082446	3.324448
router	3	14.699980	0.088564	3.515821
router	3	14.720573	0.681307	3.190771
router	3	14.740011	0.119000	2.905057
router	3	14.759973	0.081199	3.410716
router	3	14.780045	0.153198	3.103454
router	3	14.799971	0.079440	3.130343
router	3	14.819969	0.077600	3.103017
router	3	14.839972	0.080843	3.071051
router	3	14.859973	0.080917	3.064793
router	3	14.879979	0.087566	3.314359
router	3	14.899973	0.081627	3.085673
router	3	14.919967	0.075267	3.074333
router	3	14.939979	0.087853	1.451193
router	3	14.960010	0.118714	1.440939
router	3	14.979969	0.077301	1.434410
router	3	15.000002	0.110796	1.463503
router	3	15.020006	0.114834	1.352651
router	3	15.039964	0.072364	1.588888
router	3	15.059970	0.078692	2.907787
router	3	15.079969	0.077074	3.197802
router	3	15.099973	0.081250	3.120027
router	3	15.119970	0.078049	3.232750
router	3	15.139971	0.079820	3.195117
router	3	15.159973	0.081849	3.200722
router	3	15.179969	0.077648	3.263501
router	3	15.199971	0.079515	3.238609
router	3	15.219971	0.079589	2.951065
router	3	15.239968	0.075986	2.888275
router	3	15.259968	0.076624	2.995801
router	3	15.279969	0.077026	2.924414
router	3	15.299967	0.074892	2.911917
router	3	15.319966	0.074808	2.941343
router	3	15.339966	0.074856	2.931629
router	3	15.359968	0.076326	2.968396
router	3	15.379968	0.076471	2.951486
router	3	15.399975	0.082996	2.099581
router	3	15.419998	0.106754	1.444127
router	3	15.440014	0.122083	1.372642
router	3	15.459970	0.078111	3.469471
router	3	15.479970	0.078784	3.004994
router	3	15.499973	0.081577	3.192526
router	3	15.519970	0.078112	3.148121
router	3	15.539972	0.080484	3.219101
router	3	15.559973	0.081272	3.228560
router	3	15.579970	0.078607	3.031204
router	3	15.599975	0.083236	2.832275
router	3	15.619981	0.089719	2.989642
router	3	15.639978	0.086170	3.248385
router	3	15.659977	0.084930	3.261622
router	3	15.679970	0.078545	3.231705
router	3	15.699970	0.078637	3.234691
router	3	15.719970	0.078823	2.971635
router	3	15.739966	0.074507	2.955066
router	3	15.759966	0.074746	2.945065
router	3	15.779968	0.075988	2.929655
router	3	15.799967	0.075319	2.910762
router	3	15.819970	0.078695	2.979375
router	3	15.839975	0.083657	2.964110
router	3	15.859968	0.076878	2.975468
router	3	15.880530	0.638110	2.951919
router	3	15.899965	0.073756	2.900229
router	3	15.919968	0.075945	2.963946
router	3	15.939966	0.074702	2.923976
router	3	15.959967	0.075704	2.967597
router	3	15.979967	0.075002	2.946220
router	3	15.999967	0.075260	2.933615
router	3	16.019973	0.081775	2.949491
router	3	16.039964	0.072483	2.913162
router	3	16.059967	0.075339	2.904752
router	3	16.079968	0.076773	2.928634
router	3	16.099969	0.076958	2.900989
router	3	16.119969	0.077056	2.838832
router	3	16.139966	0.074063	2.808708
router	3	16.159968	0.075895	2.847859
router	3	16.179966	0.074446	2.787275
router	3	16.199969	0.076883	2.818178
router	3	16.221543	1.651194	2.813517
router	3	16.239971	0.079461	2.826368
router	3	16.259967	0.075698	2.923573
router	3	16.279965	0.073219	2.327186
router	3	16.300005	0.113341	1.350709
router	3	16.320005	0.113830	1.293993
router	3	16.339998	0.106626	1.300447
router	3	16.359998	0.106452	1.291773
router	3	16.379999	0.106920	1.293175
router	3	16.400008	0.116044	1.402954
router	3	16.421537	1.645498	3.109722
router	3	16.440001	0.109406	1.289388
router	3	16.460004	0.112237	1.239244
router	3	16.479997	0.105474	1.253907
router	3	16.499999	0.107697	1.282965
router	3	16.519998	0.106311	1.245392
router	3	16.539999	0.107457	1.244599
router	3	16.559964	0.072284	2.130096
router	3	16.579970	0.078116	2.468283
router	3	16.600008	0.116321	1.373432
router	3	16.620000	0.107920	1.324505
router	3	16.639984	0.092333	3.956992
router	3	16.659998	0.106732	1.296649
router	3	16.679999	0.106969	1.249398
router	3	16.699968	0.075973	2.940189
router	3	16.720539	0.647719	2.543841
router	3	16.739968	0.075979	2.385782
router	3	16.759970	0.078176	2.834460
router	3	16.779967	0.075178	2.797080
router	3	16.799970	0.078345	2.862739
router	3	16.821677	1.785298	2.995614
router	3	16.839981	0.089765	2.730051
router	3	16.860024	0.132713	4.776365
router	3	16.880005	0.113605	1.628595
router	3	16.900004	0.112730	1.346391
router	3	16.920020	0.128193	2.134707
router	3	16.940002	0.110593	1.344314
router	3	16.959999	0.107096	1.465064
router	3	16.979969	0.077545	2.961967
router	3	16.999961	0.069213	1.290451
router	3	17.019988	0.096530	1.330919
router	3	17.040004	0.112663	1.293575
router	3	17.060004	0.112235	1.293492
router	3	17.080010	0.118053	1.291466
router	3	17.099998	0.105924	1.325030
router	3	17.120000	0.108853	1.537755
router	3	17.140004	0.112792	1.241693
router	3	17.159998	0.106229	1.247103
router	3	17.179997	0.105094	1.245989
router	3	17.200002	0.110183	1.251915
router	3	17.219996	0.104001	1.870774
router	3	17.239967	0.075306	1.544140
router	3	17.259993	0.101460	1.356513
router	3	17.279998	0.106819	1.298325
router	3	17.299999	0.107018	2.467069
router	3	17.319995	0.103589	1.302446
router	3	17.340001	0.109466	1.335322
router	3	17.359996	0.104623	1.319048
router	3	17.379969	0.077783	1.395489
router	3	17.399969	0.077000	1.541422
router	3	17.419970	0.077909	3.042236
router	3	17.439969	0.077090	3.020123
router	3	17.459969	0.077378	2.984533
router	3	17.479968	0.076625	3.168236
router	3	17.499967	0.075628	3.165301
router	3	17.519970	0.078459	3.156983
router	3	17.539970	0.078059	3.121445
router	3	17.560004	0.112221	1.248981
router	3	17.579997	0.105361	1.238575
router	3	17.599998	0.106016	1.253466
router	3	17.619998	0.106635	1.465792
router	3	17.640001	0.109533	1.251080
router	3	17.659980	0.088114	1.265996
router	3	17.679965	0.073860	3.040836
router	3	17.699969	0.077199	2.854553
router	3	17.720527	0.635575	1.658612
router	3	17.739963	0.071232	1.588130
router	3	17.759996	0.104544	2.450468
router	3	17.779969	0.077363	2.521494
router	3	17.799971	0.079615	1.714654
router	3	17.819998	0.106709	1.357547
router	3	17.840028	0.136166	1.292631
router	3	17.860008	0.116103	1.291137
router	3	17.879977	0.085081	1.348438
router	3	17.900003	0.110911	3.345159
router	3	17.919999	0.107768	1.320340
router	3	17.939999	0.107472	1.257388
router	3	17.959997	0.105105	1.258703
router	3	17.979967	0.075320	1.244769
router	3	18.000005	0.113076	1.284066
router	3	18.020006	0.114572	1.263798
router	3	18.039996	0.104286	1.252588
router	3	18.059999	0.107620	1.293349
router	3	18.079965	0.073330	1.572627
router	3	18.099999	0.107163	1.248836
router	3	18.120002	0.110467	1.412598
router	3	18.139999	0.107229	1.268008
router	3	18.159967	0.075801	2.941251
router	3	18.180002	0.110674	1.258857
router	3	18.200004	0.112254	1.257253
router	3	18.220002	0.110734	1.314436
router	3	18.240005	0.113673	1.206613
router	3	18.259971	0.079592	2.707994
router	3	18.280000	0.108143	1.274880
router	3	18.299997	0.105841	1.247655
router	3	18.320650	0.758838	1.471792
router	3	18.339999	0.107465	1.245816
router	3	18.359998	0.106219	1.241781
router	3	18.379965	0.073398	1.555014
router	3	18.399992	0.100310	1.281078
router	3	18.419991	0.099423	1.742851
router	3	18.440002	0.110608	1.240667
router	3	18.460001	0.109795	1.241946
router	3	18.479963	0.071279	1.270818
router	3	18.499993	0.101351	1.247937
router	3	18.519996	0.104821	1.540483
router	3	18.539998	0.106092	1.242743
router	3	18.559970	0.078616	2.843608
router	3	18.579973	0.081246	2.383913
router	3	18.599998	0.106494	1.483565
router	3	18.619970	0.078152	1.736567
router	3	18.639997	0.105871	1.285278
router	3	18.660004	0.112399	1.248747
router	3	18.679973	0.081426	2.597644
router	3	18.699974	0.082349	2.942402
router	3	18.719971	0.079263	2.665394
router	3	18.740541	0.648966	3.123540
router	3	18.759995	0.102919	1.301136
router	3	18.779991	0.099157	1.471728
router	3	18.801760	1.868386	2.655669
router	3	18.820001	0.109351	1.478091
router	3	18.839962	0.070422	1.337929
router	3	18.859997	0.105239	1.345058
router	3	18.880010	0.118770	1.375282
router	3	18.900007	0.115177	1.295387
router	3	18.920004	0.112717	1.419961
router	3	18.939962	0.070565	1.425358
router	3	18.960001	0.109356	1.245207
router	3	18.979969	0.077309	1.367912
router	3	18.999998	0.106190	1.248722
router	3	19.019999	0.107031	1.356176
router	3	19.039973	0.081513	3.032001
router	3	19.059969	0.077543	2.737069
router	3	19.079969	0.077685	2.626827
router	3	19.099969	0.077601	3.062304
router	3	19.119973	0.080950	3.050117
router	3	19.139973	0.081549	2.944803
router	3	19.159972	0.080584	3.127073
router	3	19.179971	0.079760	2.451081
router	3	19.199965	0.073876	3.044906
router	3	19.219970	0.078593	2.636110
router	3	19.239969	0.077274	2.900016
router	3	19.259971	0.079329	2.872937
router	3	19.279966	0.074675	2.654419
router	3	19.299970	0.078304	2.935795
router	3	19.319972	0.080560	3.046802
router	3	19.339969	0.077568	3.042745
router	3	19.359968	0.076206	3.088080
router	3	19.379965	0.073016	2.695580
router	3	19.399969	0.077546	2.847295
router	3	19.419969	0.077429	3.113268
router	3	19.439969	0.077748	3.029397
router	3	19.459972	0.080385	2.924367
router	3	19.479966	0.074253	3.003807
router	3	19.499973	0.081704	3.074735
router	3	19.519971	0.079353	3.021157
router	3	19.539969	0.077184	3.166558
router	3	19.559969	0.077534	3.165621
router	3	19.579968	0.076112	3.166056
router	3	19.599969	0.077256	3.174809
router	3	19.619969	0.077545	3.235389
router	3	19.639967	0.075812	3.006977
router	3	19.659970	0.078709	3.262478
router	3	19.679968	0.076095	3.062545
router	3	19.699974	0.082619	3.294329
router	3	19.720013	0.121005	1.591395
router	3	19.740565	0.672888	2.607588
router	3	19.759974	0.082246	2.637456
router	3	19.779971	0.079150	3.010134
router	3	19.799971	0.079673	3.185888
router	3	19.819978	0.086873	2.782747
router	3	19.839968	0.076485	2.645438
router	3	19.860000	0.108696	1.415806
router	3	19.879971	0.079234	3.163118
router	3	19.899969	0.077034	3.029729
router	3	19.919967	0.075502	3.083418
router	3	19.939969	0.077425	2.915517
router	3	19.959975	0.083718	2.942953
router	4	0.000000	0.074650	1.323592
router	4	0.020006	0.080088	1.295485
router	4	0.040004	0.078141	3.202189
router	4	0.060027	0.101176	1.388090
router	4	0.080004	0.078105	6.789493
router	4	0.099999	0.073339	1.341665
router	4	0.119995	0.069776	1.350063
router	4	0.140026	0.100451	1.689546
router	4	0.160024	0.097922	1.367207
router	4	0.180024	0.098325	1.412297
router	4	0.200002	0.076742	1.294005
router	4	0.220026	0.100124	1.358436
router	4	0.240023	0.097644	1.296921
router	4	0.260009	0.083030	2.852335
router	4	0.280001	0.075822	8.164081
router	4	0.300004	0.078442	2.936165
router	4	0.320296	0.370417	2.949959
router	4	0.340006	0.080827	2.908190
router	4	0.360009	0.083521	2.921150
router	4	0.380032	0.105935	1.403222
router	4	0.401144	1.218653	2.992944
router	4	0.420000	0.074486	2.959326
router	4	0.440002	0.076255	2.968199
router	4	0.460724	0.798624	2.962592
router	4	0.481830	1.904100	6.209499
router	4	0.500045	0.119624	3.097399
router	4	0.520009	0.082920	3.072175
router	4	0.540009	0.083265	3.045996
router	4	0.560725	0.799220	3.137562
router	4	0.580004	0.078406	7.599454
router	4	0.600008	0.082819	3.118375
router	4	0.620011	0.085008	3.120068
router	4	0.640012	0.086394	3.595978
router	4	0.660008	0.082319	3.679203
router	4	0.680043	0.116994	6.547415
router	4	0.700005	0.079289	3.226706
router	4	0.720012	0.086605	3.404023
router	4	0.740007	0.081651	3.607768
router	4	0.760005	0.079692	3.598961
router	4	0.780012	0.085950	8.331222
router	4	0.800001	0.075022	3.411658
router	4	0.820007	0.081335	3.347527
router	4	0.840011	0.085740	3.351827
router	4	0.860006	0.080691	3.350312
router	4	0.880007	0.081653	7.996988
router	4	0.900006	0.079922	3.404913
router	4	0.920002	0.076474	3.314829
router	4	0.940005	0.079426	3.020992
router	4	0.960005	0.079864	3.354617
router	4	0.980026	0.100388	1.342336
router	4	1.000032	0.106489	1.341878
router	4	1.019997	0.071635	1.340734
router	4	1.040028	0.102891	1.290210
router	4	1.060026	0.100574	1.625720
router	4	1.086726	6.800194	6.039222
router	4	1.100037	0.111849	1.436242
router	4	1.120008	0.082593	2.922381
router	4	1.141746	1.820584	4.732312
router	4	1.160006	0.080180	5.022892
router	4	1.180002	0.076368	1.393527
router	4	1.199996	0.070407	1.351655
router	4	1.219998	0.072493	1.355468
router	4	1.240035	0.109190	1.438650
router	4	1.260006	0.080716	3.240798
router	4	1.280005	0.079639	7.843064
router	4	1.300001	0.075465	3.176399
router	4	1.320004	0.078159	3.174413
router	4	1.340001	0.075493	3.265255
router	4	1.360037	0.111450	1.444248
router	4	1.380025	0.099284	1.247390
router	4	1.400004	0.078385	2.675074
router	4	1.420015	0.088912	2.670225
router	4	1.440002	0.076157	2.818351
router	4	1.460002	0.076626	2.872013
router	4	1.480032	0.106221	1.375732
router	4	1.500002	0.076064	2.816038
router	4	1.519999	0.073000	2.787664
router	4	1.540000	0.074190	2.781061
router	4	1.559999	0.073805	2.825879
router	4	1.580026	0.100892	1.303307
router	4	1.599999	0.073517	2.976227
router	4	1.620001	0.075475	2.960592
router	4	1.640004	0.078008	2.952528
router	4	1.660009	0.083846	2.940441
router	4	1.680025	0.099472	1.355991
router	4	1.700728	0.802071	2.922200
router	4	1.720001	0.075631	2.901117
router	4	1.740002	0.076733	2.918631
router	4	1.760004	0.078853	2.941529
router	4	1.780024	0.098219	1.347192
router	4	1.800000	0.074491	2.886819
router	4	1.820001	0.074921	2.850350
router	4	1.839999	0.073358	2.783382
router	4	1.859999	0.073799	2.879217
router	4	1.880031	0.105061	1.295780
router	4	1.900000	0.074185	2.821524
router	4	1.920003	0.077169	2.782628
router	4	1.940002	0.076327	2.816772
router	4	1.960000	0.074359	2.840741
router	4	1.980027	0.101581	1.316625
router	4	1.999999	0.073695	2.828215
router	4	2.020000	0.074752	2.782765
router	4	2.039996	0.070810	2.768298
router	4	2.060541	0.615903	2.836280
router	4	2.080031	0.105162	1.301551
router	4	2.099998	0.072881	2.704984
router	4	2.120037	0.111416	1.253800
router	4	2.140027	0.100914	1.317995
router	4	2.160047	0.121835	1.266729
router	4	2.180023	0.097568	1.518797
router	4	2.200022	0.095970	1.250129
router	4	2.220025	0.099645	1.264107
router	4	2.240778	0.852496	1.701672
router	4	2.260023	0.097120	1.246715
router	4	2.280028	0.102353	1.252723
router	4	2.299998	0.072246	1.205931
router	4	2.320027	0.101432	1.205664
router	4	2.340027	0.101425	1.235481
router	4	2.360033	0.107689	1.752349
router	4	2.380021	0.095624	1.253935
router	4	2.400034	0.108308	1.261304
router	4	2.420073	0.147261	2.365267
router	4	2.440006	0.080202	2.445333
router	4	2.460007	0.081869	3.180411
router	4	2.479999	0.073407	1.445897
router	4	2.500027	0.101577	1.662150
router	4	2.520022	0.096176	1.254038
router	4	2.540024	0.097978	1.421819
router	4	2.560025	0.099599	1.254020
router	4	2.581724	1.797999	1.252463
router	4	2.599999	0.073095	2.577103
router	4	2.620739	0.813821	3.880259
router	4	2.639997	0.071857	1.472570
router	4	2.660027	0.101457	1.312743
router	4	2.680025	0.099458	1.595069
router	4	2.700028	0.102785	1.301840
router	4	2.720025	0.099595	1.294085
router	4	2.740043	0.117372	1.299036
router	4	2.760009	0.083401	2.260785
router	4	2.780003	0.077019	7.745940
router	4	2.800007	0.081017	4.412505
router	4	2.820005	0.079649	2.945354
router	4	2.840002	0.076213	3.282118
router	4	2.860008	0.082233	3.245743
router	4	2.880005	0.079163	7.589952
router	4	2.900035	0.109761	1.359017
router	4	2.920028	0.102336	1.305334
router	4	2.940025	0.099303	1.296332
router	4	2.960023	0.097667	1.321949
router	4	2.980002	0.076857	7.655582
router	4	3.000004	0.078758	3.224432
router	4	3.020001	0.075818	3.220751
router	4	3.040004	0.077986	3.122471
router	4	3.060007	0.081196	3.147704
router	4	3.080005	0.079524	7.881675
router	4	3.100005	0.079458	3.167243
router	4	3.120004	0.078591	3.171371
router	4	3.140004	0.077949	2.817218
router	4	3.160008	0.082698	3.085145
router	4	3.180006	0.080463	7.798374
router	4	3.200004	0.078162	3.150298
router	4	3.220003	0.077544	3.195187
router	4	3.240004	0.078324	3.179448
router	4	3.260005	0.079182	3.195650
router	4	3.280006	0.080076	7.935352
router	4	3.300006	0.080610	3.136111
router	4	3.320002	0.076841	3.121026
router	4	3.340002	0.076320	3.119313
router	4	3.360004	0.078716	3.145211
router	4	3.380005	0.079170	8.161879
router	4	3.400004	0.078154	2.914637
router	4	3.420003	0.077711	2.959252
router	4	3.440036	0.110052	1.335465
router	4	3.460024	0.098274	1.827872
router	4	3.480028	0.102244	1.440455
router	4	3.500036	0.109935	1.989187
router	4	3.520029	0.103054	1.347602
router	4	3.540028	0.101979	1.313486
router	4	3.559972	0.046571	3.155819
router	4	3.580005	0.079621	7.795820
router	4	3.600004	0.078519	3.182117
router	4	3.620009	0.082996	3.355850
router	4	3.640011	0.085882	3.450875
router	4	3.660007	0.080987	3.154103
router	4	3.680010	0.084215	7.806623
router	4	3.700009	0.082973	3.062414
router	4	3.720006	0.080587	3.091524
router	4	3.740003	0.077730	2.935486
router	4	3.760007	0.081317	3.335145
router	4	3.780005	0.079699	8.006315
router	4	3.800003	0.077083	3.332593
router	4	3.821729	1.803543	3.432418
router	4	3.840030	0.104760	1.369083
router	4	3.860016	0.090612	3.359866
router	4	3.880055	0.129134	1.410506
router	4	3.900023	0.097599	1.418581
router	4	3.920024	0.098550	1.361146
router	4	3.940027	0.101521	1.357095
router	4	3.960027	0.101873	1.600992
router	4	3.980006	0.080818	7.076699
router	4	4.000011	0.085052	3.256984
router	4	4.020004	0.078811	3.215741
router	4	4.040005	0.079386	3.194311
router	4	4.060004	0.078707	3.150754
router	4	4.080056	0.130892	1.360286
router	4	4.099999	0.073345	2.832422
router	4	4.120000	0.074588	2.802685
router	4	4.140008	0.082590	3.169105
router	4	4.160006	0.080717	3.117458
router	4	4.180079	0.153869	1.490043
router	4	4.200657	0.731587	2.847996
router	4	4.220042	0.116552	1.323276
router	4	4.240024	0.098316	1.334907
router	4	4.260008	0.082747	2.967369
router	4	4.280006	0.080197	7.442657
router	4	4.300028	0.102247	1.395048
router	4	4.320024	0.098656	1.370331
router	4	4.340031	0.105613	1.368000
router	4	4.360009	0.083612	2.677556
router	4	4.380005	0.079814	6.573550
router	4	4.400010	0.083926	2.638153
router	4	4.421056	1.130899	3.066995
router	4	4.440009	0.083303	2.427438
router	4	4.460050	0.124470	2.079211
router	4	4.480005	0.079048	7.073110
router	4	4.500030	0.104579	1.458918
router	4	4.520031	0.105855	1.366388
router	4	4.540034	0.108314	1.359396
router	4	4.562722	2.796518	2.681531
router	4	4.580009	0.083208	8.447473
router	4	4.600008	0.082281	3.312787
router	4	4.620003	0.077628	3.246834
router	4	4.640006	0.080400	3.337905
router	4	4.660005	0.079523	3.137084
router	4	4.680027	0.101416	1.410783
router	4	4.700028	0.102094	1.409360
router	4	4.720004	0.078813	2.914106
router	4	4.740004	0.078876	3.000402
router	4	4.760002	0.076149	2.947598
router	4	4.780027	0.101682	1.351140
router	4	4.800001	0.074928	2.920891
router	4	4.820003	0.077728	2.923556
router	4	4.840003	0.077120	2.920606
router	4	4.860726	0.800868	2.959894
router	4	4.880030	0.104511	1.455049
router	4	4.900005	0.079837	2.955468
router	4	4.920001	0.075733	2.911828
router	4	4.940000	0.074012	2.924526
router	4	4.960729	0.803356	2.920332
router	4	4.980728	0.802267	8.119725
router	4	5.000007	0.081300	2.985295
router	4	5.020727	0.800930	3.053989
router	4	5.040008	0.082716	5.288693
router	4	5.061744	1.818877	3.103107
router	4	5.080030	0.104617	7.129182
router	4	5.100002	0.075907	4.555771
router	4	5.120004	0.078459	3.089119
router	4	5.140747	0.821771	15.542788
router	4	5.160039	0.113001	1.416420
router	4	5.180045	0.119151	7.022699
router	4	5.200001	0.075187	3.038436
router	4	5.220000	0.074777	3.163120
router	4	5.239998	0.072516	3.041410
router	4	5.259999	0.073386	3.007459
router	4	5.280025	0.099318	1.344732
router	4	5.300000	0.074309	2.914112
router	4	5.320002	0.076887	2.972232
router	4	5.340034	0.108444	1.351250
router	4	5.360021	0.095681	1.309831
router	4	5.380022	0.096609	1.307577
router	4	5.400004	0.078038	2.836246
router	4	5.420002	0.076018	2.844370
router	4	5.439998	0.072722	2.805786
router	4	5.459998	0.072386	2.768997
router	4	5.480026	0.100187	1.290726
router	4	5.499999	0.073291	2.784556
router	4	5.520041	0.115546	1.308220
router	4	5.540001	0.075821	2.826998
router	4	5.559999	0.073693	2.787590
router	4	5.580025	0.099889	1.303627
router	4	5.600034	0.108836	1.521402
router	4	5.620002	0.076800	3.405405
router	4	5.640001	0.075718	2.805702
router	4	5.660000	0.073920	2.770899
router	4	5.680025	0.099391	1.299660
router	4	5.700049	0.123600	2.433660
router	4	5.720041	0.115169	1.547339
router	4	5.740023	0.097745	1.307722
router	4	5.760037	0.111783	2.056379
router	4	5.780033	0.107319	1.303437
router	4	5.800044	0.118255	1.981947
router	4	5.820043	0.117794	1.581791
router	4	5.840023	0.097626	1.295051
router	4	5.860027	0.101697	1.310493
router	4	5.880024	0.098218	1.288851
router	4	5.900002	0.076704	1.727700
router	4	5.920005	0.079371	2.736745
router	4	5.940032	0.106210	1.295383
router	4	5.960025	0.099895	1.287807
router	4	5.980040	0.114597	1.246505
router	4	6.000043	0.117054	1.344913
router	4	6.020003	0.077634	1.568277
router	4	6.039997	0.070906	1.244461
router	4	6.060024	0.098661	1.241495
router	4	6.080031	0.105382	1.240719
router	4	6.100006	0.080882	2.970313
router	4	6.120045	0.119533	1.393704
router	4	6.140028	0.102089	1.193482
router	4	6.160027	0.101081	1.194624
router	4	6.180034	0.108428	1.199409
router	4	6.200003	0.077632	3.047303
router	4	6.220006	0.079938	1.628381
router	4	6.240058	0.132903	1.210298
router	4	6.260022	0.096305	1.212186
router	4	6.281738	1.812190	5.276411
router	4	6.300042	0.116069	1.288231
router	4	6.320031	0.105116	1.200126
router	4	6.340030	0.104432	1.200383
router	4	6.360038	0.112226	1.204746
router	4	6.380042	0.116607	1.203741
router	4	6.400038	0.112364	1.534316
router	4	6.420023	0.097254	1.197502
router	4	6.440035	0.109516	1.408279
router	4	6.460024	0.097954	1.269011
router	4	6.480023	0.097025	1.201451
router	4	6.500028	0.102385	1.502362
router	4	6.520032	0.106059	1.196425
router	4	6.540002	0.076236	2.651051
router	4	6.560000	0.074711	2.586741
router	4	6.580024	0.098352	1.252462
router	4	6.599999	0.073435	2.738084
router	4	6.620000	0.074546	2.669218
router	4	6.640002	0.075968	2.762915
router	4	6.660000	0.074008	2.820083
router	4	6.680025	0.099457	1.293048
router	4	6.699997	0.071689	2.784131
router	4	6.720000	0.074684	2.785958
router	4	6.740002	0.076019	2.755650
router	4	6.760000	0.074479	2.670407
router	4	6.780023	0.097682	1.241118
router	4	6.800003	0.077261	2.672361
router	4	6.820001	0.075193	2.683645
router	4	6.840010	0.084715	1.642571
router	4	6.860025	0.099764	1.355302
router	4	6.880022	0.096691	1.243767
router	4	6.900000	0.073995	1.417607
router	4	6.919996	0.070645	1.623357
router	4	6.940022	0.096672	1.351362
router	4	6.960021	0.095825	1.611948
router	4	6.980031	0.105210	1.245257
router	4	7.000025	0.099330	1.636523
router	4	7.020003	0.077329	2.671790
router	4	7.040001	0.075834	2.700816
router	4	7.059998	0.072776	2.662133
router	4	7.080031	0.105496	1.197235
router	4	7.100032	0.106423	1.365715
router	4	7.120027	0.101405	1.257110
router	4	7.140002	0.076149	1.521336
router	4	7.160064	0.138798	1.201033
router	4	7.180040	0.114512	1.194523
router	4	7.200045	0.119384	1.276311
router	4	7.220040	0.114477	1.230011
router	4	7.240004	0.078430	2.587987
router	4	7.260051	0.125582	1.194180
router	4	7.280025	0.098953	1.227404
router	4	7.300003	0.077051	2.936974
router	4	7.320029	0.103012	1.251630
router	4	7.340025	0.099380	1.249739
router	4	7.359995	0.069392	1.659372
router	4	7.380038	0.112333	1.272909
router	4	7.400002	0.076133	2.785989
router	4	7.420000	0.074379	2.871154
router	4	7.440002	0.076260	2.861027
router	4	7.460003	0.077074	2.953332
router	4	7.480005	0.079721	7.195803
router	4	7.500001	0.075427	2.964462
router	4	7.520002	0.076858	2.962494
router	4	7.540002	0.076790	2.962183
router	4	7.559989	0.063846	2.999587
router	4	7.580024	0.098415	1.404192
router	4	7.600001	0.075659	3.470468
router	4	7.620728	0.802403	4.036137
router	4	7.640010	0.084147	3.113062
router	4	7.660727	0.801689	3.208204
router	4	7.680007	0.081437	7.588979
router	4	7.700797	0.871682	6.187563
router	4	7.720006	0.080659	3.216576
router	4	7.740008	0.082324	4.407657
router	4	7.760013	0.087400	3.373856
router	4	7.780007	0.080909	8.062437
router	4	7.800004	0.078480	3.406221
router	4	7.820010	0.084190	3.340298
router	4	7.840007	0.081874	3.422670
router	4	7.860003	0.077386	3.405998
router	4	7.880008	0.082157	8.022640
router	4	7.900554	0.628704	3.378454
router	4	7.920011	0.085340	3.387508
router	4	7.940009	0.082950	3.359613
router	4	7.960011	0.085537	3.428988
router	4	7.980012	0.086475	8.210121
router	4	8.000365	0.439046	4.210051
router	4	8.020013	0.087567	3.499254
router	4	8.040015	0.089241	3.503623
router	4	8.060007	0.081731	3.552129
router	4	8.080009	0.083183	8.251958
router	4	8.100021	0.094968	3.478165
router	4	8.120009	0.083379	3.576316
router	4	8.140016	0.090058	3.622738
router	4	8.160014	0.088130	2.535394
router	4	8.180009	0.082937	7.255401
router	4	8.200020	0.094768	3.505021
router	4	8.220011	0.085130	3.404814
router	4	8.240008	0.081917	3.407634
router	4	8.260006	0.080573	3.701898
router	4	8.280007	0.080948	8.065394
router	4	8.300013	0.087173	3.183284
router	4	8.320012	0.085997	2.422148
router	4	8.340012	0.086150	2.410672
router	4	8.360006	0.080730	2.415380
router	4	8.380012	0.086454	7.149141
router	4	8.400008	0.082725	3.133051
router	4	8.420000	0.074846	3.090974
router	4	8.440019	0.093591	2.479535
router	4	8.460009	0.083725	2.403492
router	4	8.480012	0.085935	7.174760
router	4	8.500005	0.079392	3.116892
router	4	8.520005	0.079060	3.104321
router	4	8.540003	0.077308	3.117569
router	4	8.560012	0.086585	2.549302
router	4	8.580007	0.081550	2.675003
router	4	8.601727	1.801170	3.277232
router	4	8.620006	0.080883	3.352492
router	4	8.640011	0.085788	2.577526
router	4	8.660006	0.080405	3.370341
router	4	8.680004	0.078126	3.253584
router	4	8.700016	0.090396	2.556675
router	4	8.720016	0.089991	3.545932
router	4	8.740014	0.088442	3.614457
router	4	8.760007	0.081664	3.651557
router	4	8.780009	0.083837	3.722984
router	4	8.800009	0.083479	3.568665
router	4	8.820011	0.085183	3.550930
router	4	8.840009	0.083124	3.655559
router	4	8.860004	0.078524	3.666418
router	4	8.880007	0.080919	3.634815
router	4	8.900011	0.085633	3.171689
router	4	8.920003	0.076918	3.162888
router	4	8.939999	0.073725	3.202943
router	4	8.960002	0.076047	3.052540
router	4	8.980004	0.077944	3.047987
router	4	9.000044	0.118216	1.420676
router	4	9.020029	0.103455	1.415963
router	4	9.040037	0.111223	1.409510
router	4	9.060005	0.079627	3.039632
router	4	9.080005	0.079236	3.054221
router	4	9.100001	0.075407	3.059395
router	4	9.120000	0.074495	2.895088
router	4	9.139999	0.073504	2.936091
router	4	9.160002	0.076026	2.921485
router	4	9.180013	0.087413	2.510280
router	4	9.200000	0.074269	1.358538
router	4	9.220032	0.106305	1.394725
router	4	9.240008	0.082885	2.575750
router	4	9.260406	0.480737	2.475901
router	4	9.280035	0.109893	1.359784
router	4	9.299997	0.071337	1.351819
router	4	9.320030	0.104731	1.356689
router	4	9.340003	0.076981	2.455276
router	4	9.360727	0.800947	2.571820
router	4	9.380006	0.080315	3.350972
router	4	9.400001	0.075488	3.151837
router	4	9.420004	0.078279	3.380215
router	4	9.440726	0.800783	2.514669
router	4	9.460003	0.077087	2.294110
router	4	9.480001	0.075321	1.420600
router	4	9.500031	0.105904	1.750186
router	4	9.520025	0.099112	1.355967
router	4	9.540002	0.076790	2.189450
router	4	9.563779	3.853421	2.476308
router	4	9.580039	0.113648	1.363227
router	4	9.600008	0.082661	2.782292
router	4	9.620125	0.199755	2.634011
router	4	9.642727	2.801472	2.616090
router	4	9.660010	0.084137	2.537364
router	4	9.680013	0.087818	3.289893
router	4	9.700006	0.080059	3.379095
router	4	9.720013	0.087221	3.384659
router	4	9.742844	2.918329	3.441526
router	4	9.760011	0.085736	3.917983
router	4	9.780005	0.078943	3.104097
router	4	9.800001	0.075353	3.073747
router	4	9.820001	0.074992	3.055970
router	4	9.840010	0.084165	3.110410
router	4	9.860415	0.489237	3.895094
router	4	9.880021	0.095743	3.019688
router	4	9.899982	0.056008	3.448962
router	4	9.920006	0.080520	3.335712
router	4	9.940009	0.083228	3.311562
router	4	9.960005	0.079421	3.394994
router	4	9.980010	0.084618	2.653403
router	4	10.000014	0.088516	1.520865
router	4	10.020012	0.086062	3.345146
router	4	10.040010	0.084778	3.425695
router	4	10.060002	0.076236	3.335626
router	4	10.080171	0.245470	1.450501
router	4	10.099997	0.071458	1.374054
router	4	10.120029	0.103409	1.370833
router	4	10.140039	0.113874	1.715004
router	4	10.160003	0.077712	4.082989
router	4	10.180001	0.075002	1.369292
router	4	10.200024	0.098791	1.366980
router	4	10.220028	0.102609	1.369122
router	4	10.240027	0.101391	1.382279
router	4	10.260029	0.103006	1.373814
router	4	10.280006	0.080088	3.018176
router	4	10.300003	0.077207	3.017395
router	4	10.320009	0.083838	3.352767
router	4	10.340009	0.083632	3.354650
router	4	10.360006	0.080241	3.324964
router	4	10.380004	0.078197	3.313977
router	4	10.400005	0.079788	3.225307
router	4	10.420009	0.083610	2.819289
router	4	10.440013	0.087833	3.509967
router	4	10.460010	0.084551	3.344655
router	4	10.480008	0.082349	3.379478
router	4	10.500005	0.079339	3.509331
router	4	10.520002	0.075939	3.231291
router	4	10.542815	2.889675	6.311756
router	4	10.560036	0.110830	3.652911
router	4	10.580073	0.147479	2.403349
router	4	10.600006	0.079979	3.402727
router	4	10.620011	0.085361	3.304303
router	4	10.641737	1.811654	3.458030
router	4	10.660012	0.086838	1.903737
router	4	10.680016	0.090766	3.626023
router	4	10.700008	0.082465	3.638581
router	4	10.720008	0.082783	3.626649
router	4	10.740007	0.081663	3.628757
router	4	10.760014	0.088302	3.311134
router	4	10.780016	0.089963	3.264002
router	4	10.800003	0.077376	3.233016
router	4	10.820006	0.080798	3.129436
router	4	10.840009	0.083186	3.223627
router	4	10.860012	0.086704	2.439881
router	4	10.880009	0.083447	2.449493
router	4	10.900007	0.081651	3.170194
router	4	10.920016	0.090622	2.464265
router	4	10.940015	0.089113	2.406847
router	4	10.960007	0.081690	2.544761
router	4	10.980091	0.165023	2.404094
router	4	11.000010	0.084852	2.547123
router	4	11.020752	0.825920	2.861222
router	4	11.040018	0.092051	2.574881
router	4	11.060008	0.082632	2.580939
router	4	11.082734	2.808283	2.556025
router	4	11.100011	0.085377	2.590036
router	4	11.120011	0.085896	2.645710
router	4	11.140013	0.087040	2.577218
router	4	11.160009	0.082960	2.525469
router	4	11.180007	0.081025	2.590359
router	4	11.200107	0.181390	2.546906
router	4	11.220017	0.091643	2.551135
router	4	11.240010	0.084405	2.533578
router	4	11.260021	0.095459	2.594650
router	4	11.280009	0.083147	2.512617
router	4	11.300009	0.083146	2.568863
router	4	11.320013	0.087076	2.550295
router	4	11.340010	0.084702	2.473452
router	4	11.360006	0.080691	2.438974
router	4	11.380010	0.084823	2.438454
router	4	11.400006	0.079958	2.538662
router	4	11.420010	0.084411	2.514324
router	4	11.440007	0.081832	2.527020
router	4	11.460730	0.804672	2.525284
router	4	11.480016	0.090083	2.529920
router	4	11.500737	0.810989	2.525556
router	4	11.520012	0.086167	2.558440
router	4	11.540014	0.088316	2.541229
router	4	11.560011	0.085721	3.462522
router	4	11.580028	0.102072	2.575372
router	4	11.600007	0.081305	2.494595
router	4	11.620731	0.805457	2.513843
router	4	11.640734	0.807978	2.533577
router	4	11.660008	0.082881	2.543166
router	4	11.680041	0.115823	1.490319
router	4	11.700024	0.097942	1.490861
router	4	11.720007	0.081560	2.915223
router	4	11.740014	0.088218	3.526678
router	4	11.760011	0.085255	2.896533
router	4	11.780729	0.803353	1.602115
router	4	11.800039	0.112965	1.495634
router	4	11.820020	0.094121	3.087255
router	4	11.840011	0.085675	3.379066
router	4	11.860007	0.081063	2.880721
router	4	11.880004	0.078472	3.627815
router	4	11.900009	0.083718	3.591229
router	4	11.920012	0.086337	3.318835
router	4	11.940018	0.092270	2.408231
router	4	11.960013	0.087093	2.455188
router	4	11.980016	0.090669	2.495201
router	4	12.000009	0.083609	2.427014
router	4	12.020733	0.807648	2.459925
router	4	12.040014	0.087930	2.732270
router	4	12.060018	0.091994	2.584153
router	4	12.080018	0.091962	2.540934
router	4	12.100013	0.087273	2.595245
router	4	12.120015	0.089503	2.567724
router	4	12.140016	0.089956	2.493587
router	4	12.160014	0.088211	2.561626
router	4	12.180014	0.088686	2.608405
router	4	12.200009	0.083059	2.507451
router	4	12.220731	0.805162	2.556374
router	4	12.240014	0.088092	2.502327
router	4	12.260018	0.092013	2.571306
router	4	12.280010	0.084421	2.528404
router	4	12.300009	0.083625	2.546062
router	4	12.320010	0.084719	2.602972
router	4	12.340005	0.079565	2.534142
router	4	12.362736	2.810432	2.557075
router	4	12.380015	0.089168	2.549437
router	4	12.400013	0.086923	2.732349
router	4	12.420030	0.104578	1.541706
router	4	12.440115	0.189774	2.197562
router	4	12.460007	0.081389	3.801149
router	4	12.480006	0.080149	3.612338
router	4	12.500008	0.082389	3.577531
router	4	12.520010	0.084345	3.256462
router	4	12.540033	0.107033	2.163938
router	4	12.560004	0.078417	4.455110
router	4	12.580003	0.077610	1.792241
router	4	12.600005	0.079190	3.762345
router	4	12.621739	1.813552	2.862611
router	4	12.640006	0.079958	2.836868
router	4	12.660008	0.082820	2.849861
router	4	12.680008	0.082689	2.832194
router	4	12.701736	1.810342	2.708986
router	4	12.720029	0.103180	1.475120
router	4	12.740010	0.084288	3.379929
router	4	12.760008	0.082443	3.377145
router	4	12.780008	0.082195	3.560803
router	4	12.800003	0.077025	3.619406
router	4	12.820006	0.080366	3.203593
router	4	12.840044	0.118835	1.837796
router	4	12.860004	0.078331	1.435939
router	4	12.880024	0.098170	1.419397
router	4	12.900024	0.098533	1.406742
router	4	12.920034	0.107990	1.345717
router	4	12.939999	0.073881	1.633258
router	4	12.960042	0.116530	1.352913
router	4	12.980007	0.081060	3.165214
router	4	13.000005	0.079285	3.049460
router	4	13.020004	0.078635	3.289642
router	4	13.040004	0.078768	3.364167
router	4	13.060002	0.076171	3.313642
router	4	13.080003	0.077819	3.333019
router	4	13.100002	0.076685	2.955753
router	4	13.120006	0.080680	3.059322
router	4	13.140006	0.080742	2.979896
router	4	13.160004	0.078517	2.925106
router	4	13.180002	0.076479	2.933834
router	4	13.199999	0.073049	2.947725
router	4	13.220002	0.076687	2.940228
router	4	13.240007	0.081262	3.146037
router	4	13.260003	0.077116	3.117129
router	4	13.280005	0.079115	3.168842
router	4	13.300003	0.077542	3.310092
router	4	13.320001	0.075775	3.356433
router	4	13.340003	0.077015	3.861837
router	4	13.360006	0.080469	3.387324
router	4	13.380006	0.080490	3.216327
router	4	13.400006	0.080036	2.973978
router	4	13.420008	0.082333	3.414725
router	4	13.440002	0.076867	3.194430
router	4	13.460007	0.081372	3.138953
router	4	13.480004	0.078580	3.213447
router	4	13.500006	0.079950	3.208751
router	4	13.520009	0.083184	2.968776
router	4	13.540005	0.078944	2.985402
router	4	13.560001	0.075137	3.203993
router	4	13.580004	0.078266	3.328419
router	4	13.600011	0.085520	4.887080
router	4	13.620015	0.089428	5.292627
router	4	13.640009	0.083450	3.539593
router	4	13.660249	0.323586	4.553745
router	4	13.680008	0.082788	3.512641
router	4	13.700013	0.087292	3.544104
router	4	13.720011	0.085463	2.978796
router	4	13.740738	0.811957	3.336722
router	4	13.760048	0.122548	3.150920
router	4	13.780011	0.085186	4.794922
router	4	13.800007	0.081803	4.276335
router	4	13.820206	0.280556	4.331788
router	4	13.840002	0.076733	3.471918
router	4	13.860008	0.082099	3.559526
router	4	13.880008	0.082098	3.452752
router	4	13.900334	0.408064	3.611251
router	4	13.920028	0.102633	1.478177
router	4	13.939998	0.072588	1.590901
router	4	13.960026	0.100005	1.503437
router	4	13.980024	0.098680	1.556192
router	4	14.000006	0.080114	3.511815
router	4	14.020029	0.103788	1.499897
router	4	14.040023	0.097247	1.402880
router	4	14.060006	0.080696	3.559785
router	4	14.080002	0.076207	1.847523
router	4	14.100006	0.080117	1.562222
router	4	14.120211	0.285537	3.042101
router	4	14.140001	0.075890	3.037728
router	4	14.160003	0.077504	3.091350
router	4	14.180007	0.081263	3.124148
router	4	14.200003	0.077117	3.049296
router	4	14.220004	0.078607	3.070151
router	4	14.240010	0.084680	3.044736
router	4	14.260000	0.074219	3.039070
router	4	14.280000	0.074411	3.064641
router	4	14.299999	0.073770	2.892916
router	4	14.320004	0.078157	2.911354
router	4	14.339999	0.073586	2.897534
router	4	14.360001	0.075554	2.957364
router	4	14.380002	0.076767	2.949899
router	4	14.400002	0.076172	2.893878
router	4	14.420002	0.076903	2.972843
router	4	14.440000	0.074603	2.918905
router	4	14.460004	0.078708	2.952918
router	4	14.479999	0.073683	2.992751
router	4	14.500001	0.075527	2.918141
router	4	14.520003	0.077236	2.938406
router	4	14.540001	0.075018	2.901726
router	4	14.560737	0.811894	2.920631
router	4	14.580001	0.075252	2.936818
router	4	14.600002	0.076160	2.954878
router	4	14.620000	0.074050	3.085411
router	4	14.640000	0.074891	3.589965
router	4	14.659999	0.073141	3.073505
router	4	14.680002	0.076600	3.122751
router	4	14.700003	0.076989	3.048535
router	4	14.720036	0.110810	1.416030
router	4	14.740003	0.077154	3.056422
router	4	14.760007	0.081421	3.084441
router	4	14.780001	0.075109	3.129180
router	4	14.800003	0.077216	3.030613
router	4	14.820008	0.082384	3.088099
router	4	14.840002	0.076125	3.033472
router	4	14.859999	0.073497	2.929692
router	4	14.879999	0.073822	2.973744
router	4	14.900001	0.075611	2.889428
router	4	14.919999	0.073440	2.894757
router	4	14.940000	0.074748	2.898338
router	4	14.959999	0.073438	2.902511
router	4	14.980000	0.074570	2.960776
router	4	15.000001	0.074957	2.782583
router	4	15.020000	0.074663	2.819312
router	4	15.039998	0.072262	2.807788
router	4	15.060000	0.074810	2.781841
router	4	15.079999	0.072988	2.804993
router	4	15.099997	0.071810	2.775088
router	4	15.119998	0.072242	2.801364
router	4	15.139999	0.073330	2.660419
router	4	15.159998	0.072083	2.662652
router	4	15.179997	0.071230	2.665033
router	4	15.199997	0.071608	2.673766
router	4	15.220012	0.086096	1.243996
router	4	15.240031	0.105634	1.249015
router	4	15.260027	0.100993	1.373240
router	4	15.280037	0.110980	1.378891
router	4	15.300023	0.096923	1.208142
router	4	15.320023	0.096989	1.235397
router	4	15.340001	0.075605	1.208480
router	4	15.360029	0.103700	1.314287
router	4	15.380040	0.114620	1.382939
router	4	15.400001	0.075207	3.045922
router	4	15.420025	0.099798	1.203428
router	4	15.440001	0.074983	2.699970
router	4	15.460001	0.075159	2.775153
router	4	15.480000	0.074863	2.719066
router	4	15.500001	0.075439	2.673208
router	4	15.520044	0.118779	2.110312
router	4	15.540002	0.076565	2.838107
router	4	15.560727	0.801168	4.804036
router	4	15.580009	0.083582	3.069899
router	4	15.600005	0.079522	2.984004
router	4	15.620002	0.076896	2.623787
router	4	15.640004	0.078889	3.011855
router	4	15.660007	0.080910	2.626074
router	4	15.680002	0.076902	2.530679
router	4	15.700004	0.078305	2.651934
router	4	15.720005	0.079061	1.813539
router	4	15.739997	0.071107	1.461903
router	4	15.760006	0.080128	3.106750
router	4	15.780004	0.078099	3.008655
router	4	15.800039	0.113325	1.383632
router	4	15.820044	0.118429	1.302004
router	4	15.839997	0.071244	1.318785
router	4	15.860035	0.109526	1.299341
router	4	15.880049	0.123443	1.346320
router	4	15.900044	0.118620	1.298500
router	4	15.920023	0.097223	1.349695
router	4	15.940003	0.077112	1.301498
router	4	15.960025	0.099522	1.278188
router	4	15.980036	0.109980	1.335170
router	4	16.000040	0.113945	1.247572
router	4	16.020040	0.114899	1.438104
router	4	16.040035	0.109161	1.334870
router	4	16.060025	0.099211	1.261525
router	4	16.080022	0.096677	1.341747
router	4	16.100029	0.103262	1.348840
router	4	16.120029	0.102936	1.246985
router	4	16.140004	0.078500	2.583307
router	4	16.159999	0.073478	2.579319
router	4	16.179998	0.072026	2.615949
router	4	16.199996	0.070840	2.558778
router	4	16.219998	0.072647	2.573706
router	4	16.240001	0.075471	2.629187
router	4	16.259997	0.071281	2.581401
router	4	16.279996	0.070741	2.591524
router	4	16.299998	0.072155	2.568695
router	4	16.319997	0.071875	2.582377
router	4	16.340034	0.108829	1.208245
router	4	16.360000	0.074758	1.437339
router	4	16.380022	0.096702	1.271897
router	4	16.400022	0.096298	1.206086
router	4	16.420024	0.098771	1.200051
router	4	16.440030	0.104130	1.458112
router	4	16.460002	0.076301	2.825125
router	4	16.480004	0.078521	2.872670
router	4	16.500007	0.081710	2.682618
router	4	16.520001	0.075780	2.718499
router	4	16.540039	0.112925	1.307508
router	4	16.560022	0.096225	1.303753
router	4	16.580025	0.099695	1.757343
router	4	16.599996	0.070842	1.814434
router	4	16.620002	0.075931	2.448509
router	4	16.640037	0.111421	1.332748
router	4	16.660029	0.103026	1.357631
router	4	16.680024	0.098179	1.517769
router	4	16.699997	0.071539	1.262110
router	4	16.720022	0.096069	1.246670
router	4	16.740005	0.079433	1.499219
router	4	16.760026	0.100704	1.296513
router	4	16.780023	0.097099	1.488186
router	4	16.800322	0.396674	1.329887
router	4	16.820037	0.111045	1.342446
router	4	16.840001	0.075517	1.650161
router	4	16.860032	0.106044	1.406823
router	4	16.880028	0.102313	1.378533
router	4	16.900045	0.119460	1.350174
router	4	16.920044	0.117923	1.246250
router	4	16.939997	0.071883	1.287661
router	4	16.960025	0.099815	1.290609
router	4	16.979998	0.072734	1.575258
router	4	17.000022	0.096245	1.280518
router	4	17.020037	0.111848	1.304933
router	4	17.039999	0.073807	1.307649
router	4	17.060028	0.102640	1.358815
router	4	17.080032	0.106160	1.375064
router	4	17.100028	0.102064	1.252717
router	4	17.120029	0.103582	1.212498
router	4	17.140021	0.095621	1.255376
router	4	17.160024	0.097997	1.341731
router	4	17.180023	0.097569	1.473777
router	4	17.200023	0.097134	1.200560
router	4	17.220022	0.095913	1.212733
router	4	17.239997	0.071218	1.248996
router	4	17.260023	0.097626	1.299454
router	4	17.280037	0.110923	1.290219
router	4	17.300034	0.108668	1.217622
router	4	17.320031	0.105306	1.202437
router	4	17.340002	0.076018	2.652719
router	4	17.359999	0.073605	2.725297
router	4	17.380001	0.075130	2.745094
router	4	17.399999	0.073687	2.667855
router	4	17.419998	0.072090	2.692407
router	4	17.440000	0.074822	2.688581
router	4	17.460004	0.078476	2.769858
router	4	17.480005	0.079298	3.323003
router	4	17.499998	0.072153	1.250595
router	4	17.520028	0.102678	1.250560
router	4	17.540005	0.079759	1.512001
router	4	17.559996	0.070768	1.253693
router	4	17.580023	0.097059	1.514579
router	4	17.600001	0.075597	2.735613
router	4	17.620002	0.076647	2.701207
router	4	17.640002	0.076256	2.708004
router	4	17.660002	0.076654	2.696472
router	4	17.679999	0.073003	2.781347
router	4	17.699999	0.073226	2.785946
router	4	17.719998	0.072584	2.809623
router	4	17.739999	0.073250	2.674233
router	4	17.759999	0.072984	2.673208
router	4	17.780000	0.073967	2.688992
router	4	17.800032	0.106612	1.253064
router	4	17.820000	0.074225	1.257908
router	4	17.840002	0.076729	1.351820
router	4	17.862227	2.301536	2.986006
router	4	17.880007	0.080969	2.846156
router	4	17.900000	0.074178	2.798498
router	4	17.919997	0.071664	2.825473
router	4	17.940004	0.078318	2.816651
router	4	17.960003	0.076922	2.785000
router	4	17.980041	0.115480	1.388009
router	4	18.000032	0.106279	2.022992
router	4	18.020034	0.107944	1.302012
router	4	18.040023	0.097832	1.400770
router	4	18.060031	0.104945	1.309255
router	4	18.080024	0.098599	1.456857
router	4	18.100023	0.097796	1.330285
router	4	18.120028	0.102877	1.303059
router	4	18.140021	0.095895	1.439908
router	4	18.160032	0.106255	1.303007
router	4	18.180029	0.102995	1.459353
router	4	18.200008	0.082270	2.478702
router	4	18.220035	0.109628	1.404846
router	4	18.240034	0.108346	1.388049
router	4	18.260003	0.077047	3.074169
router	4	18.280004	0.078287	1.647183
router	4	18.300004	0.078429	2.929741
router	4	18.320001	0.074925	2.952077
router	4	18.340002	0.076367	2.909947
router	4	18.360003	0.077819	2.929742
router	4	18.380028	0.102166	2.962893
router	4	18.400006	0.079991	2.954628
router	4	18.420001	0.075758	2.982970
router	4	18.440014	0.088294	3.603866
router	4	18.460005	0.079765	2.973652
router	4	18.480022	0.096877	1.503626
router	4	18.500030	0.104143	1.404180
router	4	18.520043	0.117863	1.459682
router	4	18.540030	0.104275	1.871216
router	4	18.560001	0.075073	2.942447
router	4	18.580005	0.079777	2.979168
router	4	18.600003	0.077262	2.916264
router	4	18.620003	0.077087	2.926460
router	4	18.640005	0.079112	3.036853
router	4	18.660003	0.077753	2.988414
router	4	18.680000	0.074797	2.943222
router	4	18.700009	0.083679	2.673995
router	4	18.719999	0.073105	1.366463
router	4	18.740004	0.078290	1.465836
router	4	18.760046	0.120163	1.362014
router	4	18.780001	0.075828	1.359885
router	4	18.800023	0.097669	1.352878
router	4	18.820005	0.079862	2.912738
router	4	18.842732	2.805953	2.492523
router	4	18.860032	0.106640	1.349453
router	4	18.879998	0.072778	1.345499
router	4	18.900024	0.098679	1.293388
router	4	18.920030	0.104230	1.291939
router	4	18.940012	0.086492	2.807703
router	4	18.960001	0.075442	3.048119
router	4	18.980001	0.075760	3.049692
router	4	19.000003	0.077589	3.047023
router	4	19.020005	0.078979	3.137617
router	4	19.040041	0.115062	1.562672
router	4	19.060029	0.103207	1.613134
router	4	19.080001	0.075007	1.298615
router	4	19.099997	0.071336	1.242099
router	4	19.120022	0.096608	1.240869
router	4	19.140003	0.077488	2.748307
router	4	19.160001	0.074935	2.685953
router	4	19.180004	0.078174	3.080226
router	4	19.200002	0.076871	3.042650
router	4	19.220003	0.077394	3.052218
router	4	19.240006	0.080516	3.157786
router	4	19.260003	0.077528	2.935465
router	4	19.280006	0.080263	3.226548
router	4	19.300008	0.082332	2.854265
router	4	19.320005	0.079135	3.235804
router	4	19.340003	0.077059	3.122755
router	4	19.360011	0.085211	2.948298
router	4	19.380002	0.076316	1.322197
router	4	19.400027	0.101687	1.494249
router	4	19.420029	0.103044	1.255736
router	4	19.439996	0.070605	1.315505
router	4	19.460000	0.074156	1.260735
router	4	19.480028	0.102135	1.245409
router	4	19.500006	0.080446	2.711693
router	4	19.519999	0.073558	2.685716
router	4	19.539999	0.073290	2.673018
router	4	19.559998	0.072754	2.711325
router	4	19.579999	0.073097	2.707523
router	4	19.600000	0.074489	2.828209
router	4	19.620001	0.075780	2.872053
router	4	19.639998	0.072862	2.865230
router	4	19.660025	0.098933	1.302226
router	4	19.679997	0.071273	1.375245
router	4	19.700020	0.094060	1.293589
router	4	19.720028	0.102355	1.480422
router	4	19.740030	0.104089	1.290532
router	4	19.760034	0.108478	1.293370
router	4	19.780024	0.098435	1.318747
router	4	19.800038	0.112076	1.249161
router	4	19.820021	0.095872	1.407605
router	4	19.840002	0.076004	1.980117
router	4	19.860023	0.097825	1.239512
router	4	19.880031	0.104979	1.249915
router	4	19.900023	0.096917	1.247046
router	4	19.920044	0.118786	1.460590
router	4	19.940026	0.099917	1.274947
router	4	19.960001	0.075825	1.567005
baseline	4	0.000000	0.119680	1.284901
baseline	4	0.019969	0.088470	2.935882
baseline	4	0.039956	0.075024	23.884713
baseline	4	0.063922	4.041048	2.804640
baseline	4	0.079957	0.076768	1.191896
baseline	4	0.099995	0.114337	1.244882
baseline	4	0.119951	0.070926	1.676620
baseline	4	0.139963	0.082123	1.317889
baseline	4	0.159952	0.071901	1.743312
baseline	4	0.179959	0.078603	2.872499
baseline	4	0.199956	0.075678	2.931315
baseline	4	0.219964	0.083887	3.125038
baseline	4	0.239963	0.082403	3.074292
baseline	4	0.259958	0.076982	3.662487
baseline	4	0.279963	0.082357	3.185273
baseline	4	0.299964	0.083185	3.648258
baseline	4	0.319957	0.076949	3.291071
baseline	4	0.340033	0.152918	3.295079
baseline	4	0.361037	1.156486	2.723253
baseline	4	0.379960	0.079432	2.739458
baseline	4	0.399993	0.112820	1.392428
baseline	4	0.419961	0.080463	3.418812
baseline	4	0.439957	0.076907	4.099196
baseline	4	0.459956	0.075915	4.397361
baseline	4	0.479956	0.075226	3.433513
baseline	4	0.499968	0.087172	1.410972
baseline	4	0.520852	0.971081	1.445063
baseline	4	0.539960	0.079134	3.077065
baseline	4	0.559954	0.073292	1.402201
baseline	4	0.579957	0.076511	3.074662
baseline	4	0.599959	0.078815	2.913030
baseline	4	0.619953	0.072601	2.956114
baseline	4	0.639955	0.074089	2.914290
baseline	4	0.659953	0.072036	1.344540
baseline	4	0.679951	0.070211	2.803471
baseline	4	0.699954	0.073575	2.799364
baseline	4	0.719994	0.113284	1.338383
baseline	4	0.742395	2.514944	3.060010
baseline	4	0.759953	0.072521	1.284250
baseline	4	0.779950	0.069418	1.287918
baseline	4	0.799951	0.070290	1.300230
baseline	4	0.819955	0.074059	2.102318
baseline	4	0.839953	0.072490	1.245756
baseline	4	0.859953	0.072049	1.236956
baseline	4	0.879949	0.068820	1.238237
baseline	4	0.899951	0.070036	1.241160
baseline	4	0.919950	0.069546	1.251056
baseline	4	0.939954	0.073431	1.334829
baseline	4	0.959951	0.070773	1.237138
baseline	4	0.979951	0.070581	1.202140
baseline	4	0.999949	0.068774	1.191723
baseline	4	1.019949	0.068850	1.244252
baseline	4	1.039952	0.071239	1.210040
baseline	4	1.059950	0.069967	1.208325
baseline	4	1.079952	0.071047	1.227273
baseline	4	1.099949	0.068728	1.200500
baseline	4	1.119949	0.068229	1.551885
baseline	4	1.139951	0.070165	1.196205
baseline	4	1.159952	0.071304	1.239225
baseline	4	1.179949	0.068372	1.262267
baseline	4	1.199951	0.070932	1.286288
baseline	4	1.219960	0.079467	3.243308
baseline	4	1.239965	0.084215	3.086788
baseline	4	1.259960	0.079330	4.002537
baseline	4	1.279955	0.074112	3.101021
baseline	4	1.299953	0.072786	3.103453
baseline	4	1.319958	0.077259	3.024143
baseline	4	1.339956	0.075267	3.150978
baseline	4	1.359958	0.077852	3.819860
baseline	4	1.379957	0.076130	3.136458
baseline	4	1.399962	0.081517	2.155448
baseline	4	1.419960	0.079416	2.603068
baseline	4	1.439960	0.079170	2.629928
baseline	4	1.459962	0.081334	3.141682
baseline	4	1.480097	0.216791	1.453263
baseline	4	1.499954	0.073044	1.382257
baseline	4	1.519953	0.072600	1.649311
baseline	4	1.539956	0.075633	1.510797
baseline	4	1.559954	0.073525	1.390503
baseline	4	1.579956	0.075060	1.742854
baseline	4	1.599953	0.072048	1.352613
baseline	4	1.619957	0.076017	1.364087
baseline	4	1.639954	0.073599	1.338931
baseline	4	1.659953	0.072337	1.292709
baseline	4	1.679955	0.074715	1.667047
baseline	4	1.699967	0.086078	1.538250
baseline	4	1.719965	0.084000	3.177371
baseline	4	1.739961	0.080627	3.123203
baseline	4	1.759956	0.075759	1.353641
baseline	4	1.779964	0.083571	3.027290
baseline	4	1.799958	0.077143	3.082890
baseline	4	1.819956	0.075203	2.873816
baseline	4	1.839955	0.074562	3.065873
baseline	4	1.859960	0.079384	3.826815
baseline	4	1.879983	0.102913	3.156661
baseline	4	1.899957	0.076912	3.186331
baseline	4	1.919955	0.074944	2.808237
baseline	4	1.939959	0.078384	2.905064
baseline	4	1.959957	0.076062	3.248535
baseline	4	1.979961	0.080103	3.149976
baseline	4	1.999959	0.078021	3.131344
baseline	4	2.019957	0.076365	3.049199
baseline	4	2.039960	0.079124	2.686223
baseline	4	2.059961	0.080710	3.412158
baseline	4	2.080057	0.176383	3.162811
baseline	4	2.099990	0.108988	1.303896
baseline	4	2.119954	0.073256	1.629863
baseline	4	2.139955	0.074170	1.350163
baseline	4	2.160295	0.414766	3.780594
baseline	4	2.179955	0.074555	1.683329
baseline	4	2.201850	1.969949	2.624659
baseline	4	2.219965	0.084915	4.044808
baseline	4	2.239965	0.084054	2.920121
baseline	4	2.260313	0.432607	4.069982
baseline	4	2.280846	0.965889	5.260429
baseline	4	2.299962	0.081591	7.740349
baseline	4	2.320024	0.143035	3.397332
baseline	4	2.339966	0.085938	2.650672
baseline	4	2.359967	0.086324	4.435861
baseline	4	2.379961	0.080531	3.158754
baseline	4	2.399958	0.077258	2.655684
baseline	4	2.420849	0.968016	3.484059
baseline	4	2.440865	0.984139	6.672880
baseline	4	2.459977	0.096178	3.897387
baseline	4	2.480005	0.124371	1.700263
baseline	4	2.499956	0.075264	1.551693
baseline	4	2.519955	0.074677	1.545336
baseline	4	2.539993	0.112669	1.523377
baseline	4	2.559955	0.074080	1.752515
baseline	4	2.581226	1.345703	3.923760
baseline	4	2.599960	0.079295	3.674821
baseline	4	2.619958	0.077670	3.615548
baseline	4	2.639956	0.075212	3.341004
baseline	4	2.659960	0.079751	4.192014
baseline	4	2.679959	0.078306	3.892452
baseline	4	2.699962	0.081653	3.372557
baseline	4	2.719958	0.077255	3.374673
baseline	4	2.739957	0.076713	22.905708
baseline	4	2.762946	3.065540	3.481344
baseline	4	2.780122	0.241461	1.360459
baseline	4	2.799953	0.072495	1.349467
baseline	4	2.819954	0.073501	1.301389
baseline	4	2.839954	0.073220	1.302095
baseline	4	2.859954	0.073605	1.546887
baseline	4	2.879989	0.108158	1.309614
baseline	4	2.899952	0.071603	1.302630
baseline	4	2.919953	0.072100	1.303853
baseline	4	2.939959	0.078931	3.631368
baseline	4	2.959961	0.080157	1.705916
baseline	4	2.979954	0.073593	1.309925
baseline	4	2.999957	0.076121	2.898993
baseline	4	3.019960	0.079556	2.900438
baseline	4	3.039952	0.071668	1.420130
baseline	4	3.059953	0.072814	1.326307
baseline	4	3.079907	0.026802	1.303029
baseline	4	3.099954	0.073829	1.249457
baseline	4	3.119953	0.072527	1.302349
baseline	4	3.139951	0.070591	1.267711
baseline	4	3.159953	0.072526	1.322915
baseline	4	3.179952	0.071062	1.438593
baseline	4	3.199953	0.072364	1.259336
baseline	4	3.219952	0.071253	1.248289
baseline	4	3.239954	0.073938	1.248083
baseline	4	3.259953	0.072345	1.320168
baseline	4	3.279953	0.072171	1.253083
baseline	4	3.299952	0.071582	1.246938
baseline	4	3.319952	0.071507	1.718702
baseline	4	3.339954	0.073968	1.255710
baseline	4	3.359962	0.081514	1.543990
baseline	4	3.379958	0.077667	2.894192
baseline	4	3.399956	0.075636	2.828414
baseline	4	3.419955	0.074272	2.814244
baseline	4	3.439968	0.087287	3.077116
baseline	4	3.459962	0.081643	3.729677
baseline	4	3.479959	0.078326	3.471238
baseline	4	3.499959	0.078558	3.017357
baseline	4	3.520179	0.298651	2.792673
baseline	4	3.539953	0.072779	2.786146
baseline	4	3.559954	0.073285	1.292824
baseline	4	3.579955	0.074478	2.794975
baseline	4	3.599952	0.071943	2.691385
baseline	4	3.619952	0.071827	2.704674
baseline	4	3.639952	0.071462	2.679302
baseline	4	3.659955	0.074311	1.247442
baseline	4	3.679953	0.072483	2.798084
baseline	4	3.699952	0.071224	2.746275
baseline	4	3.719955	0.074243	2.697311
baseline	4	3.739954	0.073245	2.676633
baseline	4	3.759953	0.072625	1.240598
baseline	4	3.779953	0.072213	2.747827
baseline	4	3.799953	0.072590	2.697721
baseline	4	3.819952	0.071455	2.710747
baseline	4	3.839955	0.074014	2.591191
baseline	4	3.859952	0.071583	1.202404
baseline	4	3.879954	0.073414	2.583852
baseline	4	3.899952	0.071599	2.611526
baseline	4	3.919953	0.072962	2.566718
baseline	4	3.939951	0.070690	2.600554
baseline	4	3.959951	0.070878	1.200440
baseline	4	3.979954	0.073375	2.582919
baseline	4	3.999951	0.070858	2.592354
baseline	4	4.019951	0.070566	2.593181
baseline	4	4.040851	0.970492	2.677313
baseline	4	4.059998	0.117062	2.893611
baseline	4	4.079951	0.070269	1.195751
baseline	4	4.099952	0.071561	1.195921
baseline	4	4.119952	0.071449	1.199185
baseline	4	4.139951	0.070874	1.199133
baseline	4	4.159952	0.071127	1.201259
baseline	4	4.179951	0.070562	1.421881
baseline	4	4.199949	0.068595	1.198257
baseline	4	4.219950	0.069223	1.194943
baseline	4	4.239953	0.072347	3.062963
baseline	4	4.259953	0.071992	1.207989
baseline	4	4.279951	0.070612	1.249974
baseline	4	4.299951	0.070931	1.708861
baseline	4	4.319954	0.073608	1.309361
baseline	4	4.340844	0.962993	1.251143
baseline	4	4.361841	1.960872	1.311995
baseline	4	4.379952	0.071020	1.404545
baseline	4	4.399952	0.071100	1.252697
baseline	4	4.419958	0.077858	2.816055
baseline	4	4.439953	0.072451	2.795767
baseline	4	4.459952	0.070993	1.289252
baseline	4	4.479954	0.073380	2.807918
baseline	4	4.499954	0.073293	2.804533
baseline	4	4.519952	0.071667	2.792406
baseline	4	4.539954	0.073649	2.798952
baseline	4	4.559953	0.072515	1.240869
baseline	4	4.580001	0.120305	1.365298
baseline	4	4.599952	0.071018	1.242651
baseline	4	4.619952	0.071085	1.246778
baseline	4	4.639952	0.071224	1.242133
baseline	4	4.659953	0.072921	1.241966
baseline	4	4.679953	0.072017	2.423184
baseline	4	4.699953	0.072450	1.264970
baseline	4	4.719951	0.070306	1.245836
baseline	4	4.739951	0.070462	1.199059
baseline	4	4.759951	0.070258	1.194785
baseline	4	4.779958	0.077641	1.229434
baseline	4	4.799953	0.072824	1.275670
baseline	4	4.819954	0.073542	2.609584
baseline	4	4.839953	0.072880	2.570765
baseline	4	4.859952	0.071932	1.210642
baseline	4	4.879952	0.071299	2.583777
baseline	4	4.899953	0.072820	2.571245
baseline	4	4.919952	0.071569	2.582815
baseline	4	4.939971	0.090976	2.590659
baseline	4	4.960846	0.965565	2.036262
baseline	4	4.979997	0.116405	1.287364
baseline	4	4.999951	0.070087	1.211835
baseline	4	5.019951	0.070015	1.197793
baseline	4	5.039952	0.071090	1.386673
baseline	4	5.059955	0.074516	1.290743
baseline	4	5.079952	0.071151	1.197539
baseline	4	5.099951	0.070252	1.195750
baseline	4	5.119956	0.075475	2.600296
baseline	4	5.139956	0.075094	2.584371
baseline	4	5.159955	0.074266	1.321036
baseline	4	5.179954	0.073379	2.699911
baseline	4	5.199957	0.076016	2.739837
baseline	4	5.219953	0.072506	2.690494
baseline	4	5.239962	0.081262	2.469490
baseline	4	5.259951	0.070122	1.306527
baseline	4	5.279961	0.080620	3.075050
baseline	4	5.300193	0.312333	2.317899
baseline	4	5.319990	0.109915	1.307963
baseline	4	5.339956	0.075923	2.846654
baseline	4	5.359958	0.077455	3.120886
baseline	4	5.379958	0.077148	1.354830
baseline	4	5.399951	0.070801	1.301576
baseline	4	5.419962	0.081281	2.651223
baseline	4	5.439961	0.080525	2.644929
baseline	4	5.459964	0.083131	3.221044
baseline	4	5.480850	0.969492	2.602919
baseline	4	5.499964	0.083640	2.726702
baseline	4	5.519965	0.084408	6.224783
baseline	4	5.539959	0.077996	3.229506
baseline	4	5.560851	0.970445	3.308791
baseline	4	5.579965	0.084650	5.254922
baseline	4	5.599964	0.083732	3.159866
baseline	4	5.619963	0.082852	3.396036
baseline	4	5.639955	0.074769	1.425237
baseline	4	5.659956	0.075715	1.422060
baseline	4	5.679953	0.072250	1.443024
baseline	4	5.699955	0.074675	1.495680
baseline	4	5.719954	0.073569	1.422356
baseline	4	5.739955	0.074435	1.481782
baseline	4	5.759956	0.075734	1.641924
baseline	4	5.779954	0.073542	1.415230
baseline	4	5.799952	0.071135	1.521913
baseline	4	5.819953	0.072001	1.434418
baseline	4	5.839965	0.084963	5.488044
baseline	4	5.859961	0.080640	3.904555
baseline	4	5.879960	0.079408	3.391345
baseline	4	5.899958	0.077389	3.303742
baseline	4	5.919958	0.077424	3.181469
baseline	4	5.939960	0.079704	3.030676
baseline	4	5.959965	0.083985	4.819890
baseline	4	5.979959	0.078001	3.300871
baseline	4	5.999956	0.074984	3.161521
baseline	4	6.019958	0.077115	3.158630
baseline	4	6.041457	1.576451	3.436493
baseline	4	6.059960	0.079472	2.987948
baseline	4	6.079957	0.076474	1.340323
baseline	4	6.099954	0.073135	1.393326
baseline	4	6.119955	0.074681	1.332322
baseline	4	6.139953	0.072902	1.302995
baseline	4	6.159949	0.068493	1.305815
baseline	4	6.179952	0.071144	1.345123
baseline	4	6.199952	0.071953	1.485114
baseline	4	6.220469	0.588351	3.107701
baseline	4	6.239958	0.077293	3.300939
baseline	4	6.259958	0.077185	3.973878
baseline	4	6.279959	0.078618	3.302339
baseline	4	6.299957	0.076844	3.385071
baseline	4	6.319958	0.077868	2.786008
baseline	4	6.339995	0.114165	2.903555
baseline	4	6.359959	0.078602	4.038008
baseline	4	6.379955	0.074482	3.143510
baseline	4	6.399956	0.075396	3.197450
baseline	4	6.419959	0.078514	3.206224
baseline	4	6.439961	0.080195	22.665752
baseline	4	6.462702	2.821093	1.354959
baseline	4	6.479953	0.072255	1.355921
baseline	4	6.499952	0.071626	1.531633
baseline	4	6.519954	0.073307	1.351609
baseline	4	6.539955	0.074092	1.352567
baseline	4	6.559950	0.069655	1.304853
baseline	4	6.579953	0.072228	1.308781
baseline	4	6.599955	0.074069	1.450077
baseline	4	6.619997	0.116801	1.298422
baseline	4	6.639999	0.118318	1.300591
baseline	4	6.659958	0.077606	3.646577
baseline	4	6.679957	0.076475	2.946506
baseline	4	6.699963	0.082412	2.589583
baseline	4	6.719962	0.081646	2.631817
baseline	4	6.739957	0.076180	3.041636
baseline	4	6.759956	0.075668	3.681636
baseline	4	6.779955	0.074958	2.731842
baseline	4	6.799957	0.076733	2.981519
baseline	4	6.819961	0.080306	2.685275
baseline	4	6.840853	0.972684	2.754203
baseline	4	6.859956	0.075649	3.608347
baseline	4	6.879958	0.077946	2.894731
baseline	4	6.899959	0.078016	2.807223
baseline	4	6.919958	0.077883	2.698504
baseline	4	6.939957	0.076931	2.799286
baseline	4	6.959962	0.081296	3.700699
baseline	4	6.979957	0.076880	3.058301
baseline	4	7.000846	0.965003	2.761680
baseline	4	7.019998	0.117675	1.287171
baseline	4	7.039955	0.074853	1.320476
baseline	4	7.059991	0.109993	1.210396
baseline	4	7.079951	0.070607	1.459424
baseline	4	7.099951	0.070566	1.431285
baseline	4	7.119951	0.070824	1.202193
baseline	4	7.139949	0.068925	1.203028
baseline	4	7.159960	0.079454	1.381277
baseline	4	7.179959	0.078141	3.151748
baseline	4	7.199994	0.113393	1.666829
baseline	4	7.219953	0.071980	1.250212
baseline	4	7.239964	0.083316	3.048792
baseline	4	7.259958	0.077555	3.869623
baseline	4	7.279954	0.073417	3.020554
baseline	4	7.299955	0.074405	3.147013
baseline	4	7.319957	0.076042	3.147355
baseline	4	7.339956	0.075594	2.937082
baseline	4	7.359961	0.080658	3.591522
baseline	4	7.379959	0.078697	3.088899
baseline	4	7.399957	0.076816	2.919836
baseline	4	7.419956	0.075659	3.006614
baseline	4	7.439956	0.075081	3.164414
baseline	4	7.459957	0.076477	3.810125
baseline	4	7.479957	0.076417	3.168108
baseline	4	7.499956	0.075815	3.252242
baseline	4	7.519956	0.075214	3.082663
baseline	4	7.539955	0.074422	3.264354
baseline	4	7.559964	0.083000	4.737769
baseline	4	7.579955	0.074104	1.303233
baseline	4	7.599951	0.070036	1.420239
baseline	4	7.619951	0.070304	1.251273
baseline	4	7.639951	0.070573	1.247809
baseline	4	7.659960	0.079916	3.757052
baseline	4	7.679957	0.076347	3.045242
baseline	4	7.699956	0.075343	3.036406
baseline	4	7.719954	0.073655	3.041829
baseline	4	7.739955	0.074856	2.721430
baseline	4	7.760711	0.830465	3.781525
baseline	4	7.779957	0.076369	3.021494
baseline	4	7.799956	0.075445	2.692774
baseline	4	7.819956	0.075351	2.906668
baseline	4	7.839954	0.073338	2.838831
baseline	4	7.859994	0.113121	1.215238
baseline	4	7.879958	0.077526	2.642300
baseline	4	7.899954	0.073299	2.911054
baseline	4	7.919955	0.074506	3.164874
baseline	4	7.939955	0.074238	3.011917
baseline	4	7.959960	0.079188	3.796166
baseline	4	7.979988	0.107965	1.329688
baseline	4	7.999960	0.079350	2.709626
baseline	4	8.019952	0.071672	2.691307
baseline	4	8.039954	0.073306	2.747601
baseline	4	8.059992	0.111579	1.275519
baseline	4	8.079950	0.069345	1.272674
baseline	4	8.099954	0.073311	3.118763
baseline	4	8.119953	0.072871	2.918416
baseline	4	8.139952	0.071588	2.706098
baseline	4	8.159953	0.072609	1.298167
baseline	4	8.179951	0.070435	2.686578
baseline	4	8.199950	0.069192	2.697936
baseline	4	8.219952	0.071430	2.687997
baseline	4	8.239954	0.073282	2.771772
baseline	4	8.259955	0.074799	1.273197
baseline	4	8.279950	0.069920	2.691333
baseline	4	8.299953	0.072297	2.722632
baseline	4	8.319954	0.073414	2.674280
baseline	4	8.339987	0.106448	1.259876
baseline	4	8.359960	0.079537	3.767079
baseline	4	8.379954	0.073650	2.838362
baseline	4	8.399955	0.074591	2.882691
baseline	4	8.419957	0.076548	3.086615
baseline	4	8.439962	0.081648	2.466655
baseline	4	8.459957	0.076860	3.023960
baseline	4	8.479958	0.077197	2.487063
baseline	4	8.499954	0.072981	1.525030
baseline	4	8.519943	0.062753	3.052605
baseline	4	8.539957	0.076839	3.133719
baseline	4	8.559962	0.081969	1.605501
baseline	4	8.579951	0.070925	1.249413
baseline	4	8.599952	0.071838	1.498035
baseline	4	8.619954	0.073143	1.273981
baseline	4	8.639957	0.076881	1.279393
baseline	4	8.659956	0.075208	2.585178
baseline	4	8.679951	0.070069	1.367974
baseline	4	8.699952	0.071516	1.281677
baseline	4	8.719954	0.073033	1.246898
baseline	4	8.739953	0.072257	1.461773
baseline	4	8.762559	2.678455	1.200531
baseline	4	8.780002	0.121645	1.197663
baseline	4	8.799951	0.070796	1.293797
baseline	4	8.819953	0.072138	1.232044
baseline	4	8.839953	0.072521	1.230506
baseline	4	8.862546	2.665305	1.201273
baseline	4	8.879953	0.072599	1.244522
baseline	4	8.899952	0.071864	1.345973
baseline	4	8.919965	0.084119	2.832703
baseline	4	8.939958	0.077709	2.848918
baseline	4	8.959963	0.082974	3.516744
baseline	4	8.979958	0.077135	2.956982
baseline	4	8.999959	0.078015	2.940676
baseline	4	9.019957	0.076864	2.906846
baseline	4	9.039957	0.076943	3.027053
baseline	4	9.060001	0.120468	1.400463
baseline	4	9.079957	0.076815	1.290876
baseline	4	9.099957	0.076700	1.256308
baseline	4	9.119954	0.073285	1.199369
baseline	4	9.139996	0.115020	1.192506
baseline	4	9.160002	0.121820	1.211917
baseline	4	9.179953	0.072439	2.241012
baseline	4	9.199953	0.071998	1.286328
baseline	4	9.219957	0.076662	1.199328
baseline	4	9.239952	0.071955	1.196237
baseline	4	9.259954	0.073280	1.334204
baseline	4	9.279952	0.071753	1.201550
baseline	4	9.299952	0.071528	1.288663
baseline	4	9.319953	0.072256	1.260777
baseline	4	9.339955	0.074103	2.663259
baseline	4	9.362539	2.658868	1.268198
baseline	4	9.379957	0.076019	3.299363
baseline	4	9.399954	0.072989	1.291097
baseline	4	9.419955	0.074249	2.351703
baseline	4	9.439955	0.074817	2.357861
baseline	4	9.459935	0.054121	3.008054
baseline	4	9.479955	0.074979	2.458023
baseline	4	9.499994	0.113050	1.348981
baseline	4	9.519954	0.073503	1.370167
baseline	4	9.539956	0.075200	1.253247
baseline	4	9.559954	0.073514	1.298937
baseline	4	9.579997	0.116836	1.312041
baseline	4	9.599956	0.075979	1.303420
baseline	4	9.619955	0.074863	1.283095
baseline	4	9.639992	0.111592	1.204915
baseline	4	9.659958	0.077494	1.660402
baseline	4	9.679952	0.071144	1.323862
baseline	4	9.699951	0.070179	2.299223
baseline	4	9.719967	0.086217	1.704707
baseline	4	9.739959	0.078662	1.259771
baseline	4	9.759956	0.075027	1.755859
baseline	4	9.779951	0.070819	1.254184
baseline	4	9.800001	0.120210	1.301823
baseline	4	9.819952	0.071520	1.467614
baseline	4	9.839997	0.116409	1.364469
baseline	4	9.859955	0.074229	1.350008
baseline	4	9.879953	0.072036	1.501942
baseline	4	9.899952	0.071838	1.306140
baseline	4	9.919953	0.072365	1.259088
baseline	4	9.942584	2.703051	2.628740
baseline	4	9.959963	0.082674	1.450813
baseline	4	9.979987	0.106148	1.265292
baseline	4	9.999962	0.081844	2.910503
baseline	4	10.019967	0.086523	2.806196
baseline	4	10.039962	0.081902	2.661125
baseline	4	10.059959	0.078424	3.715066
baseline	4	10.079959	0.078945	3.046796
baseline	4	10.099963	0.082663	2.708753
baseline	4	10.119960	0.079298	2.804124
baseline	4	10.139962	0.081568	2.962703
baseline	4	10.159963	0.082874	3.862365
baseline	4	10.179957	0.076184	2.904794
baseline	4	10.199983	0.102853	2.848249
baseline	4	10.219959	0.078170	2.789781
baseline	4	10.239957	0.076489	2.603503
baseline	4	10.259960	0.079080	3.076084
baseline	4	10.279961	0.080539	2.988285
baseline	4	10.299975	0.094315	1.230644
baseline	4	10.319951	0.070383	1.215352
baseline	4	10.340836	0.955674	1.201471
baseline	4	10.359957	0.076269	3.100965
baseline	4	10.380752	0.871432	1.721527
baseline	4	10.399961	0.080698	1.254620
baseline	4	10.419954	0.073885	1.254629
baseline	4	10.439990	0.109512	1.242789
baseline	4	10.459953	0.072826	2.694893
baseline	4	10.479962	0.081693	4.370352
baseline	4	10.499968	0.087645	2.399421
baseline	4	10.519962	0.081270	2.607536
baseline	4	10.539956	0.075602	3.044765
baseline	4	10.559959	0.078483	1.566947
baseline	4	10.579955	0.074062	1.469163
baseline	4	10.599964	0.083816	2.841561
baseline	4	10.619957	0.076700	2.807728
baseline	4	10.639956	0.075176	2.840390
baseline	4	10.659955	0.074441	1.291074
baseline	4	10.679950	0.069058	2.684917
baseline	4	10.699954	0.073903	2.726500
baseline	4	10.719956	0.075360	2.682173
baseline	4	10.739953	0.072454	2.732820
baseline	4	10.759953	0.072591	1.262599
baseline	4	10.779953	0.072425	2.682456
baseline	4	10.799972	0.091814	1.416249
baseline	4	10.819954	0.073116	1.242446
baseline	4	10.839954	0.073810	1.243537
baseline	4	10.859950	0.069138	2.610085
baseline	4	10.879959	0.078460	1.770942
baseline	4	10.900159	0.278931	3.317995
baseline	4	10.920849	0.968024	2.911950
baseline	4	10.939960	0.079647	2.734866
baseline	4	10.960847	0.966329	3.051937
baseline	4	10.979962	0.081683	6.021999
baseline	4	10.999958	0.077772	2.881544
baseline	4	11.019964	0.083506	3.087675
baseline	4	11.039959	0.078334	3.393585
baseline	4	11.059956	0.075267	3.134587
baseline	4	11.079956	0.075859	3.323846
baseline	4	11.099961	0.080741	3.217735
baseline	4	11.119961	0.080164	2.103134
baseline	4	11.139984	0.103712	5.234277
baseline	4	11.159955	0.074520	1.369086
baseline	4	11.179953	0.072971	1.501158
baseline	4	11.199957	0.076098	1.746083
baseline	4	11.219957	0.076160	1.624775
baseline	4	11.239957	0.076185	1.412608
baseline	4	11.259954	0.073805	1.354188
baseline	4	11.279954	0.073175	1.406434
baseline	4	11.299955	0.074206	1.648081
baseline	4	11.319955	0.074180	1.302318
baseline	4	11.339957	0.076969	2.881888
baseline	4	11.359954	0.073892	1.299595
baseline	4	11.379987	0.106546	1.478193
baseline	4	11.399955	0.074449	2.454328
baseline	4	11.419962	0.081483	2.595442
baseline	4	11.439962	0.081444	3.580659
baseline	4	11.459960	0.079032	3.915571
baseline	4	11.479964	0.083927	2.583247
baseline	4	11.499957	0.076456	2.582636
baseline	4	11.519953	0.072584	1.823612
baseline	4	11.539952	0.071276	1.962044
baseline	4	11.562506	2.625721	2.588346
baseline	4	11.579996	0.115001	1.400332
baseline	4	11.599956	0.075355	1.691253
baseline	4	11.619952	0.071285	1.355180
baseline	4	11.639951	0.070678	1.339341
baseline	4	11.659953	0.072163	1.291177
baseline	4	11.679954	0.073303	1.382777
baseline	4	11.699953	0.072704	1.575494
baseline	4	11.719951	0.070523	1.289636
baseline	4	11.739952	0.071262	1.282491
baseline	4	11.759995	0.114119	1.246129
baseline	4	11.779950	0.069470	1.276081
baseline	4	11.799951	0.070690	1.268520
baseline	4	11.819954	0.073249	1.337095
baseline	4	11.839955	0.074468	1.249006
baseline	4	11.859952	0.070984	1.246934
baseline	4	11.879949	0.068644	1.334834
baseline	4	11.899953	0.072508	1.471965
baseline	4	11.919954	0.073567	1.246742
baseline	4	11.939954	0.073682	1.478619
baseline	4	11.959955	0.074305	1.311075
baseline	4	11.979952	0.071823	1.196330
baseline	4	11.999957	0.076263	1.362789
baseline	4	12.019957	0.076833	1.506180
baseline	4	12.039993	0.112385	1.246363
baseline	4	12.059951	0.070832	1.249441
baseline	4	12.079953	0.072564	1.209126
baseline	4	12.099956	0.075583	1.942104
baseline	4	12.119954	0.073045	1.249412
baseline	4	12.139954	0.073299	1.409362
baseline	4	12.159952	0.071887	1.258715
baseline	4	12.179952	0.071223	1.378913
baseline	4	12.199954	0.073786	1.552803
baseline	4	12.219953	0.072841	1.253746
baseline	4	12.239954	0.073433	1.442513
baseline	4	12.259956	0.075724	3.101198
baseline	4	12.279955	0.074778	1.357279
baseline	4	12.301913	2.032306	2.991897
baseline	4	12.319963	0.082689	2.144709
baseline	4	12.340847	0.966543	3.399406
baseline	4	12.359951	0.070818	1.305490
baseline	4	12.380851	0.970499	3.093993
baseline	4	12.399954	0.073786	1.399403
baseline	4	12.419953	0.072330	1.315759
baseline	4	12.439953	0.072123	1.308354
baseline	4	12.459952	0.071785	2.675279
baseline	4	12.479953	0.072417	1.455120
baseline	4	12.499955	0.074111	1.654362
baseline	4	12.520343	0.462604	2.867367
baseline	4	12.539955	0.074074	2.816699
baseline	4	12.559955	0.074291	1.307639
baseline	4	12.579955	0.074123	2.770372
baseline	4	12.599953	0.072271	2.709546
baseline	4	12.619953	0.072333	2.701898
baseline	4	12.639958	0.077073	2.706359
baseline	4	12.659953	0.072282	1.251943
baseline	4	12.679953	0.072361	2.728374
baseline	4	12.699954	0.073293	2.706964
baseline	4	12.719953	0.072146	2.665297
baseline	4	12.739956	0.075176	2.666173
baseline	4	12.759953	0.072160	1.306174
baseline	4	12.779953	0.072382	2.753533
baseline	4	12.799951	0.070791	2.680356
baseline	4	12.819952	0.071662	2.590985
baseline	4	12.839951	0.070692	2.589629
baseline	4	12.859959	0.078971	2.883262
baseline	4	12.879962	0.081901	2.854788
baseline	4	12.899957	0.076036	2.633035
baseline	4	12.919961	0.080200	2.948406
baseline	4	12.939959	0.078631	2.933247
baseline	4	12.959962	0.081883	3.608074
baseline	4	12.979956	0.075125	3.011560
baseline	4	12.999954	0.073582	2.727094
baseline	4	13.019960	0.079022	2.843110
baseline	4	13.041850	1.969335	2.865879
baseline	4	13.059963	0.082148	3.533262
baseline	4	13.079958	0.077802	2.823749
baseline	4	13.099956	0.075659	2.800342
baseline	4	13.119957	0.076976	2.808114
baseline	4	13.139958	0.077262	2.946865
baseline	4	13.162505	2.624034	2.256036
baseline	4	13.179955	0.074257	2.612334
baseline	4	13.199953	0.072882	2.697415
baseline	4	13.219952	0.071768	2.679107
baseline	4	13.239953	0.072453	2.713923
baseline	4	13.259953	0.072805	1.278053
baseline	4	13.279957	0.076277	2.692288
baseline	4	13.299951	0.070599	2.687481
baseline	4	13.319953	0.072452	2.693902
baseline	4	13.339952	0.070983	2.740961
baseline	4	13.359954	0.073566	1.313640
baseline	4	13.379964	0.083674	2.565820
baseline	4	13.399952	0.071104	1.267915
baseline	4	13.419955	0.074588	1.488238
baseline	4	13.439953	0.072420	1.250362
baseline	4	13.459961	0.080830	3.772445
baseline	4	13.479954	0.073182	2.822523
baseline	4	13.499952	0.071016	2.821877
baseline	4	13.519953	0.072233	2.807052
baseline	4	13.539958	0.077325	2.835726
baseline	4	13.559952	0.071821	1.302115
baseline	4	13.579954	0.073074	2.827004
baseline	4	13.599966	0.085454	2.780575
baseline	4	13.619953	0.072571	1.246496
baseline	4	13.639952	0.071500	1.346112
baseline	4	13.659951	0.070362	1.410049
baseline	4	13.679950	0.069462	1.247772
baseline	4	13.699953	0.072386	1.256227
baseline	4	13.719952	0.071716	1.261119
baseline	4	13.739951	0.070343	1.260907
baseline	4	13.759997	0.116634	1.304455
baseline	4	13.780849	0.968796	2.673829
baseline	4	13.799955	0.074290	2.627916
baseline	4	13.819954	0.073496	2.600962
baseline	4	13.839958	0.077890	2.612736
baseline	4	13.859950	0.069214	1.202464
baseline	4	13.879952	0.071755	2.599878
baseline	4	13.899950	0.069710	2.604113
baseline	4	13.919952	0.071885	2.642531
baseline	4	13.939958	0.077796	2.644823
baseline	4	13.959965	0.084195	3.512566
baseline	4	13.979951	0.070444	1.206007
baseline	4	13.999950	0.069465	1.203657
baseline	4	14.019958	0.077701	2.639953
baseline	4	14.039959	0.078061	2.668516
baseline	4	14.059957	0.076233	3.421854
baseline	4	14.079961	0.080257	2.711514
baseline	4	14.099951	0.070223	2.690957
baseline	4	14.119954	0.073827	2.681354
baseline	4	14.139960	0.079781	2.747740
baseline	4	14.159954	0.073488	1.259411
baseline	4	14.179953	0.072662	2.752613
baseline	4	14.199952	0.071214	2.692446
baseline	4	14.220861	0.980584	2.828975
baseline	4	14.240845	0.964328	2.866538
baseline	4	14.259964	0.083036	6.070144
baseline	4	14.279961	0.080658	3.097292
baseline	4	14.299964	0.083152	2.970772
baseline	4	14.319961	0.080776	2.999017
baseline	4	14.339960	0.079653	2.977614
baseline	4	14.359959	0.077993	2.620037
baseline	4	14.382890	3.009588	3.069117
baseline	4	14.399962	0.081074	3.123400
baseline	4	14.419992	0.111935	1.432953
baseline	4	14.439958	0.077306	1.417091
baseline	4	14.459961	0.080293	1.473136
baseline	4	14.479953	0.072466	1.497510
baseline	4	14.499953	0.072736	1.425416
baseline	4	14.519953	0.072852	1.390564
baseline	4	14.539957	0.076312	2.127752
baseline	4	14.560037	0.156071	1.369843
baseline	4	14.579955	0.073991	2.953791
baseline	4	14.599959	0.078226	2.806622
baseline	4	14.619952	0.071607	2.798963
baseline	4	14.639956	0.075487	2.832706
baseline	4	14.659999	0.118298	1.298023
baseline	4	14.679952	0.071719	2.697869
baseline	4	14.699953	0.072020	2.687615
baseline	4	14.719950	0.069342	2.684638
baseline	4	14.739959	0.078598	2.718912
baseline	4	14.759951	0.070962	1.246281
baseline	4	14.780007	0.126895	3.509730
baseline	4	14.799955	0.074866	1.355550
baseline	4	14.819953	0.072022	1.255994
baseline	4	14.839954	0.073581	1.364559
baseline	4	14.859954	0.073274	1.334332
baseline	4	14.879952	0.071370	1.260553
baseline	4	14.899952	0.071351	1.259976
baseline	4	14.919952	0.071663	1.251280
baseline	4	14.939954	0.073472	1.696091
baseline	4	14.959951	0.070603	1.253782
baseline	4	14.979951	0.070936	1.299530
baseline	4	14.999952	0.071117	1.268958
baseline	4	15.019954	0.073769	1.248335
baseline	4	15.039952	0.071831	1.249189
baseline	4	15.059953	0.071992	1.257416
baseline	4	15.079952	0.071193	1.256962
baseline	4	15.099951	0.070639	1.252039
baseline	4	15.119951	0.070464	1.247536
baseline	4	15.139952	0.071727	1.505062
baseline	4	15.159952	0.071668	1.209095
baseline	4	15.179951	0.070859	1.232066
baseline	4	15.199951	0.070326	1.202602
baseline	4	15.219951	0.070039	1.260237
baseline	4	15.239952	0.071264	1.253248
baseline	4	15.259952	0.071797	1.249149
baseline	4	15.279951	0.070022	1.252898
baseline	4	15.300802	0.921447	1.358941
baseline	4	15.319952	0.071803	1.251212
baseline	4	15.339954	0.073264	1.639961
baseline	4	15.360855	0.974836	2.586549
baseline	4	15.379952	0.071263	1.397902
baseline	4	15.399952	0.071528	1.254976
baseline	4	15.419954	0.072993	1.270085
baseline	4	15.439958	0.077247	1.599567
baseline	4	15.459954	0.073145	1.298247
baseline	4	15.479955	0.074420	1.258561
baseline	4	15.499954	0.073760	3.086117
baseline	4	15.519953	0.072972	1.476654
baseline	4	15.539962	0.081319	2.928388
baseline	4	15.559960	0.079247	3.454139
baseline	4	15.579961	0.080825	3.048513
baseline	4	15.599957	0.076448	3.034662
baseline	4	15.619960	0.079210	3.033881
baseline	4	15.639961	0.080847	2.793491
baseline	4	15.659962	0.081663	3.372745
baseline	4	15.679953	0.072358	2.973328
baseline	4	15.702849	2.968806	2.862495
baseline	4	15.719960	0.079285	2.993372
baseline	4	15.739962	0.081501	2.919963
baseline	4	15.759990	0.109237	1.377070
baseline	4	15.779952	0.071426	1.721403
baseline	4	15.799952	0.071763	1.241030
baseline	4	15.819946	0.065673	3.046120
baseline	4	15.839959	0.078664	3.039194
baseline	4	15.859956	0.075186	3.770297
baseline	4	15.879955	0.074400	2.972693
baseline	4	15.899954	0.073777	2.624419
baseline	4	15.919954	0.073335	3.067175
baseline	4	15.939960	0.079346	2.923813
baseline	4	15.959959	0.078209	3.499338
baseline	4	15.979957	0.076463	2.864023
baseline	4	15.999957	0.076013	2.699805
baseline	4	16.019957	0.076416	2.931605
baseline	4	16.039952	0.071963	1.197838
baseline	4	16.059952	0.071774	1.202696
baseline	4	16.079950	0.069588	1.193697
baseline	4	16.099950	0.069873	1.198597
baseline	4	16.119950	0.069464	1.195950
baseline	4	16.139992	0.111883	1.270887
baseline	4	16.159952	0.071515	1.196176
baseline	4	16.179949	0.068675	1.237948
baseline	4	16.201759	1.878246	1.291054
baseline	4	16.219956	0.075323	1.297468
baseline	4	16.239959	0.078890	1.589018
baseline	4	16.259957	0.076506	1.512711
baseline	4	16.279953	0.072443	2.738436
baseline	4	16.299957	0.076046	2.887398
baseline	4	16.319955	0.074817	2.782787
baseline	4	16.339959	0.078843	2.884293
baseline	4	16.359955	0.074231	1.302815
baseline	4	16.379953	0.072443	2.865587
baseline	4	16.399956	0.075372	2.806602
baseline	4	16.419963	0.082057	2.756631
baseline	4	16.439959	0.078644	2.784675
baseline	4	16.459953	0.072288	1.257887
baseline	4	16.479955	0.074655	2.732996
baseline	4	16.499970	0.089110	1.839275
baseline	4	16.519956	0.075137	2.796545
baseline	4	16.539956	0.075006	3.094419
baseline	4	16.559959	0.078154	3.712453
baseline	4	16.579956	0.075365	3.206107
baseline	4	16.599957	0.076424	3.160769
baseline	4	16.619955	0.074627	2.665109
baseline	4	16.639994	0.113087	1.479859
baseline	4	16.659952	0.071533	1.310255
baseline	4	16.679951	0.070829	1.353260
baseline	4	16.699952	0.071278	1.269121
baseline	4	16.719993	0.112265	1.248442
baseline	4	16.739994	0.113875	1.490989
baseline	4	16.759958	0.077488	1.252421
baseline	4	16.779961	0.080748	1.681009
baseline	4	16.799957	0.076426	2.614037
baseline	4	16.819965	0.084331	2.893544
baseline	4	16.839963	0.082157	3.096359
baseline	4	16.859963	0.082521	3.728051
baseline	4	16.879965	0.084176	2.938308
baseline	4	16.899962	0.081085	2.962570
baseline	4	16.919962	0.081311	2.618185
baseline	4	16.939965	0.084763	2.975876
baseline	4	16.959961	0.080504	3.873241
baseline	4	16.979960	0.079431	3.180484
baseline	4	16.999955	0.074755	3.164153
baseline	4	17.019962	0.081692	3.241655
baseline	4	17.039964	0.083378	2.759546
baseline	4	17.059987	0.106044	1.592028
baseline	4	17.079951	0.070329	1.793133
baseline	4	17.099951	0.070443	2.328881
baseline	4	17.119952	0.071967	1.312496
baseline	4	17.139954	0.073980	1.982335
baseline	4	17.159954	0.073674	1.256622
baseline	4	17.179955	0.074082	1.882236
baseline	4	17.199953	0.072209	1.266851
baseline	4	17.219952	0.071803	1.252527
baseline	4	17.239951	0.070593	1.425712
baseline	4	17.259960	0.079563	3.586192
baseline	4	17.279955	0.074155	1.283948
baseline	4	17.299954	0.073062	1.299593
baseline	4	17.319949	0.068043	1.243452
baseline	4	17.340932	1.051680	3.077550
baseline	4	17.362508	2.627827	2.041973
baseline	4	17.379958	0.077418	2.882659
baseline	4	17.399955	0.074264	2.884184
baseline	4	17.419957	0.076863	2.841596
baseline	4	17.439967	0.086131	2.890084
baseline	4	17.459953	0.072473	1.298234
baseline	4	17.479953	0.072696	2.941451
baseline	4	17.499955	0.074452	2.897321
baseline	4	17.519955	0.074590	2.925160
baseline	4	17.539961	0.080078	2.840155
baseline	4	17.559951	0.070894	1.293530
baseline	4	17.579954	0.073054	2.849930
baseline	4	17.599953	0.072742	2.808416
baseline	4	17.619954	0.073827	2.789141
baseline	4	17.639959	0.078747	3.037275
baseline	4	17.659964	0.083435	3.866962
baseline	4	17.679962	0.081348	3.046266
baseline	4	17.701848	1.967191	2.990288
baseline	4	17.719956	0.075866	1.322117
baseline	4	17.739953	0.072830	1.349960
baseline	4	17.759954	0.073478	1.250260
baseline	4	17.779951	0.070901	1.286701
baseline	4	17.799954	0.073925	1.242080
baseline	4	17.819954	0.073046	1.242624
baseline	4	17.839964	0.083426	2.921204
baseline	4	17.859958	0.077283	3.403402
baseline	4	17.879955	0.074968	2.649144
baseline	4	17.899953	0.072458	2.978356
baseline	4	17.919955	0.074756	2.930528
baseline	4	17.939958	0.077909	2.834616
baseline	4	17.959961	0.080502	3.253211
baseline	4	17.979962	0.081083	2.658667
baseline	4	17.999956	0.075092	2.838967
baseline	4	18.019964	0.083218	2.810539
baseline	4	18.039963	0.082028	2.700453
baseline	4	18.059965	0.084888	3.502559
baseline	4	18.079958	0.077558	2.790335
baseline	4	18.099954	0.073733	2.933492
baseline	4	18.119954	0.073747	2.937373
baseline	4	18.139972	0.091670	1.454339
baseline	4	18.159955	0.074660	1.217094
baseline	4	18.179951	0.070887	1.742399
baseline	4	18.199951	0.070118	1.186991
baseline	4	18.220848	0.967001	3.303671
baseline	4	18.239955	0.074359	1.605539
baseline	4	18.259958	0.077746	2.941014
baseline	4	18.279952	0.071177	1.382276
baseline	4	18.299957	0.076634	2.841229
baseline	4	18.320007	0.126290	1.208561
baseline	4	18.339956	0.075742	2.719548
baseline	4	18.359955	0.074408	1.260085
baseline	4	18.380157	0.276940	2.751970
baseline	4	18.399958	0.077390	2.872677
baseline	4	18.419954	0.073154	2.828981
baseline	4	18.439957	0.076587	2.876094
baseline	4	18.459954	0.073167	1.302755
baseline	4	18.479956	0.075600	2.838869
baseline	4	18.499955	0.074373	2.783702
baseline	4	18.519953	0.072908	2.801121
baseline	4	18.539992	0.111040	1.375446
baseline	4	18.559953	0.072538	1.265777
baseline	4	18.579952	0.071318	1.295620
baseline	4	18.599953	0.072873	1.313209
baseline	4	18.619951	0.070387	1.302732
baseline	4	18.639956	0.075867	1.280906
baseline	4	18.659965	0.084533	1.339285
baseline	4	18.679951	0.070100	1.361208
baseline	4	18.699951	0.070288	1.306332
baseline	4	18.719951	0.070430	1.206787
baseline	4	18.739958	0.077184	3.351113
baseline	4	18.759954	0.073415	3.305351
baseline	4	18.779956	0.075385	2.701209
baseline	4	18.799955	0.074274	2.968941
baseline	4	18.819956	0.074982	2.941466
baseline	4	18.839961	0.080082	1.276778
baseline	4	18.859954	0.073294	1.237055
baseline	4	18.879951	0.070608	1.499996
baseline	4	18.899950	0.069427	1.194242
baseline	4	18.919953	0.072739	1.196398
baseline	4	18.939952	0.071894	1.381119
baseline	4	18.959957	0.076463	1.249907
baseline	4	18.979951	0.070894	1.331823
baseline	4	18.999953	0.072904	1.198955
baseline	4	19.019956	0.075516	1.197290
baseline	4	19.039960	0.079485	1.351726
baseline	4	19.059954	0.073500	1.199660
baseline	4	19.079950	0.069452	1.384701
baseline	4	19.099962	0.081357	2.686902
baseline	4	19.119993	0.112817	1.932981
baseline	4	19.139944	0.063813	2.668214
baseline	4	19.159952	0.071906	1.194457
baseline	4	19.179952	0.071217	2.629531
baseline	4	19.199951	0.070741	2.590713
baseline	4	19.219951	0.070509	2.598499
baseline	4	19.239988	0.107559	1.259803
baseline	4	19.259953	0.072512	1.203281
baseline	4	19.279954	0.073045	1.432399
baseline	4	19.299952	0.071435	1.721896
baseline	4	19.319953	0.072510	1.202230
baseline	4	19.339954	0.073147	1.790771
baseline	4	19.359955	0.074275	3.526793
baseline	4	19.379997	0.116609	2.370759
baseline	4	19.399953	0.072392	2.637855
baseline	4	19.419953	0.072644	1.309473
baseline	4	19.439954	0.073567	1.724140
baseline	4	19.459988	0.107274	1.253887
baseline	4	19.479953	0.072878	1.352302
baseline	4	19.499952	0.071976	1.240258
baseline	4	19.519952	0.071748	1.289490
baseline	4	19.539953	0.072266	1.344928
baseline	4	19.559952	0.071513	1.249196
baseline	4	19.579960	0.079773	1.821723
baseline	4	19.599995	0.114099	1.473715
baseline	4	19.619953	0.072045	1.303507
baseline	4	19.639951	0.070901	1.320694
baseline	4	19.659953	0.072780	1.244653
baseline	4	19.679961	0.080274	1.922882
baseline	4	19.699956	0.075916	1.929955
baseline	4	19.719950	0.069206	1.252325
baseline	4	19.739951	0.070093	1.269614
baseline	4	19.759952	0.071771	1.242724
baseline	4	19.779951	0.070887	1.313770
baseline	4	19.799950	0.069395	1.243273
baseline	4	19.819952	0.071213	1.290624
baseline	4	19.839957	0.076130	2.013162
baseline	4	19.859958	0.077614	3.928896
baseline	4	19.879991	0.110192	1.471537
baseline	4	19.899950	0.069864	1.616026
baseline	4	19.919955	0.074388	1.459693
baseline	4	19.939956	0.075817	1.835423
baseline	4	19.959953	0.072210	1.250862
baseline	5	0.000000	0.075072	1.083439
baseline	5	0.023105	3.179531	2.726705
baseline	5	0.040003	0.077970	5.122408
baseline	5	0.059999	0.073200	2.130717
baseline	5	0.079996	0.070618	1.140932
baseline	5	0.100037	0.111920	1.170834
baseline	5	0.120024	0.098564	1.150832
baseline	5	0.140031	0.105424	3.796690
baseline	5	0.159996	0.070561	1.142031
baseline	5	0.179999	0.073608	1.755069
baseline	5	0.200022	0.096884	1.189780
baseline	5	0.220027	0.101875	1.921072
baseline	5	0.240023	0.097435	3.936392
baseline	5	0.260000	0.074624	2.594203
baseline	5	0.280003	0.077914	2.592011
baseline	5	0.300001	0.075849	2.733587
baseline	5	0.320001	0.075711	2.697522
baseline	5	0.340032	0.106538	4.083375
baseline	5	0.359998	0.072355	2.668053
baseline	5	0.380003	0.077517	1.469989
baseline	5	0.400034	0.108910	1.820819
baseline	5	0.419994	0.068492	1.236382
baseline	5	0.440033	0.107277	4.015915
baseline	5	0.460024	0.098320	1.224501
baseline	5	0.480025	0.099947	1.360274
baseline	5	0.500034	0.108489	1.665263
baseline	5	0.519994	0.069027	1.353924
baseline	5	0.540034	0.108760	3.905541
baseline	5	0.560025	0.099327	1.225247
baseline	5	0.580037	0.111509	2.856753
baseline	5	0.600032	0.106540	1.269203
baseline	5	0.620037	0.111878	1.245827
baseline	5	0.640033	0.108072	3.966325
baseline	5	0.659998	0.072677	1.206606
baseline	5	0.680036	0.110818	1.175247
baseline	5	0.700037	0.111330	1.316754
baseline	5	0.720039	0.113954	1.188374
baseline	5	0.740030	0.104960	3.899024
baseline	5	0.760000	0.074878	2.571661
baseline	5	0.779998	0.072572	2.532873
baseline	5	0.799998	0.072880	2.562576
baseline	5	0.820001	0.076042	2.551709
baseline	5	0.840039	0.114008	4.042734
baseline	5	0.860000	0.074142	2.542026
baseline	5	0.879998	0.072270	2.547253
baseline	5	0.899999	0.073271	2.578638
baseline	5	0.920002	0.076173	2.554160
baseline	5	0.940037	0.111833	3.866151
baseline	5	0.959999	0.073593	1.246745
baseline	5	0.980033	0.107372	1.177116
baseline	5	1.000031	0.105200	1.568740
baseline	5	1.020001	0.075452	1.629366
baseline	5	1.040020	0.094693	3.901066
baseline	5	1.060001	0.075196	1.202341
baseline	5	1.080033	0.107194	1.191210
baseline	5	1.100036	0.110587	1.305265
baseline	5	1.120034	0.108264	1.181714
baseline	5	1.140034	0.108186	5.487848
baseline	5	1.160023	0.097673	1.275445
baseline	5	1.180040	0.114816	1.243605
baseline	5	1.200033	0.107553	1.572877
baseline	5	1.220033	0.107134	1.235105
baseline	5	1.240032	0.106281	3.942537
baseline	5	1.259998	0.072226	1.279991
baseline	5	1.280039	0.113216	1.223837
baseline	5	1.300014	0.089099	3.081456
baseline	5	1.320005	0.079843	2.913128
baseline	5	1.340910	0.984214	4.718071
baseline	5	1.359975	0.049205	1.334867
baseline	5	1.380036	0.110911	1.307588
baseline	5	1.399990	0.064535	2.696238
baseline	5	1.420043	0.118074	1.290187
baseline	5	1.440033	0.108067	3.998345
baseline	5	1.460032	0.106962	1.302299
baseline	5	1.479997	0.071919	1.358576
baseline	5	1.500853	0.927735	2.340419
baseline	5	1.520034	0.108228	1.231754
baseline	5	1.540037	0.112074	3.963784
baseline	5	1.560032	0.106571	1.236875
baseline	5	1.580033	0.107699	1.243734
baseline	5	1.600049	0.123528	1.711839
baseline	5	1.620038	0.113047	1.235731
baseline	5	1.640033	0.107293	3.943792
baseline	5	1.659997	0.072106	1.238768
baseline	5	1.680032	0.106564	1.190228
baseline	5	1.700005	0.079294	3.217933
baseline	5	1.720038	0.112324	1.254961
baseline	5	1.740036	0.110785	3.939854
baseline	5	1.760032	0.106222	1.229367
baseline	5	1.780033	0.107678	1.246590
baseline	5	1.800026	0.100564	1.874439
baseline	5	1.820035	0.109132	1.252490
baseline	5	1.840032	0.106607	3.923327
baseline	5	1.860030	0.104848	1.254787
baseline	5	1.880032	0.107069	1.180181
baseline	5	1.900030	0.104546	1.867053
baseline	5	1.920030	0.105069	1.186770
baseline	5	1.940035	0.109686	3.887345
baseline	5	1.960037	0.111327	1.206476
baseline	5	1.980031	0.105543	1.316609
baseline	5	2.000032	0.106754	1.447356
baseline	5	2.020031	0.105977	1.191822
baseline	5	2.039999	0.073483	3.842198
baseline	5	2.059999	0.073928	1.321893
baseline	5	2.080009	0.083379	1.280469
baseline	5	2.099996	0.070958	1.548661
baseline	5	2.120037	0.111938	1.247337
baseline	5	2.140034	0.108598	4.095003
baseline	5	2.160008	0.082237	3.029046
baseline	5	2.180003	0.077625	2.519481
baseline	5	2.200036	0.110524	1.486151
baseline	5	2.220040	0.114898	1.289745
baseline	5	2.240035	0.109536	4.134773
baseline	5	2.260037	0.111614	1.374768
baseline	5	2.280042	0.116777	1.375823
baseline	5	2.300041	0.115279	1.535790
baseline	5	2.320054	0.128491	1.367865
baseline	5	2.343761	3.835731	2.339307
baseline	5	2.359999	0.074081	2.661029
baseline	5	2.380001	0.075645	2.698714
baseline	5	2.400004	0.078336	2.744796
baseline	5	2.420001	0.075556	2.659479
baseline	5	2.440034	0.108445	4.137178
baseline	5	2.460000	0.075102	2.658631
baseline	5	2.479998	0.073018	2.643251
baseline	5	2.500002	0.076429	2.660898
baseline	5	2.520003	0.077193	2.634055
baseline	5	2.540046	0.120900	4.163071
baseline	5	2.560004	0.078768	1.908355
baseline	5	2.580035	0.109139	1.224271
baseline	5	2.600030	0.105029	1.424226
baseline	5	2.620026	0.100350	1.236494
baseline	5	2.640001	0.075872	5.584291
baseline	5	2.660033	0.108119	1.178821
baseline	5	2.680039	0.113833	1.181060
baseline	5	2.700032	0.106348	1.277283
baseline	5	2.719996	0.070921	1.185959
baseline	5	2.740500	0.574898	2.496513
baseline	5	2.760032	0.106435	1.192781
baseline	5	2.780000	0.075105	1.284079
baseline	5	2.799995	0.069126	1.249849
baseline	5	2.819996	0.071079	1.229835
baseline	5	2.840037	0.111835	3.932922
baseline	5	2.859999	0.073124	1.269839
baseline	5	2.880051	0.125294	1.223807
baseline	5	2.900036	0.110526	1.186750
baseline	5	2.919997	0.071354	1.195519
baseline	5	2.940030	0.104849	3.872755
baseline	5	2.960034	0.108746	1.195548
baseline	5	2.980035	0.109382	1.244188
baseline	5	3.000034	0.108897	1.244992
baseline	5	3.020033	0.107477	1.403950
baseline	5	3.040036	0.111106	5.467219
baseline	5	3.060027	0.101320	1.241827
baseline	5	3.080036	0.110246	1.247629
baseline	5	3.100037	0.111598	1.241159
baseline	5	3.119998	0.072676	2.415138
baseline	5	3.140004	0.078293	5.050121
baseline	5	3.160003	0.077501	2.358427
baseline	5	3.180005	0.080004	2.311690
baseline	5	3.200041	0.115553	1.228647
baseline	5	3.220032	0.106761	1.234320
baseline	5	3.240032	0.106330	3.921782
baseline	5	3.260033	0.107400	1.235764
baseline	5	3.280037	0.111136	1.234578
baseline	5	3.300033	0.107301	1.493486
baseline	5	3.320040	0.114903	1.294602
baseline	5	3.340042	0.117033	3.921367
baseline	5	3.360005	0.079178	2.635290
baseline	5	3.380036	0.110794	1.271981
baseline	5	3.400034	0.108949	1.236710
baseline	5	3.420036	0.110979	1.343188
baseline	5	3.440039	0.113218	4.212823
baseline	5	3.460003	0.077397	2.679523
baseline	5	3.480002	0.076705	2.759966
baseline	5	3.500002	0.077036	2.802523
baseline	5	3.519999	0.073777	2.643316
baseline	5	3.540032	0.107000	4.162867
baseline	5	3.560001	0.075238	2.729203
baseline	5	3.580002	0.076829	2.706505
baseline	5	3.600002	0.076888	2.688805
baseline	5	3.619999	0.074060	2.645253
baseline	5	3.640032	0.106277	4.186029
baseline	5	3.659997	0.071328	2.552687
baseline	5	3.679995	0.069696	2.529417
baseline	5	3.700004	0.078607	2.573434
baseline	5	3.720003	0.077280	2.549310
baseline	5	3.740034	0.109062	4.061429
baseline	5	3.759996	0.070714	2.539253
baseline	5	3.780034	0.108305	1.197759
baseline	5	3.800034	0.108603	1.183361
baseline	5	3.820022	0.096830	1.186468
baseline	5	3.839999	0.073275	3.921656
baseline	5	3.860019	0.093801	1.258593
baseline	5	3.880033	0.108073	1.239580
baseline	5	3.900032	0.106885	1.228108
baseline	5	3.919997	0.071163	1.251264
baseline	5	3.940030	0.105113	4.401919
baseline	5	3.960000	0.074390	1.206301
baseline	5	3.980007	0.081215	3.023047
baseline	5	4.000032	0.106219	1.181996
baseline	5	4.019995	0.069697	1.250069
baseline	5	4.040033	0.107978	4.029935
baseline	5	4.060000	0.074527	2.851566
baseline	5	4.080045	0.119188	1.249823
baseline	5	4.100043	0.118061	1.225530
baseline	5	4.120044	0.118506	2.944721
baseline	5	4.140006	0.080592	5.347258
baseline	5	4.160004	0.078245	2.569542
baseline	5	4.180003	0.077892	2.125222
baseline	5	4.200034	0.108325	1.657479
baseline	5	4.220034	0.108540	1.236657
baseline	5	4.240045	0.119419	3.919078
baseline	5	4.260036	0.110468	1.180397
baseline	5	4.280036	0.110987	1.181248
baseline	5	4.300034	0.108525	1.182918
baseline	5	4.319994	0.068606	1.260485
baseline	5	4.340031	0.105913	3.861640
baseline	5	4.360005	0.079967	1.220442
baseline	5	4.380035	0.109452	1.184975
baseline	5	4.400033	0.107277	1.439421
baseline	5	4.420005	0.079601	2.640410
baseline	5	4.440001	0.075978	5.394573
baseline	5	4.460003	0.077695	3.040527
baseline	5	4.480005	0.079175	2.925183
baseline	5	4.500043	0.117244	1.226952
baseline	5	4.520040	0.114691	1.237279
baseline	5	4.540036	0.110545	3.916342
baseline	5	4.560031	0.105888	1.224332
baseline	5	4.580031	0.105930	1.223736
baseline	5	4.600034	0.108977	1.376079
baseline	5	4.620040	0.114612	1.244110
baseline	5	4.640029	0.103254	3.924821
baseline	5	4.660015	0.089608	1.262271
baseline	5	4.680033	0.107570	1.229335
baseline	5	4.700030	0.104367	1.237912
baseline	5	4.720009	0.083662	2.585070
baseline	5	4.740035	0.109650	4.044472
baseline	5	4.760033	0.107167	1.178286
baseline	5	4.780037	0.111158	1.313798
baseline	5	4.800030	0.104720	1.191415
baseline	5	4.820042	0.116418	1.206582
baseline	5	4.840038	0.113026	3.951358
baseline	5	4.860029	0.103819	1.236735
baseline	5	4.880026	0.101112	2.441269
baseline	5	4.900037	0.111578	1.349269
baseline	5	4.920004	0.078382	1.437538
baseline	5	4.940041	0.115938	4.585140
baseline	5	4.960026	0.100491	1.229709
baseline	5	4.980035	0.109395	1.194623
baseline	5	5.000032	0.106618	1.178344
baseline	5	5.020041	0.115413	1.547838
baseline	5	5.040037	0.111544	4.433785
baseline	5	5.060033	0.107444	1.691524
baseline	5	5.080034	0.108560	1.187791
baseline	5	5.100030	0.104399	1.183242
baseline	5	5.120002	0.077030	2.360978
baseline	5	5.140005	0.079309	5.009303
baseline	5	5.160003	0.077813	2.376553
baseline	5	5.180010	0.084645	2.433608
baseline	5	5.200032	0.106841	1.374746
baseline	5	5.220036	0.110860	1.753925
baseline	5	5.240034	0.109102	3.985221
baseline	5	5.260004	0.078264	3.042132
baseline	5	5.280005	0.079547	2.894790
baseline	5	5.300011	0.085512	2.885788
baseline	5	5.320006	0.080640	2.918603
baseline	5	5.340007	0.081371	5.562508
baseline	5	5.360000	0.074442	2.928778
baseline	5	5.380004	0.078831	2.994307
baseline	5	5.400013	0.087704	2.558975
baseline	5	5.420004	0.078470	2.531066
baseline	5	5.440034	0.109037	3.919143
baseline	5	5.460034	0.108542	1.268934
baseline	5	5.480032	0.106332	1.253920
baseline	5	5.500038	0.112588	1.268568
baseline	5	5.519999	0.073661	1.290780
baseline	5	5.540036	0.110864	3.982439
baseline	5	5.560031	0.105395	1.237462
baseline	5	5.580031	0.105521	1.264395
baseline	5	5.600036	0.110264	1.263302
baseline	5	5.620001	0.075196	3.265450
baseline	5	5.640034	0.108735	3.937493
baseline	5	5.660040	0.114914	1.230655
baseline	5	5.680038	0.112999	1.236143
baseline	5	5.700038	0.112666	1.232809
baseline	5	5.719999	0.073771	1.285227
baseline	5	5.740033	0.107923	3.953784
baseline	5	5.760037	0.111979	1.241268
baseline	5	5.780004	0.078895	1.339936
baseline	5	5.800035	0.109958	1.230386
baseline	5	5.820005	0.079578	1.225488
baseline	5	5.840031	0.105797	3.885124
baseline	5	5.859991	0.065908	2.740983
baseline	5	5.880005	0.079330	2.997123
baseline	5	5.900002	0.076344	2.894783
baseline	5	5.920011	0.086118	2.865506
baseline	5	5.940005	0.079235	5.516518
baseline	5	5.960037	0.111513	1.517184
baseline	5	5.980039	0.113587	1.186367
baseline	5	6.000029	0.103395	1.203002
baseline	5	6.020007	0.081468	2.874529
baseline	5	6.040032	0.106717	4.089398
baseline	5	6.060001	0.075561	2.553407
baseline	5	6.079997	0.071179	2.563624
baseline	5	6.099997	0.071154	2.625874
baseline	5	6.120018	0.092240	2.644985
baseline	5	6.140032	0.106566	4.151379
baseline	5	6.160000	0.074513	2.566206
baseline	5	6.180003	0.077966	2.580020
baseline	5	6.200019	0.094012	1.553770
baseline	5	6.220002	0.076412	2.850996
baseline	5	6.240033	0.107432	4.178807
baseline	5	6.260001	0.075172	2.714119
baseline	5	6.280004	0.078153	2.663321
baseline	5	6.300006	0.080926	2.715073
baseline	5	6.319998	0.072162	2.693961
baseline	5	6.339998	0.073064	4.774674
baseline	5	6.359998	0.072355	2.770356
baseline	5	6.380040	0.115075	1.291948
baseline	5	6.400034	0.108905	1.481715
baseline	5	6.420035	0.109503	1.245878
baseline	5	6.440032	0.106733	4.007078
baseline	5	6.459998	0.072186	1.456507
baseline	5	6.480039	0.113468	1.784494
baseline	5	6.500007	0.081413	3.778026
baseline	5	6.520039	0.113389	1.276433
baseline	5	6.540106	0.180421	4.902240
baseline	5	6.560011	0.085499	3.031951
baseline	5	6.580011	0.085858	2.991567
baseline	5	6.600100	0.174974	6.259242
baseline	5	6.620012	0.086428	6.154416
baseline	5	6.640011	0.085754	4.156469
baseline	5	6.660011	0.085777	3.094742
baseline	5	6.680010	0.084971	2.448885
baseline	5	6.700038	0.112614	1.446489
baseline	5	6.719999	0.074055	1.436373
baseline	5	6.740006	0.080809	5.116970
baseline	5	6.761657	1.731402	1.381941
baseline	5	6.780008	0.082819	6.377010
baseline	5	6.800007	0.081413	2.865969
baseline	5	6.820036	0.110483	1.359823
baseline	5	6.840034	0.108374	4.157550
baseline	5	6.860013	0.087319	3.157255
baseline	5	6.880005	0.079891	3.106374
baseline	5	6.900009	0.083172	3.215014
baseline	5	6.920005	0.079211	3.095517
baseline	5	6.940008	0.082940	4.621931
baseline	5	6.960006	0.080458	2.811477
baseline	5	6.980034	0.108965	1.310384
baseline	5	7.000005	0.079414	3.173296
baseline	5	7.020149	0.224063	3.311603
baseline	5	7.040004	0.078944	4.747875
baseline	5	7.060034	0.108735	1.288371
baseline	5	7.080037	0.111833	1.289072
baseline	5	7.100035	0.110067	1.345529
baseline	5	7.120033	0.108041	1.315122
baseline	5	7.140035	0.109703	4.167498
baseline	5	7.160034	0.109007	1.279974
baseline	5	7.180014	0.088624	2.491473
baseline	5	7.200034	0.108513	1.294527
baseline	5	7.219997	0.071279	1.297458
baseline	5	7.240034	0.108483	4.283195
baseline	5	7.260000	0.074431	2.710563
baseline	5	7.280001	0.075997	2.634021
baseline	5	7.300001	0.075712	2.723901
baseline	5	7.319999	0.074083	3.041712
baseline	5	7.340040	0.114183	4.196775
baseline	5	7.360001	0.075677	2.663338
baseline	5	7.379998	0.072267	2.644460
baseline	5	7.400001	0.075993	2.795088
baseline	5	7.420003	0.077479	2.649498
baseline	5	7.440033	0.108057	4.215419
baseline	5	7.459999	0.073672	2.560247
baseline	5	7.479997	0.071226	2.556680
baseline	5	7.500002	0.076613	2.629796
baseline	5	7.519999	0.073409	2.568147
baseline	5	7.540038	0.112878	4.092262
baseline	5	7.560001	0.075576	2.569989
baseline	5	7.579998	0.072539	2.569176
baseline	5	7.599999	0.074002	2.700511
baseline	5	7.620003	0.077437	2.596865
baseline	5	7.640033	0.107970	4.124169
baseline	5	7.660003	0.077129	2.586483
baseline	5	7.680000	0.074694	2.579778
baseline	5	7.699998	0.072456	2.633620
baseline	5	7.719999	0.073654	2.543234
baseline	5	7.740039	0.113644	4.322720
baseline	5	7.759997	0.071223	2.555937
baseline	5	7.779997	0.071491	2.557913
baseline	5	7.800000	0.074535	2.642261
baseline	5	7.819997	0.071859	2.671150
baseline	5	7.839995	0.069379	4.283960
baseline	5	7.859998	0.072594	2.563726
baseline	5	7.880000	0.074184	2.565993
baseline	5	7.900031	0.105281	1.502982
baseline	5	7.920042	0.116861	1.183817
baseline	5	7.940030	0.104533	3.964603
baseline	5	7.960002	0.077100	2.614348
baseline	5	7.980003	0.078074	2.581549
baseline	5	8.000027	0.101485	1.726414
baseline	5	8.020111	0.185567	3.358339
baseline	5	8.041180	1.254146	3.482173
baseline	5	8.060105	0.179646	2.868822
baseline	5	8.085107	5.181226	2.720063
baseline	5	8.100005	0.079363	2.868797
baseline	5	8.120013	0.087965	2.530975
baseline	5	8.140012	0.086663	2.954328
baseline	5	8.160012	0.086202	3.166064
baseline	5	8.180011	0.086047	3.043725
baseline	5	8.200046	0.120814	1.874106
baseline	5	8.220008	0.082661	2.261203
baseline	5	8.240102	0.177119	6.610174
baseline	5	8.260008	0.082735	3.219151
baseline	5	8.280039	0.114111	1.561788
baseline	5	8.300011	0.085739	1.614473
baseline	5	8.320038	0.112709	1.344493
baseline	5	8.340000	0.074880	4.164187
baseline	5	8.360018	0.092843	1.403282
baseline	5	8.380043	0.117335	1.344925
baseline	5	8.400012	0.086547	1.517493
baseline	5	8.420039	0.113950	1.299880
baseline	5	8.440022	0.096864	4.214411
baseline	5	8.460001	0.075865	2.006668
baseline	5	8.480001	0.075858	2.894095
baseline	5	8.500114	0.188224	14.249125
baseline	5	8.520044	0.118269	2.564925
baseline	5	8.540009	0.083840	4.778418
baseline	5	8.560033	0.107389	1.344339
baseline	5	8.580042	0.116850	1.331760
baseline	5	8.600010	0.084681	2.780517
baseline	5	8.620001	0.075268	2.786098
baseline	5	8.640027	0.101928	4.527056
baseline	5	8.660001	0.075388	2.819274
baseline	5	8.680002	0.076243	2.760244
baseline	5	8.700039	0.113496	1.778085
baseline	5	8.720036	0.110178	1.282937
baseline	5	8.740006	0.080210	4.097862
baseline	5	8.760033	0.107808	1.293929
baseline	5	8.780032	0.106713	1.277317
baseline	5	8.800000	0.074975	1.453006
baseline	5	8.820034	0.108923	1.286153
baseline	5	8.839999	0.074102	4.217038
baseline	5	8.860003	0.077633	1.424996
baseline	5	8.882791	2.865959	1.571592
baseline	5	8.900020	0.094525	1.471995
baseline	5	8.920034	0.108864	1.282095
baseline	5	8.940002	0.076868	5.821426
baseline	5	8.960003	0.077209	3.090809
baseline	5	8.980004	0.078632	3.093679
baseline	5	9.000000	0.074276	3.185954
baseline	5	9.020002	0.076499	3.156501
baseline	5	9.040005	0.079374	5.833971
baseline	5	9.060008	0.082462	3.045181
baseline	5	9.080002	0.076345	3.087787
baseline	5	9.100005	0.079773	3.076598
baseline	5	9.120052	0.126190	1.233763
baseline	5	9.140047	0.121488	4.191731
baseline	5	9.160032	0.106550	1.424085
baseline	5	9.180031	0.105849	1.233867
baseline	5	9.200003	0.077425	1.370818
baseline	5	9.220031	0.106052	1.281626
baseline	5	9.240013	0.087303	4.510096
baseline	5	9.260033	0.107507	1.441522
baseline	5	9.280034	0.109094	1.271637
baseline	5	9.300026	0.100898	1.329676
baseline	5	9.319999	0.073375	1.290357
baseline	5	9.340006	0.080394	4.633103
baseline	5	9.360010	0.085109	1.264568
baseline	5	9.380031	0.105227	1.241755
baseline	5	9.400023	0.097674	1.265871
baseline	5	9.420030	0.104627	1.248553
baseline	5	9.440042	0.116446	4.193238
baseline	5	9.460037	0.111198	1.237158
baseline	5	9.480004	0.078468	2.874734
baseline	5	9.500023	0.097952	1.255619
baseline	5	9.520033	0.108011	1.258096
baseline	5	9.540008	0.082636	4.461325
baseline	5	9.560004	0.078544	2.697483
baseline	5	9.580000	0.074385	2.703767
baseline	5	9.600000	0.074801	2.537383
baseline	5	9.620004	0.078416	2.617587
baseline	5	9.640000	0.074846	5.905455
baseline	5	9.660006	0.081113	2.880624
baseline	5	9.680003	0.077739	2.954912
baseline	5	9.700005	0.080082	2.662833
baseline	5	9.720001	0.076054	2.706062
baseline	5	9.739997	0.072037	4.227821
baseline	5	9.760005	0.079234	2.832320
baseline	5	9.780004	0.078918	2.828365
baseline	5	9.800001	0.075450	1.492419
baseline	5	9.819994	0.068898	1.339353
baseline	5	9.840004	0.078342	4.267320
baseline	5	9.859999	0.073615	2.646611
baseline	5	9.880001	0.075397	2.629285
baseline	5	9.900006	0.080470	2.639352
baseline	5	9.919999	0.073502	2.652395
baseline	5	9.940000	0.075035	4.141471
baseline	5	9.960000	0.074872	2.672159
baseline	5	9.979999	0.073998	2.646303
baseline	5	10.000003	0.077415	1.277488
baseline	5	10.020000	0.074241	3.265123
baseline	5	10.040035	0.109597	4.204966
baseline	5	10.059999	0.073373	2.670389
baseline	5	10.079998	0.072883	2.646324
baseline	5	10.100004	0.078804	1.275589
baseline	5	10.120038	0.112696	1.402759
baseline	5	10.140036	0.110413	4.146391
baseline	5	10.160003	0.077641	2.692088
baseline	5	10.180040	0.114419	1.239046
baseline	5	10.199997	0.072035	2.599332
baseline	5	10.220018	0.092784	1.292034
baseline	5	10.239996	0.070955	4.172506
baseline	5	10.260039	0.113333	1.245101
baseline	5	10.280005	0.079596	1.377920
baseline	5	10.300000	0.074612	1.378969
baseline	5	10.320031	0.106003	1.293562
baseline	5	10.339996	0.070242	4.197414
baseline	5	10.359982	0.056481	3.003411
baseline	5	10.380010	0.084759	3.095950
baseline	5	10.400008	0.083095	2.687210
baseline	5	10.420001	0.075334	2.670676
baseline	5	10.440001	0.075589	5.778661
baseline	5	10.460038	0.112647	2.888081
baseline	5	10.480000	0.074862	2.943819
baseline	5	10.500006	0.080831	1.317095
baseline	5	10.520044	0.118556	1.315252
baseline	5	10.540032	0.107120	4.184047
baseline	5	10.560039	0.113598	1.279551
baseline	5	10.580011	0.085207	1.940813
baseline	5	10.600009	0.083225	1.347858
baseline	5	10.620043	0.117883	1.254815
baseline	5	10.640032	0.106878	4.125515
baseline	5	10.660032	0.106761	1.419492
baseline	5	10.680040	0.114669	1.303685
baseline	5	10.700029	0.103845	1.255971
baseline	5	10.720032	0.106596	1.282499
baseline	5	10.740035	0.109483	3.991881
baseline	5	10.760101	0.175685	2.404507
baseline	5	10.780036	0.110845	1.312306
baseline	5	10.799999	0.074046	1.950200
baseline	5	10.820032	0.106712	1.330975
baseline	5	10.840035	0.109360	4.020883
baseline	5	10.860029	0.103457	1.558118
baseline	5	10.880031	0.105874	1.236087
baseline	5	10.899995	0.069720	1.265493
baseline	5	10.920037	0.111396	1.232891
baseline	5	10.940029	0.103172	4.009455
baseline	5	10.960007	0.081141	2.205055
baseline	5	10.980017	0.091306	2.794983
baseline	5	11.000004	0.079062	1.284638
baseline	5	11.020000	0.074661	2.974578
baseline	5	11.040002	0.076893	5.258030
baseline	5	11.059998	0.072472	1.280775
baseline	5	11.080038	0.112552	1.239933
baseline	5	11.100038	0.112496	1.277304
baseline	5	11.120033	0.107484	1.298251
baseline	5	11.140003	0.077141	5.252470
baseline	5	11.160009	0.083991	1.287543
baseline	5	11.180035	0.109681	1.295059
baseline	5	11.200001	0.076106	1.355081
baseline	5	11.220042	0.117119	1.434414
baseline	5	11.239997	0.071794	4.439131
baseline	5	11.260036	0.110661	1.306933
baseline	5	11.280003	0.077539	3.209133
baseline	5	11.300007	0.081681	3.283065
baseline	5	11.320005	0.080100	2.518791
baseline	5	11.340013	0.087248	5.831235
baseline	5	11.360005	0.079405	3.191250
baseline	5	11.380009	0.083911	2.890784
baseline	5	11.400309	0.384092	2.777442
baseline	5	11.420005	0.079410	3.084778
baseline	5	11.440012	0.086479	5.710748
baseline	5	11.460006	0.080617	3.104383
baseline	5	11.480005	0.079989	3.099496
baseline	5	11.500004	0.078850	2.726591
baseline	5	11.520034	0.108826	1.257720
baseline	5	11.539999	0.073326	3.937630
baseline	5	11.560032	0.107076	1.256060
baseline	5	11.580032	0.106573	1.258770
baseline	5	11.600040	0.114224	1.268323
baseline	5	11.620040	0.114301	1.219707
baseline	5	11.640005	0.079791	5.466995
baseline	5	11.660006	0.080723	2.848071
baseline	5	11.680003	0.077207	2.815059
baseline	5	11.700005	0.080001	2.881476
baseline	5	11.720010	0.084974	2.696034
baseline	5	11.740002	0.076622	5.566943
baseline	5	11.759996	0.070274	2.912845
baseline	5	11.780004	0.078310	2.899935
baseline	5	11.800010	0.084840	2.420354
baseline	5	11.820015	0.089908	2.794598
baseline	5	11.839999	0.074008	5.603267
baseline	5	11.859998	0.072234	2.818499
baseline	5	11.880008	0.082657	2.566086
baseline	5	11.900034	0.108186	1.187475
baseline	5	11.919996	0.070309	1.188829
baseline	5	11.939994	0.068515	3.888929
baseline	5	11.960030	0.104984	1.184929
baseline	5	11.980031	0.105296	1.177948
baseline	5	11.999995	0.070067	1.186489
baseline	5	12.020007	0.081148	3.036169
baseline	5	12.041687	1.761948	2.448701
baseline	5	12.060002	0.076365	1.390339
baseline	5	12.079994	0.068290	1.232161
baseline	5	12.100033	0.108071	1.236380
baseline	5	12.120041	0.115317	1.236023
baseline	5	12.140024	0.099075	3.937500
baseline	5	12.160009	0.083241	2.816148
baseline	5	12.180006	0.080541	2.788386
baseline	5	12.200003	0.077423	3.070453
baseline	5	12.220007	0.082069	3.134568
baseline	5	12.240008	0.082355	4.561137
baseline	5	12.260032	0.106962	1.286788
baseline	5	12.280033	0.107293	1.295446
baseline	5	12.300032	0.106437	1.283032
baseline	5	12.320034	0.109101	1.522092
baseline	5	12.340044	0.119068	4.079191
baseline	5	12.360053	0.127194	1.239814
baseline	5	12.380033	0.107150	1.231751
baseline	5	12.400036	0.110728	1.387773
baseline	5	12.420017	0.091474	1.928969
baseline	5	12.440038	0.112229	3.971945
baseline	5	12.460033	0.107377	1.229851
baseline	5	12.480037	0.111603	1.230474
baseline	5	12.500039	0.113382	1.238110
baseline	5	12.520040	0.114479	1.219809
baseline	5	12.540042	0.116623	3.908513
baseline	5	12.560035	0.109958	1.275108
baseline	5	12.580039	0.113476	1.198686
baseline	5	12.600001	0.075848	2.266290
baseline	5	12.620033	0.107172	1.228145
baseline	5	12.640036	0.111046	4.178803
baseline	5	12.659995	0.069320	2.549097
baseline	5	12.679997	0.071415	2.549203
baseline	5	12.700000	0.074312	2.544242
baseline	5	12.720002	0.076796	2.560473
baseline	5	12.740037	0.111468	4.103531
baseline	5	12.760007	0.081298	2.609610
baseline	5	12.780003	0.077520	2.574888
baseline	5	12.799997	0.071929	2.558662
baseline	5	12.820040	0.114528	1.207912
baseline	5	12.840031	0.106025	3.874918
baseline	5	12.860010	0.084436	2.582309
baseline	5	12.880000	0.075020	2.557293
baseline	5	12.900010	0.084239	2.630319
baseline	5	12.920098	0.172320	5.679450
baseline	5	12.940009	0.083156	5.514366
baseline	5	12.960010	0.084296	6.850670
baseline	5	12.980017	0.092000	2.842244
baseline	5	13.000008	0.082600	2.983637
baseline	5	13.021113	1.187783	2.883906
baseline	5	13.040036	0.110904	4.504324
baseline	5	13.060003	0.077552	2.911584
baseline	5	13.080036	0.110751	1.387444
baseline	5	13.102107	2.181639	3.263560
baseline	5	13.120040	0.114797	1.543127
baseline	5	13.140041	0.115446	4.845422
baseline	5	13.160037	0.111540	1.352275
baseline	5	13.180037	0.111802	1.352661
baseline	5	13.200038	0.112409	1.351738
baseline	5	13.220007	0.081204	3.342274
baseline	5	13.240006	0.081091	6.389231
baseline	5	13.260008	0.083045	3.423872
baseline	5	13.280006	0.080942	3.377106
baseline	5	13.300010	0.085019	3.354626
baseline	5	13.320043	0.117247	1.384403
baseline	5	13.340035	0.109277	3.989893
baseline	5	13.360012	0.087021	1.669647
baseline	5	13.380034	0.108647	1.364925
baseline	5	13.400036	0.110138	1.338784
baseline	5	13.420045	0.119283	1.348360
baseline	5	13.440032	0.107031	7.184542
baseline	5	13.460034	0.108977	1.290965
baseline	5	13.480039	0.113996	1.278814
baseline	5	13.500035	0.109561	1.274606
baseline	5	13.519990	0.064291	1.251697
baseline	5	13.540039	0.113533	3.998977
baseline	5	13.560038	0.112179	1.273814
baseline	5	13.580041	0.115468	1.251927
baseline	5	13.600037	0.111638	1.268100
baseline	5	13.620102	0.177047	2.585321
baseline	5	13.640022	0.096712	3.986070
baseline	5	13.660031	0.105295	1.207768
baseline	5	13.679997	0.071519	1.231679
baseline	5	13.700029	0.103570	1.206814
baseline	5	13.719995	0.069981	1.256814
baseline	5	13.740000	0.074697	4.177479
baseline	5	13.759994	0.068979	1.213384
baseline	5	13.780029	0.103722	1.208220
baseline	5	13.799997	0.071628	2.441727
baseline	5	13.820034	0.108816	1.253863
baseline	5	13.843776	3.850879	2.362482
baseline	5	13.860005	0.079674	2.730546
baseline	5	13.880005	0.079628	2.708486
baseline	5	13.900003	0.077244	3.052053
baseline	5	13.920002	0.077028	3.057491
baseline	5	13.940004	0.079118	5.840929
baseline	5	13.960008	0.082242	3.139590
baseline	5	13.980111	0.185418	2.955284
baseline	5	13.999997	0.071571	1.324763
baseline	5	14.020007	0.081347	2.871363
baseline	5	14.041158	1.232913	1.386297
baseline	5	14.060040	0.114711	1.403686
baseline	5	14.080038	0.113058	1.290918
baseline	5	14.100041	0.116021	1.283642
baseline	5	14.120045	0.119655	1.248214
baseline	5	14.145112	5.186944	2.432524
baseline	5	14.160001	0.075988	2.669975
baseline	5	14.180000	0.074686	2.672702
baseline	5	14.200001	0.075812	3.183547
baseline	5	14.219999	0.073996	2.703203
baseline	5	14.240000	0.074552	4.236622
baseline	5	14.260001	0.075866	2.658954
baseline	5	14.280000	0.074928	2.675820
baseline	5	14.299999	0.073248	2.700605
baseline	5	14.320001	0.076060	2.691997
baseline	5	14.340041	0.116048	4.250100
baseline	5	14.360004	0.078214	2.561650
baseline	5	14.379998	0.072151	2.534846
baseline	5	14.399998	0.072528	2.563148
baseline	5	14.419998	0.072634	2.575843
baseline	5	14.440007	0.081440	5.176273
baseline	5	14.460007	0.081300	2.969440
baseline	5	14.480003	0.077922	2.967730
baseline	5	14.500002	0.076795	2.796076
baseline	5	14.520003	0.077717	2.764658
baseline	5	14.540031	0.105225	4.184735
baseline	5	14.560002	0.077063	2.680208
baseline	5	14.580000	0.074327	2.732984
baseline	5	14.600000	0.074264	2.656921
baseline	5	14.620001	0.075632	2.701053
baseline	5	14.640032	0.106760	4.179721
baseline	5	14.660001	0.075195	2.694261
baseline	5	14.680000	0.074695	2.729264
baseline	5	14.700170	0.245050	2.668514
baseline	5	14.719999	0.073316	2.583007
baseline	5	14.740034	0.108265	4.092092
baseline	5	14.760006	0.080976	2.654204
baseline	5	14.780009	0.083754	2.761534
baseline	5	14.800001	0.075430	2.715274
baseline	5	14.820004	0.078759	2.688625
baseline	5	14.840036	0.110994	4.314800
baseline	5	14.863130	3.204187	2.728970
baseline	5	14.880043	0.117826	1.255204
baseline	5	14.900015	0.090082	2.845032
baseline	5	14.920001	0.076009	2.986849
baseline	5	14.940028	0.102958	4.817696
baseline	5	14.960001	0.075862	2.836242
baseline	5	14.980001	0.075673	3.154838
baseline	5	15.000011	0.085570	1.775203
baseline	5	15.020026	0.100154	4.287972
baseline	5	15.040008	0.082761	2.035252
baseline	5	15.060013	0.087828	2.974217
baseline	5	15.080000	0.074885	3.751329
baseline	5	15.100004	0.078820	4.044729
baseline	5	15.120009	0.083839	4.041106
baseline	5	15.140040	0.115005	4.451270
baseline	5	15.160012	0.087061	2.966013
baseline	5	15.180007	0.081677	2.926254
baseline	5	15.200013	0.087329	2.542833
baseline	5	15.220051	0.125993	2.864256
baseline	5	15.240042	0.116392	4.326184
baseline	5	15.260037	0.111262	1.364471
baseline	5	15.280041	0.115143	1.389045
baseline	5	15.300013	0.087849	2.333825
baseline	5	15.320117	0.191678	2.316530
baseline	5	15.340013	0.087916	5.185195
baseline	5	15.360010	0.084519	2.354748
baseline	5	15.380043	0.117577	1.670998
baseline	5	15.400012	0.086261	2.378207
baseline	5	15.420012	0.086122	2.423876
baseline	5	15.440008	0.082816	7.641418
baseline	5	15.460041	0.115272	2.013161
baseline	5	15.480009	0.083785	1.955811
baseline	5	15.500045	0.119321	1.579215
baseline	5	15.520051	0.125173	1.587518
baseline	5	15.540011	0.086054	4.187014
baseline	5	15.560040	0.114965	1.392391
baseline	5	15.580031	0.105438	1.449833
baseline	5	15.600006	0.080385	2.462905
baseline	5	15.620016	0.090619	2.332286
baseline	5	15.640015	0.089214	4.975209
baseline	5	15.660012	0.087017	2.432257
baseline	5	15.680008	0.082585	2.432453
baseline	5	15.700013	0.087933	2.536748
baseline	5	15.720011	0.085261	2.350276
baseline	5	15.740009	0.083505	5.029016
baseline	5	15.760007	0.081641	2.351990
baseline	5	15.782127	2.201755	2.277727
baseline	5	15.800008	0.082254	2.410762
baseline	5	15.820014	0.088904	2.376832
baseline	5	15.840009	0.083631	5.022032
baseline	5	15.860008	0.082554	2.301322
baseline	5	15.880026	0.100398	3.129948
baseline	5	15.900015	0.089795	2.272734
baseline	5	15.920018	0.093048	3.113924
baseline	5	15.940006	0.080527	4.468182
baseline	5	15.960003	0.078116	2.970508
baseline	5	15.980501	0.575967	3.622632
baseline	5	16.000003	0.077518	2.908856
baseline	5	16.020006	0.080839	2.981037
baseline	5	16.040042	0.116816	4.450186
baseline	5	16.060009	0.083317	2.971505
baseline	5	16.080003	0.077590	2.894246
baseline	5	16.100004	0.078271	2.926944
baseline	5	16.120007	0.081826	2.998670
baseline	5	16.140044	0.118417	4.458311
baseline	5	16.160014	0.088830	2.974727
baseline	5	16.180011	0.085651	2.969879
baseline	5	16.200015	0.089557	2.980286
baseline	5	16.220003	0.077573	2.876678
baseline	5	16.239999	0.073305	4.632873
baseline	5	16.260007	0.081439	2.970866
baseline	5	16.280005	0.079288	2.883130
baseline	5	16.300001	0.076096	2.926341
baseline	5	16.320011	0.086051	1.909264
baseline	5	16.340040	0.114506	4.543846
baseline	5	16.359986	0.061102	2.980628
baseline	5	16.380010	0.084645	1.773627
baseline	5	16.400008	0.083084	3.223897
baseline	5	16.420013	0.087325	3.142478
baseline	5	16.440016	0.091057	7.314196
baseline	5	16.460029	0.103177	3.301111
baseline	5	16.480016	0.090768	3.553445
baseline	5	16.500014	0.088183	3.624694
baseline	5	16.520038	0.112399	1.592135
baseline	5	16.540037	0.111990	4.383223
baseline	5	16.560007	0.081256	1.642619
baseline	5	16.580038	0.112236	1.385247
baseline	5	16.600033	0.107693	1.399388
baseline	5	16.620035	0.109702	1.571889
baseline	5	16.640037	0.111595	4.211954
baseline	5	16.660035	0.109143	1.332800
baseline	5	16.680011	0.085412	2.428757
baseline	5	16.700104	0.178314	2.481990
baseline	5	16.720011	0.086026	4.026581
baseline	5	16.740043	0.117483	4.056579
baseline	5	16.760043	0.117225	1.673522
baseline	5	16.780042	0.117041	1.416422
baseline	5	16.800005	0.079602	2.944065
baseline	5	16.820013	0.087499	3.499972
baseline	5	16.843768	3.842312	1.990769
baseline	5	16.860036	0.110549	1.461296
baseline	5	16.880050	0.124429	1.529136
baseline	5	16.900441	0.515134	1.516447
baseline	5	16.920031	0.105308	2.863600
baseline	5	16.940040	0.114205	4.394283
baseline	5	16.960002	0.077088	2.891933
baseline	5	16.980002	0.076614	2.865998
baseline	5	17.000005	0.079210	2.917761
baseline	5	17.021113	1.187807	7.733049
baseline	5	17.040007	0.081879	2.793289
baseline	5	17.060009	0.083359	2.911472
baseline	5	17.080011	0.085679	3.014896
baseline	5	17.100009	0.083641	2.387759
baseline	5	17.120010	0.084662	2.460600
baseline	5	17.140035	0.109651	4.072350
baseline	5	17.160012	0.086926	3.293302
baseline	5	17.180043	0.117522	1.330084
baseline	5	17.200105	0.180086	2.505410
baseline	5	17.220040	0.114211	1.352397
baseline	5	17.240014	0.088667	4.094189
baseline	5	17.260037	0.111350	1.326797
baseline	5	17.280035	0.109586	1.327767
baseline	5	17.300010	0.085082	2.924729
baseline	5	17.320102	0.176198	2.767780
baseline	5	17.340001	0.075372	4.156280
baseline	5	17.360041	0.115311	1.492802
baseline	5	17.380041	0.115620	2.854532
baseline	5	17.400042	0.116375	1.348498
baseline	5	17.420039	0.113397	1.339126
baseline	5	17.440035	0.109269	4.067370
baseline	5	17.460001	0.075445	1.339845
baseline	5	17.480043	0.117921	1.340100
baseline	5	17.500034	0.108721	1.425441
baseline	5	17.520033	0.107945	1.359906
baseline	5	17.540037	0.111481	4.022887
baseline	5	17.560016	0.090797	3.484290
baseline	5	17.580014	0.089013	3.117850
baseline	5	17.600050	0.124571	1.419269
baseline	5	17.620042	0.116670	1.429304
baseline	5	17.640011	0.085149	5.005913
baseline	5	17.660010	0.084306	2.265029
baseline	5	17.680006	0.080162	2.328613
baseline	5	17.700013	0.087527	2.320014
baseline	5	17.720012	0.086672	2.315196
baseline	5	17.740015	0.089718	5.033627
baseline	5	17.760012	0.086664	2.271962
baseline	5	17.780014	0.089077	2.287065
baseline	5	17.800008	0.082808	2.317018
baseline	5	17.820012	0.086890	2.208064
baseline	5	17.840038	0.112968	4.022618
baseline	5	17.860038	0.112358	1.531985
baseline	5	17.880041	0.115454	1.321947
baseline	5	17.900043	0.117981	1.291315
baseline	5	17.920022	0.096613	1.435425
baseline	5	17.940009	0.083319	4.158928
baseline	5	17.960010	0.084512	2.278301
baseline	5	17.980007	0.081602	2.324769
baseline	5	18.000003	0.077226	2.253123
baseline	5	18.020008	0.082282	2.234403
baseline	5	18.040018	0.092601	4.904797
baseline	5	18.060032	0.106345	1.706442
baseline	5	18.080004	0.078720	2.248975
baseline	5	18.100022	0.096608	3.322960
baseline	5	18.120039	0.113596	1.515174
baseline	5	18.140012	0.086559	5.238539
baseline	5	18.160012	0.086271	2.585095
baseline	5	18.180017	0.091557	2.570281
baseline	5	18.200019	0.093722	2.499922
baseline	5	18.222109	2.183518	2.693303
baseline	5	18.240005	0.080028	5.336618
baseline	5	18.261223	1.297605	1.427862
baseline	5	18.280009	0.084074	2.925472
baseline	5	18.300036	0.110140	1.379653
baseline	5	18.320033	0.107778	1.348292
baseline	5	18.340004	0.078184	4.121122
baseline	5	18.360032	0.107087	1.534999
baseline	5	18.380048	0.122793	1.352218
baseline	5	18.399998	0.072938	1.350553
baseline	5	18.420050	0.124899	1.352655
baseline	5	18.440041	0.115337	4.097231
baseline	5	18.460038	0.112572	1.342706
baseline	5	18.480040	0.114935	1.287702
baseline	5	18.500040	0.114291	1.280201
baseline	5	18.520040	0.114590	1.282364
baseline	5	18.540036	0.110600	3.975331
baseline	5	18.560032	0.106155	1.297254
baseline	5	18.580016	0.090454	3.227663
baseline	5	18.600009	0.083943	2.964300
baseline	5	18.620011	0.085225	3.028046
baseline	5	18.640040	0.114796	4.011314
baseline	5	18.660031	0.105219	1.551110
baseline	5	18.680054	0.128277	1.346690
baseline	5	18.700043	0.117482	1.328492
baseline	5	18.720041	0.115619	1.340320
baseline	5	18.740046	0.120193	4.014017
baseline	5	18.760051	0.125615	1.309355
baseline	5	18.780009	0.084106	3.262427
baseline	5	18.800040	0.115102	1.321737
baseline	5	18.820038	0.113076	1.544416
baseline	5	18.840029	0.103604	4.608404
baseline	5	18.860013	0.087684	2.326242
baseline	5	18.880012	0.086744	2.271173
baseline	5	18.900020	0.094925	2.265488
baseline	5	18.920014	0.088878	2.272018
baseline	5	18.940012	0.087015	4.920564
baseline	5	18.960006	0.080475	2.278279
baseline	5	18.980009	0.083933	2.236556
baseline	5	19.000012	0.086923	2.232805
baseline	5	19.020011	0.085230	2.295609
baseline	5	19.040010	0.084732	4.888805
baseline	5	19.060012	0.086520	2.231426
baseline	5	19.080006	0.080468	2.272305
baseline	5	19.100016	0.091015	2.344502
baseline	5	19.120006	0.080645	2.304824
baseline	5	19.140004	0.078226	5.820704
baseline	5	19.160015	0.089698	3.265614
baseline	5	19.180016	0.090244	3.072780
baseline	5	19.200009	0.083704	3.394213
baseline	5	19.220014	0.088767	3.502640
baseline	5	19.240011	0.085974	5.099230
baseline	5	19.260017	0.091923	2.442196
baseline	5	19.280011	0.086083	2.537644
baseline	5	19.300011	0.085441	2.469818
baseline	5	19.320037	0.112113	1.555244
baseline	5	19.340037	0.111342	4.091131
baseline	5	19.360064	0.138540	1.344613
baseline	5	19.380025	0.099568	1.291040
baseline	5	19.400042	0.116924	1.441013
baseline	5	19.420083	0.157958	1.300254
baseline	5	19.440004	0.078179	4.015882
baseline	5	19.460006	0.080379	3.204815
baseline	5	19.480018	0.092840	2.725009
baseline	5	19.500006	0.080720	2.912044
baseline	5	19.520015	0.089803	3.061102
baseline	5	19.540036	0.110398	4.016181
baseline	5	19.560044	0.118205	1.226483
baseline	5	19.580042	0.117003	1.231728
baseline	5	19.600034	0.108181	1.191929
baseline	5	19.620033	0.107556	1.290870
baseline	5	19.640034	0.108352	3.908582
baseline	5	19.660011	0.085874	2.761202
baseline	5	19.680006	0.080329	2.998309
baseline	5	19.700010	0.084471	2.555734
baseline	5	19.720006	0.080571	2.848192
baseline	5	19.740002	0.076826	5.620861
baseline	5	19.760001	0.075851	2.930042
baseline	5	19.779998	0.072126	2.926862
baseline	5	19.800007	0.081187	2.985046
baseline	5	19.820002	0.076941	2.647888
baseline	5	19.840010	0.084705	5.669605
baseline	5	19.860005	0.080041	2.772848
baseline	5	19.880033	0.107695	1.191831
baseline	5	19.900032	0.106475	1.239654
baseline	5	19.920006	0.080850	2.642835
baseline	5	19.940006	0.080706	5.409881
baseline	5	19.960002	0.076198	2.812313
router	5	0.000000	0.070952	1.087905
router	5	0.020048	0.118756	1.087844
router	5	0.040004	0.074810	2.706913
router	5	0.060009	0.079494	2.472329
router	5	0.080006	0.076946	2.771505
router	5	0.100008	0.079065	2.837735
router	5	0.120036	0.106173	1.198249
router	5	0.140042	0.112371	1.169575
router	5	0.160034	0.105026	1.224493
router	5	0.180037	0.107203	1.210757
router	5	0.200042	0.112929	1.294335
router	5	0.220056	0.126812	1.231345
router	5	0.240042	0.112937	1.213765
router	5	0.260043	0.113911	1.214704
router	5	0.280041	0.112045	1.224566
router	5	0.300009	0.079867	1.575224
router	5	0.320007	0.077236	3.336614
router	5	0.340005	0.075983	2.843025
router	5	0.360007	0.077469	2.855226
router	5	0.380046	0.116647	1.347517
router	5	0.400043	0.113681	1.324715
router	5	0.420047	0.117988	1.271335
router	5	0.440041	0.111396	1.209162
router	5	0.460044	0.114750	1.212295
router	5	0.480032	0.102817	1.211371
router	5	0.500054	0.124995	1.213011
router	5	0.520043	0.113257	1.217056
router	5	0.540040	0.110348	1.203552
router	5	0.559995	0.066034	1.207245
router	5	0.580043	0.113976	1.209565
router	5	0.600041	0.111298	1.217597
router	5	0.620039	0.109651	1.214846
router	5	0.640592	0.662280	1.331118
router	5	0.660040	0.110469	1.199810
router	5	0.680041	0.111269	1.214325
router	5	0.700036	0.106833	1.208468
router	5	0.720038	0.108667	1.196851
router	5	0.740045	0.115829	1.203713
router	5	0.760037	0.107725	1.205542
router	5	0.780039	0.110124	1.236876
router	5	0.800035	0.105699	1.271110
router	5	0.820046	0.116691	1.252216
router	5	0.840047	0.118001	1.242516
router	5	0.860045	0.115700	1.246520
router	5	0.880044	0.114580	1.239099
router	5	0.900042	0.113063	1.272601
router	5	0.919999	0.070062	1.249054
router	5	0.940035	0.106135	1.327933
router	5	0.960042	0.112791	1.244651
router	5	0.980040	0.110490	1.237701
router	5	1.000043	0.113578	1.245306
router	5	1.020056	0.126930	1.251916
router	5	1.040005	0.075557	3.066149
router	5	1.060017	0.087304	3.079772
router	5	1.080048	0.118197	1.280959
router	5	1.100042	0.112421	1.310124
router	5	1.120011	0.081403	3.528218
router	5	1.140005	0.075454	1.994340
router	5	1.160042	0.112510	1.294219
router	5	1.180009	0.079961	3.091269
router	5	1.200013	0.083396	3.146465
router	5	1.220019	0.090092	4.064929
router	5	1.240010	0.080513	3.473690
router	5	1.260021	0.091837	3.467950
router	5	1.280014	0.084505	3.294202
router	5	1.300014	0.084683	3.340519
router	5	1.320012	0.082475	4.999122
router	5	1.340012	0.082785	3.968912
router	5	1.360003	0.073699	2.617323
router	5	1.380013	0.083297	2.916358
router	5	1.400049	0.119280	1.367404
router	5	1.420056	0.126868	1.290440
router	5	1.440040	0.110541	1.284961
router	5	1.460031	0.101813	1.300169
router	5	1.480042	0.112464	1.239035
router	5	1.500048	0.119078	1.236759
router	5	1.520046	0.116188	1.257289
router	5	1.540041	0.111800	2.095222
router	5	1.560006	0.076195	1.756241
router	5	1.580005	0.075455	1.531187
router	5	1.600036	0.106634	1.762082
router	5	1.620000	0.071015	1.338999
router	5	1.640034	0.104637	1.299095
router	5	1.660041	0.111538	1.288649
router	5	1.680044	0.114473	1.294872
router	5	1.703423	3.493926	2.767942
router	5	1.720008	0.078734	3.457999
router	5	1.740006	0.076803	2.536458
router	5	1.760038	0.108313	1.331215
router	5	1.780048	0.118667	1.286648
router	5	1.800051	0.121548	1.757587
router	5	1.820051	0.121303	4.073406
router	5	1.840001	0.071824	2.710854
router	5	1.860042	0.112299	1.427935
router	5	1.880043	0.113228	1.346519
router	5	1.899998	0.068190	2.646480
router	5	1.920038	0.108794	1.241049
router	5	1.940007	0.077950	2.659939
router	5	1.960002	0.073110	2.661622
router	5	1.980006	0.076563	2.650888
router	5	2.000015	0.085304	2.670989
router	5	2.020047	0.117594	1.246968
router	5	2.040007	0.077166	2.690478
router	5	2.060002	0.072367	2.674266
router	5	2.079999	0.069932	2.691723
router	5	2.100005	0.075673	2.650521
router	5	2.120042	0.112339	1.247198
router	5	2.140001	0.071644	2.686217
router	5	2.160007	0.077245	2.804944
router	5	2.180008	0.079146	2.778384
router	5	2.200002	0.072969	2.750469
router	5	2.220859	0.929519	1.451575
router	5	2.240047	0.117503	1.294915
router	5	2.260006	0.076846	1.305169
router	5	2.280053	0.123187	1.256328
router	5	2.299998	0.068330	1.382728
router	5	2.320037	0.107519	1.349947
router	5	2.340001	0.071861	2.649909
router	5	2.360002	0.072768	2.701091
router	5	2.380000	0.071127	2.690274
router	5	2.400274	0.344775	3.212194
router	5	2.420043	0.114099	1.248653
router	5	2.440004	0.074776	2.655926
router	5	2.460004	0.075005	2.656571
router	5	2.480007	0.077163	2.656087
router	5	2.500005	0.075505	2.643457
router	5	2.520036	0.106869	1.197766
router	5	2.540169	0.239342	2.579786
router	5	2.560003	0.073506	2.587845
router	5	2.580006	0.076372	2.569036
router	5	2.600004	0.074625	2.546558
router	5	2.620040	0.110288	1.204916
router	5	2.640009	0.079227	2.560843
router	5	2.660040	0.111088	1.207171
router	5	2.680033	0.103380	1.195414
router	5	2.700433	0.503618	3.012353
router	5	2.720009	0.080036	3.299900
router	5	2.740046	0.116431	1.246586
router	5	2.760040	0.111062	1.246757
router	5	2.780048	0.118571	1.242062
router	5	2.800046	0.116592	1.243256
router	5	2.820034	0.105050	1.268504
router	5	2.840039	0.109670	1.267560
router	5	2.860042	0.112377	1.247703
router	5	2.880036	0.106980	1.256379
router	5	2.900043	0.114009	1.320514
router	5	2.920038	0.108207	1.348254
router	5	2.940048	0.118236	1.287501
router	5	2.960041	0.111937	1.291881
router	5	2.980042	0.112510	1.339995
router	5	3.000047	0.117682	1.242730
router	5	3.020003	0.073851	1.248040
router	5	3.040000	0.070663	1.247815
router	5	3.060044	0.114214	1.246273
router	5	3.080046	0.117095	1.303112
router	5	3.100041	0.111747	1.273047
router	5	3.120043	0.113926	2.041715
router	5	3.139997	0.067265	1.469637
router	5	3.160036	0.106583	1.262317
router	5	3.180047	0.117442	1.334106
router	5	3.200057	0.127237	1.325287
router	5	3.220033	0.103557	1.245664
router	5	3.240039	0.109282	1.299832
router	5	3.260067	0.138151	1.246667
router	5	3.280039	0.109864	1.244665
router	5	3.300041	0.111675	1.242737
router	5	3.320038	0.108544	1.243113
router	5	3.340045	0.115238	1.245098
router	5	3.360035	0.105196	1.816644
router	5	3.380038	0.108970	1.243180
router	5	3.400044	0.114211	1.335323
router	5	3.420010	0.080750	2.041792
router	5	3.440045	0.115863	1.245397
router	5	3.460042	0.112671	1.242715
router	5	3.480046	0.116771	1.237607
router	5	3.500045	0.116094	1.241851
router	5	3.520624	0.694849	2.938043
router	5	3.539997	0.068100	1.229347
router	5	3.560003	0.073516	1.197090
router	5	3.580042	0.113098	1.196111
router	5	3.599996	0.066932	1.416424
router	5	3.620048	0.118628	1.207053
router	5	3.640048	0.118298	1.195628
router	5	3.659999	0.069617	1.210618
router	5	3.680007	0.077590	1.609628
router	5	3.700003	0.073630	1.608604
router	5	3.720018	0.089015	4.874305
router	5	3.740005	0.075986	2.906305
router	5	3.760039	0.109956	1.306536
router	5	3.780040	0.111111	1.306440
router	5	3.800038	0.108944	1.309106
router	5	3.820004	0.074527	1.264677
router	5	3.840042	0.112367	1.243576
router	5	3.860014	0.084525	2.937221
router	5	3.880006	0.076699	2.779855
router	5	3.900009	0.079408	3.088195
router	5	3.920004	0.074957	3.260370
router	5	3.940049	0.119368	1.349551
router	5	3.960040	0.111097	1.243192
router	5	3.980044	0.114950	1.245096
router	5	4.000045	0.115291	1.240941
router	5	4.020043	0.113961	1.241765
router	5	4.040035	0.105382	1.239503
router	5	4.060040	0.110913	1.257668
router	5	4.080035	0.105846	1.343237
router	5	4.100061	0.131297	1.250674
router	5	4.120044	0.115073	1.201563
router	5	4.140047	0.117357	1.200763
router	5	4.160047	0.117157	1.203748
router	5	4.180036	0.106973	1.233436
router	5	4.200036	0.106866	1.264226
router	5	4.220014	0.085010	2.590100
router	5	4.240039	0.109719	1.245842
router	5	4.260038	0.108465	1.262468
router	5	4.280035	0.105906	1.240444
router	5	4.300046	0.116842	1.327909
router	5	4.320042	0.112817	1.246433
router	5	4.340042	0.112401	1.246431
router	5	4.360050	0.120901	1.301142
router	5	4.380043	0.113923	1.197015
router	5	4.400052	0.122816	2.599074
router	5	4.422056	2.127070	2.769991
router	5	4.440418	0.488932	6.029148
router	5	4.460006	0.076595	3.037064
router	5	4.480415	0.485250	2.963621
router	5	4.503025	3.095533	3.117113
router	5	4.520418	0.488909	6.813958
router	5	4.540011	0.081767	2.153498
router	5	4.560039	0.109261	1.349412
router	5	4.580046	0.116231	1.400820
router	5	4.602722	2.792720	1.453895
router	5	4.620019	0.089695	4.014473
router	5	4.641437	1.507653	3.506075
router	5	4.660042	0.113035	1.483066
router	5	4.680036	0.106993	1.402880
router	5	4.700008	0.078949	3.232034
router	5	4.720012	0.082826	3.556408
router	5	4.740001	0.071671	1.677924
router	5	4.760037	0.108004	1.423499
router	5	4.780043	0.113506	1.401851
router	5	4.800046	0.116784	1.455467
router	5	4.822087	2.157729	1.350057
router	5	4.840045	0.115898	1.365822
router	5	4.860039	0.109849	1.467291
router	5	4.880037	0.107665	1.342503
router	5	4.900422	0.492167	1.998853
router	5	4.920040	0.110358	2.446285
router	5	4.940040	0.110499	1.344506
router	5	4.960010	0.081093	2.749814
router	5	4.980006	0.076694	2.825519
router	5	5.000043	0.113435	1.363207
router	5	5.020042	0.112958	2.068108
router	5	5.040041	0.111829	1.527538
router	5	5.060209	0.279429	3.254694
router	5	5.080044	0.114286	1.378111
router	5	5.100043	0.113292	1.291951
router	5	5.120041	0.111912	1.300165
router	5	5.140037	0.107500	1.288173
router	5	5.160040	0.110370	1.294042
router	5	5.180041	0.111266	1.296209
router	5	5.200038	0.108924	1.291228
router	5	5.220037	0.107388	2.073496
router	5	5.240035	0.105580	2.201048
router	5	5.260036	0.106291	1.400197
router	5	5.280052	0.122721	1.315349
router	5	5.300039	0.109906	1.297850
router	5	5.320041	0.111615	1.301668
router	5	5.340048	0.118893	1.297629
router	5	5.360042	0.113077	1.734407
router	5	5.380010	0.080986	3.178126
router	5	5.400045	0.115620	1.483877
router	5	5.420039	0.109885	2.128628
router	5	5.440015	0.085171	3.029356
router	5	5.460038	0.108584	1.442359
router	5	5.480046	0.116283	1.418699
router	5	5.500040	0.110454	1.303304
router	5	5.520043	0.113263	1.298882
router	5	5.540040	0.110595	1.250777
router	5	5.560040	0.110539	1.287812
router	5	5.580038	0.109058	1.346244
router	5	5.600051	0.122139	1.247868
router	5	5.620038	0.108940	1.245035
router	5	5.640040	0.110927	1.250413
router	5	5.660036	0.106561	1.326793
router	5	5.680039	0.109504	1.250937
router	5	5.700041	0.111731	1.274283
router	5	5.720036	0.107008	1.267512
router	5	5.740041	0.111386	1.263037
router	5	5.760034	0.104963	1.328450
router	5	5.780035	0.105719	1.252799
router	5	5.800002	0.073037	2.028852
router	5	5.820014	0.084753	3.140575
router	5	5.840008	0.078415	2.444699
router	5	5.860008	0.078344	2.535127
router	5	5.880012	0.082654	2.547489
router	5	5.900021	0.091566	2.881715
router	5	5.920008	0.078430	2.320858
router	5	5.940004	0.074846	2.808586
router	5	5.960006	0.076907	2.808092
router	5	5.980001	0.071639	2.803763
router	5	6.000004	0.075010	2.836483
router	5	6.020038	0.108862	2.473483
router	5	6.039999	0.070015	2.755570
router	5	6.060007	0.077913	2.790625
router	5	6.080005	0.075262	2.783659
router	5	6.100006	0.076210	2.784233
router	5	6.120041	0.111188	1.306243
router	5	6.140041	0.111974	1.419616
router	5	6.160051	0.121709	1.277447
router	5	6.180004	0.074857	1.567393
router	5	6.200039	0.110033	1.246701
router	5	6.220040	0.110539	3.979266
router	5	6.240002	0.073107	2.726960
router	5	6.260003	0.073778	2.721813
router	5	6.280007	0.077404	2.784784
router	5	6.300003	0.073510	2.778108
router	5	6.320047	0.117277	1.333386
router	5	6.340011	0.081488	2.826458
router	5	6.360006	0.076998	2.791321
router	5	6.380005	0.075591	2.768802
router	5	6.400003	0.073564	2.760368
router	5	6.420044	0.114734	1.252129
router	5	6.440010	0.080209	2.674354
router	5	6.460015	0.085640	2.673403
router	5	6.480007	0.077500	2.658192
router	5	6.499998	0.068753	2.648436
router	5	6.520039	0.109164	1.249236
router	5	6.540002	0.072396	2.669902
router	5	6.560008	0.078415	2.667494
router	5	6.580005	0.075389	2.559979
router	5	6.600003	0.073365	2.588272
router	5	6.620046	0.116303	1.222279
router	5	6.640004	0.074587	2.589892
router	5	6.660009	0.079763	2.607128
router	5	6.680002	0.072521	2.588608
router	5	6.700008	0.078531	2.603491
router	5	6.720002	0.072400	1.335479
router	5	6.740003	0.074079	2.737493
router	5	6.760006	0.076987	2.698248
router	5	6.780005	0.075676	2.685598
router	5	6.800002	0.072483	2.749310
router	5	6.820039	0.109739	1.294534
router	5	6.840037	0.107180	1.253293
router	5	6.860002	0.072154	1.623161
router	5	6.880001	0.071212	1.519211
router	5	6.900009	0.079834	2.553810
router	5	6.920040	0.111083	1.325829
router	5	6.940004	0.074729	2.093492
router	5	6.960039	0.109236	1.406734
router	5	6.980041	0.111864	1.295785
router	5	7.000036	0.107139	1.296391
router	5	7.020043	0.113237	1.319578
router	5	7.039999	0.069857	1.472462
router	5	7.060013	0.084014	2.690540
router	5	7.080040	0.110280	1.329076
router	5	7.100038	0.108865	1.327735
router	5	7.120044	0.115061	1.331279
router	5	7.141428	1.498239	3.078404
router	5	7.160042	0.112447	1.346903
router	5	7.180048	0.118739	1.315849
router	5	7.200040	0.110374	1.298821
router	5	7.220034	0.104177	1.354485
router	5	7.240038	0.108212	1.315054
router	5	7.260045	0.115605	1.425261
router	5	7.280047	0.117632	1.450507
router	5	7.300040	0.110933	1.312738
router	5	7.323434	3.504365	1.588417
router	5	7.340038	0.109067	1.637037
router	5	7.360034	0.104658	1.315737
router	5	7.380048	0.119087	1.372284
router	5	7.400038	0.108717	1.336655
router	5	7.420046	0.117035	2.167603
router	5	7.440036	0.106782	1.300588
router	5	7.460008	0.078924	2.959421
router	5	7.480013	0.083498	1.442496
router	5	7.500046	0.116976	1.355985
router	5	7.520010	0.080158	3.740469
router	5	7.540008	0.078949	2.997670
router	5	7.560008	0.078170	2.846773
router	5	7.580013	0.083447	3.050200
router	5	7.600005	0.075641	3.032536
router	5	7.620002	0.072581	3.705488
router	5	7.640003	0.073565	3.061441
router	5	7.660043	0.114129	1.268343
router	5	7.680037	0.107357	1.263772
router	5	7.700047	0.117774	1.410948
router	5	7.720003	0.073305	3.648070
router	5	7.740008	0.079105	2.924852
router	5	7.760009	0.079326	3.002539
router	5	7.780012	0.082942	2.616389
router	5	7.800011	0.081752	2.981571
router	5	7.820010	0.080656	3.748374
router	5	7.840039	0.109712	1.252355
router	5	7.860033	0.103427	1.555575
router	5	7.880001	0.071724	1.268722
router	5	7.900027	0.097835	1.249363
router	5	7.920013	0.084033	3.704472
router	5	7.940011	0.081726	2.869827
router	5	7.960013	0.083493	2.921727
router	5	7.980015	0.085880	3.066906
router	5	8.000008	0.078361	2.772612
router	5	8.020013	0.083613	6.226961
router	5	8.040012	0.082406	3.178487
router	5	8.060007	0.078133	3.033334
router	5	8.080005	0.075570	3.023470
router	5	8.100009	0.079493	3.081333
router	5	8.120004	0.075095	3.659964
router	5	8.140010	0.080975	3.085591
router	5	8.160010	0.080534	3.002175
router	5	8.180012	0.082222	2.934381
router	5	8.203428	3.498992	2.809033
router	5	8.220008	0.078365	3.475272
router	5	8.241424	1.494575	2.889827
router	5	8.261704	1.774449	3.070329
router	5	8.280010	0.080239	3.106121
router	5	8.300423	0.493604	6.220263
router	5	8.320012	0.082921	6.210658
router	5	8.340003	0.073509	1.846026
router	5	8.360006	0.076312	2.337536
router	5	8.380010	0.080518	3.051854
router	5	8.400040	0.110990	1.434733
router	5	8.420013	0.083340	2.566336
router	5	8.440042	0.112962	1.495452
router	5	8.460050	0.120952	1.748864
router	5	8.480043	0.113915	1.359703
router	5	8.500043	0.113330	1.383986
router	5	8.520048	0.118552	2.080005
router	5	8.540040	0.110338	1.356667
router	5	8.560047	0.118047	1.390009
router	5	8.580043	0.113554	1.401023
router	5	8.600042	0.112603	1.291301
router	5	8.620041	0.111950	1.312048
router	5	8.640040	0.110266	2.508222
router	5	8.660001	0.071235	2.940975
router	5	8.680038	0.108823	1.324208
router	5	8.700036	0.106634	1.299065
router	5	8.720038	0.108676	1.328446
router	5	8.740002	0.072443	1.556858
router	5	8.760008	0.078620	3.063385
router	5	8.780009	0.080029	3.119494
router	5	8.800008	0.078507	3.126673
router	5	8.820004	0.075094	3.335456
router	5	8.840012	0.083103	3.107628
router	5	8.860012	0.082290	3.192292
router	5	8.880009	0.080042	2.514883
router	5	8.900037	0.107365	1.493500
router	5	8.920045	0.116034	2.079554
router	5	8.940013	0.084011	3.183079
router	5	8.960006	0.076226	3.087406
router	5	8.980041	0.111773	1.391880
router	5	9.000035	0.105736	1.394308
router	5	9.020042	0.112714	1.315612
router	5	9.040040	0.110304	1.310656
router	5	9.060038	0.108309	1.352062
router	5	9.080032	0.102515	1.319784
router	5	9.100028	0.098949	1.297429
router	5	9.120036	0.106374	1.250001
router	5	9.140043	0.114054	1.261467
router	5	9.160043	0.113713	1.271540
router	5	9.183427	3.497257	1.999775
router	5	9.200044	0.114552	1.244508
router	5	9.220013	0.083346	2.227184
router	5	9.240035	0.105769	1.277497
router	5	9.260040	0.110710	1.275204
router	5	9.280037	0.108032	1.242125
router	5	9.300034	0.104701	1.281237
router	5	9.320037	0.107841	1.255515
router	5	9.340037	0.107642	1.456875
router	5	9.360029	0.099375	1.509943
router	5	9.380035	0.105729	1.527563
router	5	9.399998	0.068388	1.677214
router	5	9.420043	0.113803	2.486106
router	5	9.440023	0.094144	2.691453
router	5	9.460007	0.078019	3.101247
router	5	9.480007	0.078052	3.130813
router	5	9.500012	0.083066	3.140182
router	5	9.520010	0.081140	3.167180
router	5	9.540004	0.074317	3.025198
router	5	9.560024	0.094896	2.979680
router	5	9.580012	0.082614	2.690669
router	5	9.600040	0.110259	1.294750
router	5	9.620036	0.107073	1.520362
router	5	9.640001	0.071555	1.362930
router	5	9.660029	0.099224	2.155939
router	5	9.680014	0.084911	3.005378
router	5	9.700009	0.079646	4.442839
router	5	9.720010	0.080344	3.281374
router	5	9.741427	1.497757	3.048705
router	5	9.760007	0.077897	3.421912
router	5	9.780009	0.079913	3.404065
router	5	9.800009	0.079708	3.454228
router	5	9.820011	0.081215	3.124082
router	5	9.840007	0.078115	2.848270
router	5	9.860007	0.077670	3.329892
router	5	9.880014	0.084195	3.353811
router	5	9.900038	0.108934	1.748483
router	5	9.920029	0.099643	2.126590
router	5	9.940005	0.075374	1.988135
router	5	9.960010	0.081038	2.923866
router	5	9.980009	0.079765	3.218283
router	5	10.000011	0.081499	3.405358
router	5	10.020009	0.079205	3.465414
router	5	10.040010	0.080539	3.296171
router	5	10.060017	0.087160	3.256467
router	5	10.080014	0.084734	3.382239
router	5	10.100008	0.078265	3.165004
router	5	10.120012	0.082938	3.156837
router	5	10.140008	0.078431	3.163755
router	5	10.160003	0.073684	3.218270
router	5	10.180001	0.071162	3.096454
router	5	10.200002	0.072720	3.036164
router	5	10.220004	0.074829	3.045457
router	5	10.240000	0.070783	3.038919
router	5	10.260047	0.117390	1.424835
router	5	10.280006	0.076204	2.784159
router	5	10.300035	0.105985	1.426379
router	5	10.320037	0.107609	1.313475
router	5	10.340043	0.113801	1.290002
router	5	10.360002	0.072867	1.689371
router	5	10.380040	0.111144	1.651799
router	5	10.400038	0.109048	1.568170
router	5	10.420037	0.107372	1.547123
router	5	10.440037	0.107374	1.325449
router	5	10.460006	0.076283	2.043399
router	5	10.480006	0.076351	3.134198
router	5	10.500015	0.085639	3.151451
router	5	10.520008	0.078707	3.159536
router	5	10.540006	0.076163	3.163777
router	5	10.560003	0.073492	3.136454
router	5	10.580007	0.078136	3.146807
router	5	10.600007	0.077689	3.167081
router	5	10.620007	0.077341	3.160537
router	5	10.640007	0.078029	3.160455
router	5	10.660008	0.078802	1.806355
router	5	10.680037	0.107913	1.351019
router	5	10.700035	0.105743	1.353223
router	5	10.720037	0.108113	1.341281
router	5	10.740002	0.072329	3.687717
router	5	10.760033	0.103602	1.373538
router	5	10.780040	0.110225	1.290927
router	5	10.800048	0.118279	1.287351
router	5	10.820040	0.111124	1.296153
router	5	10.840005	0.076077	2.522743
router	5	10.860006	0.076757	2.421568
router	5	10.880006	0.076656	2.466486
router	5	10.900042	0.112667	1.292618
router	5	10.920039	0.109982	1.291446
router	5	10.940040	0.111013	1.334227
router	5	10.960004	0.075054	2.871167
router	5	10.980043	0.114046	1.316856
router	5	11.000035	0.105650	1.301528
router	5	11.020034	0.104295	1.341150
router	5	11.040045	0.116091	1.295169
router	5	11.060001	0.071186	1.624802
router	5	11.080008	0.078596	2.721432
router	5	11.100046	0.117011	1.338414
router	5	11.120037	0.108082	1.289067
router	5	11.140041	0.111923	1.296218
router	5	11.160028	0.098431	1.325843
router	5	11.180034	0.104772	1.406688
router	5	11.200046	0.116341	1.293647
router	5	11.220046	0.116840	1.404516
router	5	11.240039	0.110015	1.291073
router	5	11.260002	0.072998	1.537985
router	5	11.280037	0.108064	1.269477
router	5	11.300013	0.083181	2.922159
router	5	11.320006	0.076558	3.067837
router	5	11.340041	0.111592	1.456470
router	5	11.360007	0.078076	2.278557
router	5	11.380040	0.110691	1.425859
router	5	11.400004	0.074554	1.524882
router	5	11.420041	0.111753	1.555226
router	5	11.440044	0.114214	1.339149
router	5	11.460041	0.111952	1.470093
router	5	11.480042	0.112841	1.360536
router	5	11.500007	0.078062	3.042777
router	5	11.520008	0.078794	2.508985
router	5	11.540001	0.071606	1.427439
router	5	11.560044	0.114248	1.513618
router	5	11.580005	0.076062	2.777301
router	5	11.600038	0.108174	1.343601
router	5	11.620051	0.121306	1.288067
router	5	11.640041	0.111749	1.289597
router	5	11.660009	0.079616	2.885577
router	5	11.680005	0.075934	2.759896
router	5	11.700005	0.075494	2.837285
router	5	11.720005	0.075932	2.938737
router	5	11.740003	0.073901	2.820560
router	5	11.760048	0.118631	1.510973
router	5	11.780041	0.111868	1.293013
router	5	11.800033	0.104024	1.292371
router	5	11.820043	0.113567	1.292094
router	5	11.840008	0.079096	2.525388
router	5	11.860005	0.075885	2.417373
router	5	11.880006	0.076566	2.578577
router	5	11.900038	0.108776	1.398262
router	5	11.920042	0.112775	1.345015
router	5	11.940034	0.104378	1.535275
router	5	11.960043	0.113609	1.635932
router	5	11.980046	0.116255	1.545899
router	5	12.000040	0.110218	1.338391
router	5	12.020042	0.112283	1.444599
router	5	12.040044	0.114284	1.306282
router	5	12.060008	0.078967	2.238325
router	5	12.080042	0.112579	1.298954
router	5	12.100040	0.110957	1.336197
router	5	12.120037	0.108078	1.342910
router	5	12.140037	0.107393	1.306945
router	5	12.160002	0.072801	1.603767
router	5	12.180037	0.108033	1.341227
router	5	12.200002	0.072311	1.306640
router	5	12.220035	0.105797	1.333600
router	5	12.240048	0.119143	1.296142
router	5	12.260046	0.116737	1.811283
router	5	12.279999	0.070085	1.333508
router	5	12.300042	0.112303	1.249225
router	5	12.320036	0.107094	1.284838
router	5	12.340039	0.109953	1.249066
router	5	12.360013	0.083337	2.635913
router	5	12.380006	0.076938	3.160268
router	5	12.400007	0.077159	3.181504
router	5	12.420007	0.077335	3.166831
router	5	12.440007	0.077487	3.042417
router	5	12.460009	0.079352	3.063680
router	5	12.480009	0.079706	3.144531
router	5	12.500006	0.076832	3.137659
router	5	12.520005	0.075654	3.135888
router	5	12.540004	0.075055	2.826776
router	5	12.560005	0.075978	2.915861
router	5	12.580003	0.073395	3.196987
router	5	12.600007	0.077678	3.150322
router	5	12.620011	0.081258	3.079054
router	5	12.640008	0.078777	3.034489
router	5	12.660008	0.079037	1.465635
router	5	12.680000	0.070572	1.423924
router	5	12.701475	1.545919	1.308926
router	5	12.720009	0.080006	2.976757
router	5	12.740007	0.077651	1.511563
router	5	12.760036	0.106215	1.529926
router	5	12.779999	0.069787	1.307768
router	5	12.800035	0.106149	1.296764
router	5	12.820042	0.112570	1.414768
router	5	12.840004	0.075085	2.517542
router	5	12.860009	0.080017	2.440870
router	5	12.880008	0.078414	2.493303
router	5	12.900037	0.108097	1.486089
router	5	12.920037	0.107748	1.328791
router	5	12.940040	0.110563	1.293743
router	5	12.960002	0.072952	2.832571
router	5	12.980043	0.113994	1.296076
router	5	13.000040	0.110430	1.293090
router	5	13.020015	0.085854	2.713748
router	5	13.040005	0.075483	2.735016
router	5	13.060005	0.075303	3.196072
router	5	13.080011	0.081739	3.210990
router	5	13.100008	0.078972	2.889760
router	5	13.120010	0.081101	3.106918
router	5	13.140009	0.079620	2.654770
router	5	13.160013	0.084147	2.737979
router	5	13.180045	0.115354	1.490183
router	5	13.200003	0.073967	1.309588
router	5	13.220042	0.112384	1.326853
router	5	13.240044	0.114333	1.474826
router	5	13.260007	0.077290	1.443527
router	5	13.280006	0.076790	2.959675
router	5	13.300006	0.076503	3.025996
router	5	13.320007	0.077891	3.042389
router	5	13.340006	0.076202	3.072175
router	5	13.360038	0.109040	1.374298
router	5	13.380037	0.107766	1.297048
router	5	13.400036	0.106864	1.297093
router	5	13.420042	0.112410	1.315616
router	5	13.440031	0.102008	1.471783
router	5	13.460019	0.089783	3.139916
router	5	13.480010	0.080440	3.191937
router	5	13.500010	0.080372	2.898789
router	5	13.520006	0.076386	2.854997
router	5	13.540003	0.073582	2.977106
router	5	13.560054	0.124196	1.402784
router	5	13.580036	0.107052	1.298924
router	5	13.600040	0.110158	1.291795
router	5	13.620038	0.108816	1.304380
router	5	13.640026	0.096535	1.524236
router	5	13.660042	0.112910	1.488693
router	5	13.680037	0.107289	1.316216
router	5	13.700009	0.080013	3.144660
router	5	13.720005	0.075832	2.971282
router	5	13.740003	0.073238	2.768268
router	5	13.760007	0.078109	2.955016
router	5	13.780009	0.079245	3.013433
router	5	13.800009	0.079876	3.007488
router	5	13.820008	0.078480	3.001884
router	5	13.840013	0.083575	4.409822
router	5	13.860013	0.084043	2.852295
router	5	13.880010	0.080295	2.900416
router	5	13.900007	0.078062	3.280464
router	5	13.920005	0.075649	3.304772
router	5	13.940005	0.075469	3.296549
router	5	13.960008	0.078407	2.850685
router	5	13.980007	0.077557	3.336888
router	5	14.000007	0.077959	3.062574
router	5	14.020007	0.077215	3.292254
router	5	14.040007	0.078143	3.235208
router	5	14.060071	0.141806	2.887162
router	5	14.080009	0.079697	3.072363
router	5	14.100008	0.078591	3.017256
router	5	14.120010	0.080168	2.960217
router	5	14.140006	0.077046	3.147060
router	5	14.160005	0.075518	3.147500
router	5	14.180005	0.075645	3.177375
router	5	14.200007	0.077439	3.138806
router	5	14.220007	0.078029	3.190306
router	5	14.240005	0.075315	2.811121
router	5	14.261440	1.510645	3.158766
router	5	14.280038	0.108228	1.328019
router	5	14.300035	0.105916	1.524913
router	5	14.320038	0.108487	1.347069
router	5	14.340034	0.104237	1.703138
router	5	14.360034	0.104704	1.325303
router	5	14.380035	0.105787	1.469570
router	5	14.400042	0.112286	1.317248
router	5	14.420041	0.111842	1.496091
router	5	14.440034	0.104624	1.882498
router	5	14.460039	0.110039	1.556605
router	5	14.480040	0.110654	1.340252
router	5	14.500039	0.109184	1.521986
router	5	14.520008	0.078774	1.529983
router	5	14.539998	0.068338	1.958696
router	5	14.560002	0.072762	1.332150
router	5	14.580040	0.110423	1.344093
router	5	14.602427	2.498151	2.342561
router	5	14.620050	0.120915	1.335581
router	5	14.640033	0.103752	1.555963
router	5	14.660038	0.108954	1.338108
router	5	14.680044	0.114340	1.326595
router	5	14.700009	0.079790	1.771250
router	5	14.720006	0.076509	2.748876
router	5	14.740000	0.070697	1.346142
router	5	14.760035	0.105979	1.383880
router	5	14.780037	0.107579	1.384299
router	5	14.802447	2.517226	2.753028
router	5	14.820038	0.108338	1.439437
router	5	14.840009	0.079788	2.638954
router	5	14.860008	0.078669	2.633588
router	5	14.880010	0.081047	2.576334
router	5	14.900006	0.076822	2.687379
router	5	14.920010	0.080674	2.704657
router	5	14.940035	0.105557	1.397373
router	5	14.960007	0.077669	2.934979
router	5	14.980042	0.112421	1.355649
router	5	15.000036	0.106774	2.127449
router	5	15.020044	0.114414	1.393241
router	5	15.039998	0.068838	1.440585
router	5	15.060044	0.114250	1.429157
router	5	15.080039	0.110005	1.347546
router	5	15.100037	0.107619	1.390538
router	5	15.120035	0.105416	1.330525
router	5	15.140039	0.109824	1.304312
router	5	15.160009	0.079179	1.348953
router	5	15.180037	0.107986	1.311431
router	5	15.200010	0.080986	2.864375
router	5	15.220035	0.105764	1.523466
router	5	15.240041	0.111765	1.300523
router	5	15.260043	0.114152	1.501118
router	5	15.280045	0.115864	1.314083
router	5	15.300038	0.108585	1.319837
router	5	15.320039	0.109750	2.561434
router	5	15.340037	0.107446	1.350716
router	5	15.360049	0.119392	1.305278
router	5	15.380035	0.105264	1.326067
router	5	15.400001	0.071685	1.297111
router	5	15.420042	0.112171	1.311320
router	5	15.440040	0.110823	1.294847
router	5	15.460025	0.095939	1.677724
router	5	15.480036	0.106985	1.277850
router	5	15.500048	0.118400	1.268000
router	5	15.520035	0.105707	1.291981
router	5	15.539998	0.068943	1.301455
router	5	15.560005	0.075481	2.938524
router	5	15.580026	0.096775	1.289791
router	5	15.600044	0.114816	1.288842
router	5	15.620034	0.104579	1.344177
router	5	15.639999	0.069734	1.347520
router	5	15.660005	0.075236	2.957811
router	5	15.680006	0.076195	2.876154
router	5	15.700005	0.076103	2.896249
router	5	15.720005	0.075533	2.913262
router	5	15.740018	0.088844	2.915294
router	5	15.760003	0.073481	2.873712
router	5	15.780003	0.073287	2.895265
router	5	15.800009	0.079931	2.861334
router	5	15.820004	0.074986	2.747815
router	5	15.840008	0.079117	2.750930
router	5	15.860007	0.077306	2.779885
router	5	15.880005	0.075456	2.774114
router	5	15.900003	0.073710	2.774687
router	5	15.920003	0.073698	2.750607
router	5	15.940003	0.073606	2.769463
router	5	15.960003	0.073892	2.768146
router	5	15.980006	0.076548	2.824531
router	5	16.000009	0.079295	2.786523
router	5	16.020006	0.076743	2.758351
router	5	16.040052	0.122364	1.400429
router	5	16.060041	0.111419	1.288336
router	5	16.080002	0.072438	1.539508
router	5	16.100004	0.074517	2.664616
router	5	16.120000	0.070449	2.650369
router	5	16.140002	0.072411	2.668378
router	5	16.160006	0.076817	2.790476
router	5	16.180015	0.085974	2.876780
router	5	16.200003	0.073195	2.771945
router	5	16.220010	0.080588	2.837113
router	5	16.240014	0.085075	2.864245
router	5	16.260054	0.124689	2.932552
router	5	16.280005	0.075696	2.878860
router	5	16.300001	0.072106	2.882272
router	5	16.320003	0.073497	2.873434
router	5	16.340008	0.079035	2.944754
router	5	16.360007	0.077253	2.969796
router	5	16.380005	0.075222	2.916820
router	5	16.400004	0.074232	2.883662
router	5	16.420006	0.077000	2.959181
router	5	16.440012	0.082157	2.914444
router	5	16.460010	0.080589	2.957941
router	5	16.480014	0.084524	3.047656
router	5	16.500012	0.082239	3.027228
router	5	16.520009	0.079192	3.442024
router	5	16.540009	0.079285	3.392298
router	5	16.560007	0.077409	3.083909
router	5	16.580006	0.076220	3.140246
router	5	16.600007	0.077314	3.056964
router	5	16.620007	0.077996	3.110628
router	5	16.640004	0.074909	3.063786
router	5	16.660004	0.074533	3.106679
router	5	16.680002	0.072158	3.063422
router	5	16.702426	2.496399	2.094346
router	5	16.720014	0.084989	3.710418
router	5	16.740426	0.497008	2.708344
router	5	16.760007	0.077473	3.268081
router	5	16.780009	0.079340	3.214679
router	5	16.800013	0.083293	3.132355
router	5	16.820009	0.079368	3.131839
router	5	16.840005	0.075987	3.167221
router	5	16.860005	0.075208	3.194140
router	5	16.880008	0.078966	3.224832
router	5	16.900011	0.081958	3.186949
router	5	16.920009	0.079463	3.158802
router	5	16.940006	0.076667	3.188205
router	5	16.960005	0.075515	3.148107
router	5	16.983439	3.509239	3.178665
router	5	17.000008	0.078564	3.126142
router	5	17.020007	0.077516	3.067828
router	5	17.040003	0.074098	3.057625
router	5	17.060004	0.074807	3.000964
router	5	17.080004	0.075041	3.019995
router	5	17.100008	0.078290	3.013532
router	5	17.120010	0.080878	3.029515
router	5	17.140005	0.075970	3.024132
router	5	17.160003	0.073305	2.991106
router	5	17.180049	0.120032	1.454204
router	5	17.200047	0.117460	1.413998
router	5	17.220003	0.073973	1.673478
router	5	17.240042	0.112744	1.711986
router	5	17.260041	0.111349	1.600145
router	5	17.280026	0.096359	1.462891
router	5	17.300009	0.080121	2.662021
router	5	17.320050	0.120501	3.050427
router	5	17.340342	0.412510	2.628116
router	5	17.360429	0.499173	4.874422
router	5	17.380028	0.098814	1.617122
router	5	17.400002	0.072680	1.517810
router	5	17.420053	0.123743	1.588869
router	5	17.440040	0.110369	1.730255
router	5	17.460044	0.114858	1.417652
router	5	17.480037	0.108038	1.409552
router	5	17.500039	0.109846	1.408148
router	5	17.520045	0.115900	1.501276
router	5	17.540004	0.074176	2.115399
router	5	17.560042	0.112762	1.432935
router	5	17.580040	0.110755	1.418030
router	5	17.600038	0.108779	1.437353
router	5	17.620028	0.098361	1.477502
router	5	17.640037	0.107176	1.919116
router	5	17.660012	0.082253	2.998249
router	5	17.680009	0.079555	3.032833
router	5	17.700446	0.516681	3.101247
router	5	17.720011	0.081217	3.012506
router	5	17.740085	0.155641	2.126575
router	5	17.760039	0.109511	1.489627
router	5	17.780043	0.113264	2.225842
router	5	17.800040	0.111017	1.493168
router	5	17.820037	0.107882	1.544313
router	5	17.840010	0.080549	3.265258
router	5	17.860011	0.081885	3.583707
router	5	17.882428	2.498827	3.280666
router	5	17.900017	0.087317	3.203126
router	5	17.920010	0.080619	3.554218
router	5	17.940011	0.081284	4.806857
router	5	17.960040	0.110997	3.489738
router	5	17.980015	0.085282	3.023433
router	5	18.000043	0.113195	1.483000
router	5	18.020043	0.113857	1.470119
router	5	18.039998	0.068402	1.617186
router	5	18.060035	0.106047	1.519632
router	5	18.081429	1.499874	3.352055
router	5	18.100039	0.109892	1.744067
router	5	18.120043	0.113764	1.483553
router	5	18.140017	0.087260	3.435230
router	5	18.160013	0.083622	3.669834
router	5	18.181131	1.201351	6.551755
router	5	18.200014	0.084486	3.338421
router	5	18.220175	0.245328	3.098383
router	5	18.240673	0.743718	3.310974
router	5	18.260015	0.085716	3.440663
router	5	18.280014	0.084738	1.917156
router	5	18.300018	0.088528	3.720880
router	5	18.320015	0.085737	3.709000
router	5	18.340016	0.086545	3.734969
router	5	18.360014	0.084764	3.792946
router	5	18.380011	0.081482	3.749292
router	5	18.400016	0.087009	3.391625
router	5	18.420048	0.118446	1.552301
router	5	18.440045	0.115187	2.059859
router	5	18.460044	0.114396	1.695620
router	5	18.480010	0.080827	1.507628
router	5	18.500428	0.498253	3.315753
router	5	18.520429	0.499608	3.557948
router	5	18.540014	0.084225	5.559367
router	5	18.560016	0.086719	3.594590
router	5	18.580015	0.085361	3.587180
router	5	18.600017	0.087386	3.625571
router	5	18.620018	0.088641	3.592458
router	5	18.640016	0.086349	3.573965
router	5	18.660015	0.085922	3.440309
router	5	18.680011	0.081214	3.604771
router	5	18.700012	0.082601	2.701475
router	5	18.720605	0.675232	3.761823
router	5	18.740028	0.098762	3.855641
router	5	18.760011	0.081943	3.234105
router	5	18.780003	0.073272	1.608873
router	5	18.800016	0.087088	2.900190
router	5	18.820018	0.088299	2.919294
router	5	18.840016	0.086706	2.347036
router	5	18.860039	0.110094	1.707358
router	5	18.880004	0.074660	1.588113
router	5	18.900015	0.085471	3.162533
router	5	18.920033	0.104100	2.009203
router	5	18.940012	0.082984	2.700804
router	5	18.960014	0.084486	3.362904
router	5	18.980049	0.119678	1.516828
router	5	19.000039	0.109691	1.481506
router	5	19.020027	0.098068	1.504466
router	5	19.040002	0.072675	2.513741
router	5	19.060027	0.097380	1.670413
router	5	19.080031	0.101297	1.513938
router	5	19.100043	0.113657	2.088506
router	5	19.120033	0.103624	1.561551
router	5	19.142027	2.097783	1.499397
router	5	19.160043	0.113729	1.681041
router	5	19.180014	0.084450	3.221715
router	5	19.200038	0.108403	1.415251
router	5	19.220045	0.115511	1.474947
router	5	19.240046	0.116320	1.606900
router	5	19.260007	0.077359	2.077712
router	5	19.280037	0.107867	1.400837
router	5	19.300038	0.108516	1.489965
router	5	19.320037	0.107977	1.454999
router	5	19.340039	0.109627	1.442827
router	5	19.360004	0.074918	3.055185
router	5	19.380005	0.075263	3.280479
router	5	19.400005	0.075396	3.105285
router	5	19.420010	0.080782	3.351820
router	5	19.440048	0.118374	1.412828
router	5	19.460011	0.081711	1.564001
router	5	19.480036	0.106330	1.347496
router	5	19.500026	0.096635	2.773656
router	5	19.520036	0.106504	1.378783
router	5	19.540041	0.111804	1.508441
router	5	19.560004	0.074164	1.557585
router	5	19.580039	0.109192	1.387492
router	5	19.600034	0.104393	1.290841
router	5	19.620050	0.120471	1.355126
router	5	19.640042	0.113148	1.390016
router	5	19.660003	0.073984	1.665103
router	5	19.680013	0.084046	1.880870
router	5	19.700482	0.552951	3.812393
router	5	19.720038	0.108704	1.316545
router	5	19.740017	0.087592	1.486646
router	5	19.760008	0.079087	1.639158
router	5	19.780045	0.115348	1.480713
router	5	19.800041	0.111728	1.344527
router	5	19.820037	0.107211	1.341892
router	5	19.840046	0.116192	1.322117
router	5	19.860012	0.082496	1.654209
router	5	19.880039	0.109159	1.298462
router	5	19.900425	0.495336	2.072523
router	5	19.920017	0.088149	3.741698
router	5	19.942122	2.192174	2.757692
router	5	19.960007	0.077727	2.529747
